20816
5050
1717
16924
18975
24046
20408
8373
28906
21573
5639
5707
27166
16715
4748
28272
12302
24278
23899
20540
16267
8260
7908
31399
29365
29188
24940
8246
32272
4696
5822
9690
17371
26456
9757
18709
29085
30267
5758
29022
7168
24530
10484
12487
19682
1621
30572
14301
14250
16482
27546
16591
2008
15683
8755
13779
32225
32368
3677
5830
20025
2644
29028
25106
30385
15444
31406
1237
32259
22030
9201
5696
20907
13790
7587
25149
13817
22183
24498
1876
31845
31952
12918
11215
29730
13452
17380
3612
18678
1375
7428
29812
17480
32478
2981
16314
9339
694
21583
9638
32378
28655
16505
22050
23956
4978
23804
4084
5515
457
31944
26782
31463
15911
21461
19330
30096
21160
15965
29770
8604
15833
2121
26759
29286
22907
18665
13464
3040
7812
9959
28622
17962
27239
6270
19406
3939
10645
29671
13110
8127
2884
25620
15235
13273
8815
5537
28210
16715
6174
12296
11557
22909
21223
28436
13897
11962
14261
28824
2678
28553
26568
2656
15254
27706
8189
15464
26122
15039
7504
4940
22857
19645
10911
3840
13258
11235
15281
25025
30245
20603
14710
6987
20853
17982
25488
5197
13568
4973
27411
11802
24346
5661
10889
15009
30022
19411
7994
8351
26527
14160
1962
4115
9078
22702
19298
23283
22845
27564
4083
17949
22947
24647
7993
26256
19969
16778
733
24284
20469
32422
31005
4311
9292
19013
9936
6034
7462
1052
10916
7563
26452
24767
30123
25380
18181
17338
3350
2388
1954
32733
6464
29853
8950
29143
26094
23614
25490
10503
14293
22953
1648
4750
7004
3127
8150
23209
4260
9499
18301
30782
14533
28565
20467
5812
26715
10600
3390
21000
17218
16269
28354
31005
17821
17193
28773
19028
24093
10941
9968
24157
32128
13212
27576
13645
16215
30627
27519
6640
4109
2852
7317
20320
29733
14115
24642
15574
21699
9157
21353
3009
30062
1797
4709
27669
30484
11177
29751
29414
3150
25716
32995
18229
17126
16286
10007
4362
1687
3713
29966
24259
16659
5525
22708
29867
15179
30878
11019
15054
9194
14116
2765
15628
24354
19748
19027
29037
940
19461
29877
14516
10506
32717
11827
19767
27408
29845
29651
5101
18082
28731
32332
969
13247
13398
19491
5958
8383
7279
5908
31812
13016
27758
14515
30226
28647
25426
16979
9676
13677
26149
19495
11495
8408
22319
16295
24074
19717
28011
8501
28703
2306
8247
7425
26539
27672
31567
23338
10842
27401
28412
24358
28895
21142
28809
30307
2810
19268
32503
31278
10714
19040
24562
26837
9382
5185
10499
6664
27479
13261
26886
4741
7112
2879
1503
15093
27920
25127
8809
32272
25871
5297
8367
4616
3143
18475
5215
28965
5101
18626
14715
17836
8768
29836
17234
19718
14618
22476
6063
30238
27333
24177
19024
16139
20751
16095
27801
5615
31393
498
1418
16671
17036
19520
17903
4740
17957
19615
19670
27201
27923
29672
4166
19605
14246
23034
15918
3843
18283
29697
10652
24753
22013
32760
6191
12815
3613
18796
975
16312
31493
11139
9371
17565
506
29758
22307
5984
6689
3323
13016
14078
13971
3134
25793
2737
5811
5296
8815
22805
28864
9576
18738
14985
10918
16234
32141
2776
5402
1133
24296
7705
23781
13026
9093
15571
9856
9009
12469
11109
2018
10822
844
16549
21654
1356
31826
20424
28688
12984
26107
27010
6721
23690
17625
14445
27241
14287
18769
31919
27693
32107
30028
27352
4841
24597
18990
29193
30535
9123
4876
11611
4881
14728
7962
1150
28483
1691
32866
16289
30821
13850
8892
4754
27927
15854
20218
25383
6894
30768
28259
20188
23934
30189
8803
13245
5048
28454
1152
16519
32631
29723
8848
20490
17237
17354
2857
5073
29379
27570
32346
20997
26713
5340
5784
14991
22122
8732
32251
6013
17884
917
939
23719
30518
25467
9621
23186
23035
4125
25186
6292
3639
18210
26537
6713
9303
17938
28771
5094
3901
17433
26528
21180
31892
14600
9081
23487
1889
5533
19526
1592
30939
20740
17425
5464
2941
28573
8778
5405
25689
26368
6075
32378
13999
831
20159
26290
17854
12651
7087
15877
14554
21337
4510
24974
30143
32933
20294
1132
29989
22776
6209
13344
17813
19335
3709
31798
12410
30684
8170
27944
13691
3033
31861
2687
20488
17146
10298
25659
15155
27354
32245
24437
10178
4345
13754
29251
6274
15804
17383
22236
22750
24757
9302
31228
16815
21029
26071
10378
16470
3519
2525
16505
21513
2735
3191
26860
30058
21723
10370
5533
7262
19305
11294
22911
22556
10369
29022
19618
11652
13908
20292
2391
12211
21853
5868
1174
1748
14310
28935
17820
22840
30415
12171
16600
19114
25483
26537
23048
1532
15211
26624
20896
1254
8223
24336
8555
2577
31098
17905
3188
33134
9333
25412
26151
15052
4983
31339
21684
12970
17363
31477
4788
23881
11410
17500
29711
10246
2676
20979
12829
9447
11569
25370
17163
5236
10756
29620
16513
16840
5994
6363
8577
25831
13864
5586
19347
32594
11147
15674
16159
26329
12531
29321
25370
29361
23699
24505
13284
32454
26482
13117
22897
14674
5301
31289
26792
28335
7713
27378
21512
18282
18908
13188
20369
11416
3443
8403
11234
18029
25121
12739
27807
18698
11855
27308
7701
919
26711
32008
11809
26002
22157
5999
19533
28262
4224
29126
5437
15168
9597
27059
3402
10014
3157
17235
11884
12585
16480
25136
3421
7492
12226
3693
23035
33509
24301
6724
16111
15907
25960
31667
25740
30481
10190
11889
6905
13131
29465
29223
28563
9678
23840
14557
12685
12557
3679
22962
10713
20289
22775
23505
2636
21760
16629
28064
22525
16913
22999
23611
21742
5247
7501
7968
11502
20972
7996
19500
27069
15144
17160
1990
29298
24066
22035
17754
6682
31070
13185
27657
33186
26504
21823
13214
20727
33480
30275
19908
2923
14391
10773
12151
33627
15568
3470
3769
12558
6346
29919
26758
28897
32038
15062
8969
27809
6020
5469
8208
13369
22586
4932
21438
18829
24231
10048
13183
9125
32709
25651
4417
27918
6910
20141
14050
33149
12609
26547
21988
28342
29268
21696
8040
31916
13420
18698
6234
33002
2555
5126
32233
33073
27081
31022
20026
26979
7494
13570
18781
22687
26911
21325
32384
18862
9231
15017
14690
6814
12280
4421
25611
14252
2354
24294
12475
28008
24610
4140
8224
9747
28943
16151
14283
5708
3634
25801
31973
7404
4108
22670
1822
23086
8189
16409
16359
16915
4369
21777
8673
11780
15133
9164
3221
12729
3083
10074
32869
14171
17266
26309
22210
9957
3178
30615
19104
7376
27038
2461
25895
29679
10146
24555
8876
9880
18823
23328
25567
19204
9133
30955
32582
12024
6361
27854
1770
22181
11655
13858
5712
25294
25986
22364
15530
8744
8113
4750
22351
20998
25652
20273
28777
21045
22704
3361
30189
20517
20198
2281
23761
11594
8587
30017
1145
9410
21331
28117
28274
29752
9296
1864
7778
3080
4474
8313
13887
2724
29327
22789
8896
1846
10781
20749
27665
28551
7132
5689
32459
32031
23874
25084
33059
1454
21586
3354
2146
10922
14517
23656
17045
11322
11019
2771
26757
25427
22147
13476
3049
10016
20649
2051
5595
8616
11136
24249
2441
22443
28113
9530
24365
26572
26050
13026
2879
17654
2474
30591
1512
28664
23332
8720
26299
29810
32867
9420
26784
11509
1989
14950
27152
4710
2474
20624
15752
6819
7302
31678
24119
27241
20277
22572
23802
24182
7567
31778
6539
12266
4925
24439
7158
14323
4299
23636
8780
5801
26365
11578
13978
16695
15463
3142
24860
15164
28984
22452
19119
32625
30039
24483
25477
23435
17585
16663
25116
17251
32209
29252
11889
24404
18097
25610
3441
23012
29647
23740
8368
12455
9604
28709
3677
3169
20369
14541
25974
25707
24315
13944
4664
29016
29210
30192
30426
13015
22252
26116
31866
3291
17327
32209
12376
16378
32174
6208
16706
16659
25179
10448
29007
13364
1694
11670
20432
3771
24685
33410
20356
9403
11933
31203
3339
9633
4855
24109
22941
19479
4751
16634
24060
17704
28753
15184
27047
4773
5597
33570
16977
27848
32405
31257
1937
26392
22771
6548
32475
23692
21025
24557
23471
26355
16323
8958
22544
26003
7191
27619
12600
22289
2113
16386
23690
2705
18656
31561
2248
27677
28901
8119
16262
28747
11941
15902
15071
25370
28461
23591
17254
7710
19413
31638
10847
27101
30232
9935
13360
3704
5538
9881
1810
22414
19627
17699
29196
3933
22148
16965
8226
13610
29807
23815
3018
29411
7348
5735
18079
5636
8177
4439
26969
4023
14514
13318
16381
16447
14657
28256
1617
4502
19392
18904
18579
9557
30836
9829
15466
6613
26212
18634
9757
10900
2595
7707
7683
12250
14058
22653
19003
16796
17897
18733
24732
33184
18399
7108
34031
20706
29929
22201
22364
29751
20119
17703
18211
27696
10309
11728
32141
33857
2473
31587
29985
23842
8104
14842
4378
30326
12142
3559
18713
31659
16317
1968
15640
22561
27781
31064
17823
22158
6326
12512
21562
20385
29266
15374
14378
11237
31942
6509
7003
15593
5498
31381
19350
12702
9895
31660
9208
10752
31849
29741
10915
11768
28693
17640
14003
2945
24012
18251
12916
24587
6224
16863
19922
20764
20247
1557
13584
14397
6814
6979
8125
17940
8960
6890
19428
24782
5319
8762
14724
16832
22530
31960
14911
5709
15768
27870
10582
10250
5851
13348
24533
20512
27488
17086
14603
14834
16655
11973
15165
14592
10870
22875
14492
13835
3938
25833
31859
30587
25521
24747
22693
18685
16482
19823
10071
18032
4846
24473
5354
19970
22235
8811
17964
23958
3470
24707
11983
24426
26721
30117
11290
10742
22773
28091
14302
14103
31690
5402
18348
22124
4364
24071
11333
24320
30640
16250
34130
9258
24256
28962
7509
12722
8435
10408
16864
4917
32385
15416
27653
10955
10549
20030
19725
23270
22212
26221
4972
1918
19805
7174
31733
12907
7809
13655
33611
14098
33813
24706
19352
26947
5046
27007
2689
7010
15436
4452
4953
20421
16866
27364
20884
6494
11189
24598
18303
28570
22666
17784
25903
31112
11589
7732
19383
5182
4536
30114
20639
6265
12217
29197
21905
9091
10359
33978
18516
26458
13326
23334
24319
17934
24408
30096
25702
15467
23558
1719
10457
24536
5872
32997
27406
29567
2218
29740
19803
22702
29784
8688
11048
24189
2243
27046
25253
13490
6060
29402
26296
34273
22368
14455
11578
31960
25228
22851
19810
14650
27219
20905
25217
30569
20126
33467
1776
28585
4275
10871
31559
12419
21514
12617
19920
30824
24923
28882
5692
21143
24572
22504
6548
31553
14698
4062
27250
20202
23334
1797
22896
18706
19138
33906
18913
22037
16443
10498
16063
31824
14985
33180
13285
8325
17013
3766
6014
27008
20395
25883
30654
1787
33808
19435
14544
24512
12629
31715
26383
27405
23757
25566
31096
14652
13691
5788
6239
28579
12400
17859
15458
15290
16212
28195
14748
33147
21826
6462
2843
18703
11737
22536
29331
12198
2703
23275
16467
24487
23113
19214
22393
21513
32553
18647
16994
27392
9895
13231
27493
3037
26596
7941
19905
25647
7226
6293
13011
32815
9752
9194
20365
16987
6669
3873
22051
32352
32290
34033
20487
15165
4973
32744
21528
24742
24035
33527
27927
21414
24174
15153
17498
18057
13120
28368
25796
16377
4710
23929
10740
7527
21152
30145
12221
5293
30320
33775
21974
30961
28017
15875
11219
18124
32746
20728
22868
15275
6307
21319
22141
31862
24823
16556
2214
3952
25387
25388
5971
11615
9982
19799
3430
11756
31873
18891
6803
4940
26921
25593
2325
31008
27427
28204
15263
27290
34535
10439
18326
25570
21264
28365
32637
33464
30315
2983
33201
10842
19534
7714
8022
7848
9003
11448
12177
23174
18788
20240
8951
9602
23649
4296
27462
11447
3553
29041
2899
8944
21389
9691
25412
11281
13523
32403
3327
6067
10993
6059
23779
12047
18256
13753
23221
6685
5140
29730
18141
8189
25329
10393
32722
18069
32320
8162
23507
5500
28754
6108
19160
32790
21764
6846
21704
15105
27027
8097
18412
32944
20146
5183
11172
2390
12506
13306
19288
14854
19170
20512
28082
20248
30415
28013
3082
34254
16621
23249
7714
2360
12575
9588
19988
9812
15987
3576
10376
2938
8441
25342
7466
5879
30166
25835
25436
30969
27028
5868
5927
11435
23740
8503
8824
3232
13991
10388
18057
34421
23185
16156
22941
12722
29423
21057
3312
19954
34562
14863
20206
27716
3757
19890
7587
18384
30852
8503
23923
4542
22053
20631
2059
13395
8907
31729
18327
20829
22560
22807
21045
32722
17747
32332
6570
3252
23659
19020
9045
17207
27099
3469
7265
32806
27222
22725
32318
5251
29412
5292
22353
15214
24374
18179
3050
10055
14902
10453
9079
27159
5347
29181
30200
15660
16220
32232
19891
27652
6202
11676
20777
26221
26147
11001
18760
15849
28573
28991
6114
4695
17695
16081
29278
12752
29038
21561
13486
28624
33831
9323
24705
30614
10903
23118
7353
7629
19155
22392
18719
30059
21765
4153
31317
11226
16133
26844
29197
28758
24105
30761
26489
27286
4957
21295
13314
33966
32118
17984
14397
3124
9667
7996
3355
28321
23269
27923
21856
5371
11745
22661
17238
8881
17780
31276
9922
7111
31655
20925
5911
13874
31138
17035
3562
23174
17861
14668
34214
6094
30709
24352
28801
3771
2100
32207
7086
6146
27509
31058
21204
10751
29358
33430
22464
16798
8238
26492
33367
21115
26417
9252
7374
33352
2482
6507
20509
13168
2176
3250
13488
8953
22932
21730
23392
7599
22690
22700
25251
4223
9710
16918
27647
30753
26465
2867
34245
29690
8156
18481
23803
32832
4300
21146
19354
7007
23039
14803
5882
23195
19382
7401
29322
12791
7931
20876
6852
29526
34868
31836
7264
18657
22521
32356
7112
11944
7715
23524
12493
12172
33573
32852
10904
26972
19360
33701
20451
7230
14897
21706
28521
18769
17294
28023
21658
9360
18641
29481
29844
24058
19475
26982
26447
34288
21309
22854
33047
4318
27931
4658
8256
15901
3250
26604
33557
26136
11988
4559
14865
29614
32241
3929
2642
3288
26672
13798
21578
11916
23486
19390
21176
16353
7526
21586
17878
24691
28003
29123
24276
30217
28274
32676
32646
15733
33579
19201
8794
25276
5520
2976
32396
25719
31975
33414
15517
18041
30149
25021
20225
22450
24684
24917
17176
3923
14678
9641
7775
17715
32786
23268
7144
18802
32847
10691
24071
8028
12599
27036
26703
24464
7934
13215
30140
34145
4794
15196
32562
11132
27765
4229
34342
31691
25472
11765
30619
22170
8459
31218
15185
29945
26867
7087
17209
2657
17627
18965
12075
10650
25982
30659
22747
28891
11843
32852
23562
16692
7955
15072
28409
34089
4199
5573
7971
19104
30117
8103
17963
13309
6572
8629
19220
33931
2477
12078
33712
19486
8766
20004
19035
30198
29353
7553
7145
16103
27274
7239
20956
22199
34201
30236
19674
12488
27076
30981
9055
18422
11137
6258
10416
22979
11362
8571
24592
23730
18409
33897
12341
13808
17055
22392
27389
29241
12128
30427
32094
34298
16121
26113
23451
22707
11765
22039
32190
8096
17587
30158
32834
19352
7612
28254
15632
3637
9812
12747
28845
14901
3407
32358
16305
33568
5158
15256
12411
24619
30282
5083
27939
5725
23224
28681
25008
11760
33742
14297
2699
22266
12637
31654
34612
33101
26879
27507
17716
11163
6315
16173
22355
11742
18310
29743
19722
33526
18684
33804
7739
21908
9744
30856
32544
21592
12528
32999
12418
4406
30413
27755
8235
28702
33769
11800
28061
26844
11762
19898
9988
8253
22670
27177
21098
7283
26679
12492
5930
6330
22345
28252
7079
15420
8537
7402
27453
14386
30921
4900
30840
4429
31385
14548
3972
6228
21632
25769
19685
22030
4412
18234
27752
28258
32550
34632
33882
16061
25865
29507
33015
15284
31028
27664
29733
20971
20174
27914
3427
20021
11626
21831
19964
4348
34523
22044
19840
4324
32586
10979
8820
28843
15238
32251
17225
11348
27034
7953
29579
8580
14245
28318
4443
30508
11494
8881
22303
10344
6423
18671
25976
13991
3580
10712
10613
18189
5947
29004
29446
12053
9326
16461
20403
13435
22903
3078
32141
33881
14611
28172
2661
9616
23987
18917
29501
27241
13447
27591
22524
9596
28379
33953
5990
9681
7590
10080
26442
15942
11104
11115
15613
23600
10261
6255
6664
28997
7096
32610
4382
13498
21177
25794
5969
32680
22745
8222
30085
18612
5694
21720
28196
33519
17090
26665
27411
25595
9105
6245
18405
21872
18163
6529
3151
5501
12902
23250
10972
19155
14064
23063
6114
4030
24499
10170
19637
14485
11970
32851
2842
22869
7219
8046
29951
20105
2934
12174
19561
19821
10981
31602
28589
16210
29083
17558
26083
27716
12170
25341
3992
14571
25544
4654
20419
31663
19754
3965
16634
11551
26900
28043
19174
30612
21647
16656
11253
27153
17308
2776
19278
21102
33481
33548
26378
33462
14081
10675
29345
34253
20392
16504
14754
34646
24296
4526
6824
29395
19525
10385
28297
3598
5496
24271
28624
4793
4474
25415
13934
2897
27103
7696
7084
30536
15973
5565
6756
31330
9933
14815
32625
7008
34537
14028
32356
21980
26871
13983
32376
33652
21037
13184
13257
24618
17813
16166
22720
11787
26907
25497
7122
15375
32997
33085
5482
21569
13538
19980
23075
21791
21670
23075
32059
31300
3445
15744
5957
6212
18077
21258
9501
20440
6153
9425
21281
31803
3860
28056
34974
24787
13723
21393
18313
23060
3926
16487
13424
5538
33128
31361
23215
5557
22580
25478
32999
33730
24435
32796
8620
5720
16515
11510
23678
3656
6914
9485
29435
3848
2972
15661
9810
22105
5409
30900
35067
5928
8155
23447
6310
31666
33566
7589
13425
4844
19744
8976
17245
11554
15627
24105
7939
27614
9041
32363
5763
35083
7232
4283
7614
6490
22742
29934
31941
19941
27094
19596
5008
30995
16667
18131
34292
23227
23853
28159
25551
30604
21266
22985
8582
32684
10855
27438
29873
34975
16303
30065
26900
7787
8426
30819
16850
28665
6250
20450
31453
6847
23010
31904
32433
22940
34240
27174
25666
6915
30396
22040
18738
16988
3505
15546
7240
6311
28588
28339
27678
12387
27203
13329
3609
16558
29225
8334
12702
15277
28671
32017
13187
9262
20332
27256
17860
26252
33903
8597
16248
14547
31476
29814
10499
17957
9382
29930
22668
10589
6405
25664
12978
31473
31672
20562
25466
30237
7460
33219
9100
31038
35133
8068
23968
25980
30876
11165
18483
8619
22483
15658
18302
17523
22781
7075
11176
10671
17305
8033
7995
30484
30360
31582
22997
21523
20660
21565
27424
22784
29444
18570
12803
31091
4557
20034
21530
28143
18332
35222
18788
24769
7825
33004
20540
25131
17406
21031
23947
26562
6705
19752
23867
23317
7309
6036
22255
31631
18912
15832
19185
6047
35056
21867
23403
24853
15191
5203
5595
24784
29329
33259
28865
19862
31572
9443
20890
19011
13087
21128
12050
20262
23574
33606
9078
17064
25357
20587
33640
34094
19427
32557
19670
29761
14353
15599
33325
10477
15234
28864
17865
30054
29606
17957
18865
26098
5314
21784
26497
18690
24970
35664
29863
33442
16625
15043
9938
12052
26176
29034
7336
22712
16229
32324
24248
17712
7566
18333
27823
7616
19447
22160
10958
30459
35072
15307
17307
31644
5507
12690
20951
16050
20068
7943
26289
30976
33898
24744
16441
13731
34381
31257
17431
12789
4368
5412
4733
29874
6800
29182
17754
24665
10846
11467
12241
17621
13514
31845
12777
13405
11328
20057
29830
8089
15576
25651
8600
32006
26152
22012
27794
32667
26461
7680
32542
8365
12682
4565
7694
33040
21567
27800
6806
25983
6238
20090
25529
21053
15658
21883
19458
35325
35745
13174
22388
29696
13324
25950
9667
11645
10708
28615
19653
19013
29079
17576
14115
34983
5499
13919
23380
31889
13250
7157
24268
30201
23455
35492
31088
9851
11336
18582
11598
19012
27213
23792
9867
22574
32552
24847
22428
32044
5909
30481
9657
26345
20772
35224
14735
8620
13708
14538
18486
3455
26178
6301
26722
11920
15818
9297
18397
23767
20558
35646
21813
5881
33517
15055
12722
31853
11605
18895
32650
13021
31124
10467
24664
15055
30251
15448
14283
30596
3684
17183
34459
28192
23782
12054
29122
32780
3207
21130
18920
9369
15201
34553
10015
26086
5160
12572
27856
9475
4539
17956
18933
26966
8440
13893
35209
16190
5333
24689
18237
27127
8364
29542
23661
27838
19671
24554
6482
12085
6525
16469
7801
16648
17323
22865
27252
32977
24743
6110
28623
10809
17281
12441
18246
3936
24810
17469
21044
33152
9545
11626
24911
11469
28940
23461
13203
27551
12092
24481
24956
21714
14933
3260
34936
35181
33620
21453
19100
34179
12049
15133
30358
30807
7631
6067
27619
26563
4370
27605
3906
8923
25521
3787
25448
18381
34859
33254
6645
24844
16702
5825
12455
23981
18614
19143
28365
26897
22660
31733
22271
26052
18959
23265
24845
4005
16335
15868
4149
35143
3351
14868
14745
22680
20530
9245
3824
5824
29362
24624
16763
22348
33797
8660
20794
35468
8777
33149
23649
24377
25953
35666
33542
26459
32841
11059
13084
33898
36006
6651
28836
24244
13474
12290
28194
27646
12022
16615
35150
18798
16712
25740
32781
27817
15544
20833
29087
28728
10422
11238
32794
32560
4118
28523
9751
9234
9318
21530
5291
32496
11135
22072
11673
9937
27482
17064
28101
14935
34853
27825
23532
25503
34966
28929
20371
21353
29824
10737
9277
30585
16804
14602
11489
28733
33481
18888
31643
35247
36111
29087
20898
15229
34688
20796
19322
29799
6376
23309
7531
13545
10214
25347
29745
15643
24900
23447
19957
20949
30852
25611
24444
23830
22203
35826
22943
28071
11171
28658
8955
23035
5355
5065
23017
35418
20433
7566
12977
11839
10483
22073
34298
24830
7778
4966
9093
33193
26617
28246
15643
16949
23021
27703
32196
12761
21924
31653
8506
18103
15563
27504
8093
10942
6819
16032
16744
20431
30619
33206
12196
3870
35620
34101
21596
22492
16321
8545
8016
12563
15709
26439
33517
4817
28130
25341
15741
23176
12295
21291
17052
24245
11370
31178
22763
26048
32990
27180
16392
33827
13830
30781
29373
9679
13091
11528
22903
18123
9258
25725
33018
7967
34330
30833
10580
17904
19852
7398
16655
4076
23435
20877
8363
11497
13479
35977
6732
18632
11845
33398
12719
13216
34361
12202
4194
21785
6295
34490
35381
28437
10181
26688
17900
29590
27349
18396
24118
29148
22034
8825
3811
24269
20953
10706
16977
15514
21419
18740
4903
26016
36223
26501
5702
32396
10077
35461
33021
21443
14120
16212
32636
9729
27324
27701
20364
10815
6201
28561
29565
16603
10397
12351
4447
10227
4249
33538
21109
11537
19357
35155
22246
8718
36150
28001
4534
6448
7321
8023
8437
11414
3712
30685
30262
21718
20788
25569
25411
4836
16107
32151
24335
28982
10837
14014
5868
8229
6514
30758
8190
12695
8870
23151
23792
14299
8207
23571
27621
19412
11542
14503
12466
15962
8772
17757
20298
30941
33624
30414
10873
20811
5014
29686
15062
21812
33889
23168
20979
20525
29196
6212
7638
4466
8942
32271
32941
13519
15540
28578
4285
29376
25595
21757
21660
15319
31263
12509
4000
9054
27981
32899
12951
23870
20192
18615
17592
21279
9194
29709
22746
5329
9232
26215
25316
10218
23196
27067
33157
31409
24013
22550
4133
32315
4209
9953
5403
11220
8630
14180
24608
31137
16190
4232
27907
33411
11633
26081
24223
25917
14871
4075
9739
7898
15654
22932
10768
25673
7128
18171
33504
16203
33281
14712
7684
29327
17824
5340
24215
26906
10420
18938
36274
13549
27985
27238
12071
24802
28658
10620
36466
6616
15377
28324
6124
29455
20213
23765
21058
18901
31948
29528
35878
35939
11257
11215
4676
26626
23215
14709
33144
8818
8895
19879
35134
8843
12206
34212
12906
27685
23307
26001
32281
4918
25343
33984
28903
27194
28454
20273
24162
28632
22429
32857
35007
16322
25181
15139
26828
35549
27335
25397
12838
23202
10111
7028
26540
9156
33406
36298
5171
27666
14179
24615
31612
34720
11274
31429
22371
12577
14176
33713
30040
33176
19062
13191
18451
35632
12244
26492
16772
7015
21775
5282
35081
26738
21150
32872
25060
11741
9705
25184
21996
31859
20899
21318
30850
16733
22618
11581
21959
18574
17740
16731
25101
15966
14205
34408
32139
29812
8966
9443
24660
28138
15536
33862
33418
30380
17345
15756
21710
18977
7702
5871
23804
36110
31346
27894
35605
7863
27926
11439
23165
34119
14994
17209
4967
31089
17626
9862
16525
21848
20124
23391
11556
27308
35025
7337
32527
33814
7827
34790
16723
5591
13102
29439
29387
25004
34425
20288
27933
4596
13159
15780
14316
4116
15577
14419
7247
6683
23734
30057
35970
23458
18750
26361
13276
36343
25755
31826
17153
25466
35513
34944
19545
16966
29016
29206
17601
4628
20064
4139
31872
8541
14452
22691
9340
26047
30153
17328
13230
7074
11577
34967
16595
35099
11667
6072
9316
26641
16182
30153
30409
15262
13278
23650
16074
5303
10429
17342
25670
35344
11982
14784
15143
26426
19814
10804
14997
22286
4876
31832
13418
36175
10378
10650
8422
13195
6724
12708
21157
7490
19401
3990
9933
34635
18856
5266
34188
26226
28037
19326
18114
35174
34923
18949
20218
4563
34660
4831
30879
35019
17991
27987
7533
4714
34002
22010
21541
33978
12792
27845
13957
26068
33148
33857
17271
5448
32703
13850
12681
9407
6103
8415
17821
9183
16352
13060
33249
25455
16279
10029
16642
29628
17701
5546
4509
25147
15416
16189
26103
31343
7000
29988
27629
36365
7033
16979
8494
34911
36300
14850
30631
20710
17371
36711
7743
16707
15829
23237
16837
12888
4902
12197
23078
25770
18763
26723
22500
18441
36069
19181
17859
26228
33036
27336
12998
30263
6373
27732
30809
22358
12151
36176
12496
32814
20922
5792
29200
7514
28401
6990
8332
26836
25402
10448
28276
31836
4196
19593
23336
8990
30976
4754
18163
28303
4539
25017
28406
4760
15595
22730
25954
19702
9319
4366
23019
23521
26012
27154
18041
18411
17373
17065
21536
34092
21755
17204
35922
12188
23574
7457
10835
26304
18098
25522
8430
35977
32781
25088
10343
27513
36529
4671
26800
34823
12357
6723
5087
8517
26536
28995
34016
9408
12609
4830
13927
6567
20880
25435
9769
18224
29193
10549
30796
6712
32803
16343
28444
36394
33452
26532
35583
7457
22879
22330
26283
31569
6840
29176
9110
8611
33799
18366
31406
27551
12228
16883
17739
19599
34338
8653
4706
24545
7142
13260
7163
22734
29562
23688
12517
5433
21565
25261
26280
22490
11294
6724
10171
28059
12137
21812
29175
16962
10976
15624
22860
10321
15374
31218
8883
22570
25560
19216
35683
27255
10069
29679
36936
20937
13024
9038
18865
6015
13163
14116
12105
24554
23062
33252
22600
31151
15872
29951
35818
31852
36956
21674
13857
15006
22216
22755
5254
35522
8155
24494
12182
11194
26109
5285
29723
18547
5244
12719
33000
24261
25308
15632
31945
36250
31342
26786
35002
36435
6692
30305
8791
23911
11427
17965
35476
22093
33946
28876
33966
18077
13138
5167
33122
15474
11655
13558
35420
5138
12919
22838
33266
35025
10552
16505
35602
19762
26702
23814
11641
28240
7037
29283
35366
34428
15324
32025
13327
33576
20011
18359
33042
33284
23398
20761
26414
35174
22426
26602
14835
8175
27384
8040
23607
34668
20776
33127
14859
7930
17120
8601
7918
12398
7604
30220
15424
11507
15920
6388
29689
7413
16420
22443
15258
18238
6463
13046
11108
21343
16863
13450
36296
27474
24616
15823
33568
8285
10580
13283
36252
5945
27977
11490
6527
16244
32881
33381
21899
6676
30662
27976
28601
21373
27436
36529
35374
13461
12804
35405
31851
12069
19966
5597
13508
35203
30766
8690
19987
28014
33891
32756
11693
24121
36532
10601
15765
23084
10075
35956
5872
11047
28871
33180
12473
10888
25580
20175
26294
31823
11998
23463
27819
34176
24990
31468
33229
8649
23859
27993
30841
23653
14589
33187
26150
12352
4679
30135
36761
4956
31259
32067
25944
20851
30042
4473
9312
31198
17164
28176
28442
25781
23796
24459
29324
4920
26215
18109
27596
28525
32095
30093
8635
12043
8652
18679
9967
23959
10026
9299
30705
20941
25688
12762
18857
4673
5544
35942
7190
27974
9523
13945
25923
18447
19823
33409
26742
26900
18947
20570
36266
16823
35545
17429
19775
31528
7541
23032
33777
19078
16518
31685
17159
20551
21947
31552
28876
34521
9688
5611
19779
33929
11017
26132
12055
5285
21878
25873
36049
27613
32279
25291
9805
31727
31690
5753
25199
10884
36515
11438
13586
28500
5507
30358
8513
7569
16876
7804
11178
23683
15891
34192
20815
4976
31031
12008
22143
19646
36402
23492
33285
21595
30798
15638
6303
5469
35417
24130
11442
31462
23548
11554
5691
22603
8520
17229
9993
7285
8338
21657
28458
21639
14977
26334
9635
16832
14437
14077
35172
34468
21706
28449
20090
12118
12878
4677
27527
6473
13487
16631
23407
32279
28712
15195
10069
9649
8958
17522
19654
33721
27990
19100
21555
17452
15177
31068
11173
35652
5434
6236
6572
27805
19047
23473
23704
23958
10687
35167
18924
9978
15604
6176
33296
6624
14800
11105
35910
35791
7628
37006
28383
24102
10207
8591
6063
5307
9364
12435
10430
16323
16479
24844
32064
15602
21553
37370
31432
5091
24650
15725
33464
29113
10575
28997
6140
34823
11164
17725
36088
21229
22747
29224
19902
35460
21461
28282
6789
17276
7817
13321
18007
33540
28283
4885
19977
18922
6991
13958
23408
23300
23446
15734
35026
16590
17384
36335
30875
22100
15411
17654
5457
22355
24402
26568
36298
15259
30946
14947
24989
25015
5457
24392
37334
19664
22583
9344
18926
31183
36074
8669
5370
36802
9549
35970
29474
28545
6888
25509
25429
26257
26174
23188
13627
35144
32858
9206
14187
30770
8876
33364
5599
5300
14611
16856
31908
26863
14907
32596
21206
18151
23081
24709
8652
25317
19220
8602
31888
27930
32887
7152
31634
28292
10340
10784
8349
27926
20251
36155
14089
6931
24795
14164
33843
5563
32248
7999
23594
30505
21806
33177
28331
16252
30773
13064
24656
22837
24213
26564
33796
15584
35516
5207
18618
30711
34126
19361
12127
6915
8892
15902
23820
21252
18200
15980
7553
12819
7208
28423
27087
27462
28089
32088
18260
34260
8245
36334
4844
19321
30072
15883
35942
30236
5088
24162
13877
24752
33699
19231
23912
16216
5734
34088
24029
8910
27915
28834
30385
19205
36810
23736
17146
36109
19587
14487
10937
20536
20306
6589
24586
26235
10597
30580
15518
17430
14858
16281
4971
23159
11788
10402
19106
6748
35136
25824
20962
24889
28251
6912
18603
21977
6406
18392
26901
30791
15925
28001
35522
26863
18100
13055
21009
11009
6146
23305
24468
26134
24419
12677
5061
27414
4913
22579
15092
32857
7795
5070
13700
14604
27313
32398
28759
23511
15366
17393
16775
7356
4982
18875
32087
11843
35714
27195
22377
28116
25338
9169
25649
12132
10771
25005
20137
27732
17849
16857
5702
22933
15654
31866
26923
10513
34228
20563
28318
31302
16623
6282
5560
15924
8431
28591
15456
37498
26341
33786
17018
22460
12275
32980
23899
34631
33857
12697
16256
35832
23629
16797
26752
8794
36994
15725
12608
33806
26381
14679
26726
25200
13292
16684
37648
29815
16199
30020
9669
7133
26116
30915
18860
25984
10390
5403
33275
26889
7189
14034
17843
19403
29076
10118
24971
27374
34735
10542
13865
28876
14947
22178
9880
22939
25891
27998
19191
11085
19239
25730
15214
25780
23048
29982
34663
26602
31370
30637
11514
25584
25528
15071
9384
33173
9271
14236
21837
22425
21972
17989
33872
27155
12127
14653
5661
14608
26812
32936
13013
8829
9527
15218
9027
6983
22552
22931
31251
33728
22391
13202
23870
6981
37202
15176
33737
22302
5853
10727
15279
8357
29209
20283
35868
16042
31144
26159
18395
28183
5856
37522
9234
28112
12830
27675
10029
33245
14685
15019
33816
12747
29959
18387
13745
17999
7946
27030
28285
18989
28719
10864
12441
37464
6056
12951
8692
37211
20711
22144
28860
31223
35767
28325
23574
29966
23173
23686
13586
28352
6910
24813
27614
16083
36064
10103
32058
12376
19209
11088
21547
11403
23253
22846
29684
36092
17830
37601
32322
22764
28868
30521
27047
29178
10088
5224
31817
29695
35603
26297
24284
19510
24100
18658
23501
19360
23722
14726
7872
14502
6007
6654
34877
9217
34166
19033
27046
34007
16190
18081
15725
24614
6374
10592
12163
32614
36379
14179
35348
31338
13425
22718
23153
6280
10231
8977
25166
19705
9742
22793
10541
21122
19067
33577
16922
10836
8890
34250
6553
33330
35733
22624
24541
17873
36086
16896
25402
24452
10234
16159
28381
27673
19270
29853
33211
26109
24990
21506
29127
35751
11956
21767
20328
34100
28221
26712
7466
36175
26954
34712
12212
8532
30166
34469
18938
31925
5275
35358
18867
25500
8491
18211
30734
32978
18491
28764
21152
23263
14402
29757
24737
9331
16451
28808
26713
27652
20710
32531
6357
28345
37838
16331
31710
37511
36135
17401
17452
19354
31614
16068
19414
28918
27094
7927
22285
17502
10232
30213
28426
12660
7434
20555
26949
34851
10339
25236
28392
13882
33950
12514
6275
17497
24813
37484
29185
6673
9392
14051
31451
19783
37191
37113
30347
32985
13860
18980
8516
5765
27428
9119
7392
14342
17695
26803
10778
31615
14526
22068
33277
10013
24460
6990
25500
22520
37712
22402
10756
36923
21403
14827
32367
28805
10653
9670
31418
8335
32316
32817
20505
11022
5736
35635
17930
20699
10664
29181
9607
5969
18169
27247
25728
5622
31705
36830
9608
18270
29087
23317
24527
24909
29965
23449
17232
30748
7208
5682
11595
29022
32327
11430
16630
35267
12907
13000
30832
29244
34766
21681
16886
18527
11455
12878
32089
28174
14252
37915
28079
33875
18049
23853
29513
36239
10289
24182
8678
31444
17553
28485
34598
10383
13933
28428
13634
36458
19414
37990
26105
9840
24761
11608
18894
20338
18358
13527
22384
11946
13614
24971
12154
21663
24734
37331
26716
10568
20524
14601
22169
25460
33408
12807
9524
36714
27349
6890
21092
26828
29520
7702
25743
35777
31120
19578
27510
16722
31110
27925
8622
27413
23175
26040
16975
21001
37535
8462
26352
23746
37929
5595
33234
28870
14748
21377
18523
33590
9128
14280
8646
7345
15746
12766
28186
21621
23420
13981
14680
34503
10200
18957
12025
19094
20958
16938
24983
27227
13100
9959
15083
25667
24398
21362
10231
13712
20878
15546
21892
30012
11533
33071
37071
33248
17171
9672
8320
18133
21412
9291
10715
23705
15444
11977
30266
34932
35164
19559
11451
24411
7404
13157
21558
36884
24771
33880
12658
6299
13822
19130
21912
27333
5933
26277
28903
17443
8364
17372
15786
15657
29489
33291
5991
21391
9377
29264
37466
29688
13096
36345
10017
18130
11912
19088
18105
17533
35761
28437
27305
21679
22163
20106
30077
32023
13872
35765
30582
25408
30453
18977
11136
9657
36682
28774
16484
20595
21096
24490
16959
28778
17770
17512
14387
35463
19111
25712
19036
31173
5952
36399
33798
30868
9973
36145
34333
22907
8765
18404
15844
13056
27285
27295
29674
33484
16664
17378
18235
35851
15184
13792
26835
29970
31308
24890
11096
26692
22514
27918
15112
15414
32407
36912
37360
26385
7885
16311
31838
16696
14204
9916
16794
23339
9269
19294
17617
27308
26050
34057
12882
37664
22786
10233
36093
36151
20468
35321
12279
29135
16657
17521
6307
11286
32991
22431
36046
22255
14787
37669
28970
35224
5654
26564
25598
22409
20604
34407
28699
34719
7793
28771
27666
18041
10533
23805
22948
22563
34954
6189
22906
36081
29867
16033
34583
32174
8511
31493
20746
21238
30590
10370
8552
7137
8755
32388
27257
30690
8211
10689
27570
6126
20557
30327
17123
23264
11618
28660
7602
35100
10807
6492
8008
29554
25961
9127
20042
31046
9952
17641
7947
14830
23463
38102
28160
30044
33786
37509
32372
24573
18337
14196
20860
28128
9341
15309
26926
22811
27489
28647
19470
26475
32547
20240
23753
13082
35314
12170
23078
31526
7401
13267
6969
16031
28133
24873
23514
10065
10132
32590
11605
34723
32719
9609
24419
28607
34858
6381
30041
7667
27849
24541
31648
20055
38261
11984
20837
11697
23790
37458
14993
29589
21123
31308
19964
26577
14817
35460
37853
22280
15657
21607
26758
15004
34117
24071
30542
6097
11387
6752
25038
23088
16194
14047
26448
11562
16213
25125
8324
6398
23815
28680
9077
26333
23254
32474
9148
36939
20290
33262
25331
15816
14560
21849
34157
6320
6314
16118
7972
29792
34457
32941
36083
37530
29814
24564
28166
34603
37613
18069
20878
32458
36067
24754
27833
27972
36105
23559
27873
26326
16817
11376
14852
10458
21217
31147
15732
38311
32422
6750
32975
10162
20395
16476
14642
8185
8714
14884
37546
29601
27234
28075
20459
15581
29482
28763
37445
13075
33861
24667
24019
28218
10454
25361
11766
31111
34645
27877
11777
31048
32739
13896
27190
26640
34010
33269
36082
12052
25001
6263
31780
7637
25567
7404
27395
34047
6789
7944
13313
30865
8113
36445
36602
32063
8280
29401
30642
9493
38500
36496
22654
24412
26886
19643
19777
32705
26446
8705
37530
16564
20729
16886
30044
17679
24970
19938
22079
23800
37276
24771
38357
37384
33398
7317
31935
16045
18400
7376
29728
13516
33845
29235
8786
14251
35514
35776
16344
19727
31790
12552
14484
10657
37282
29096
27962
15510
35211
11796
10501
7823
27414
7571
8105
26558
37819
30091
34696
12619
17173
38399
9256
17910
6385
24406
21733
17917
14757
38238
31715
16960
36003
29584
20807
37539
18765
22166
30375
27572
17931
7946
24254
30606
15771
12673
23909
30205
32425
14280
29631
10210
14752
34669
11443
35289
24767
20865
7583
8730
20079
32669
24394
26013
9684
25123
37659
30850
8610
37830
18569
19887
17714
13901
22227
27067
9173
27795
32497
19723
12904
13779
27082
18746
22312
36386
22183
17854
11208
30781
36328
14281
9665
21637
27638
20846
6378
10568
6264
11269
18504
16450
15818
29136
31015
15716
21674
19167
15465
37588
22581
37168
25119
30260
30227
36891
19286
15143
36590
21229
36403
14097
6952
18132
8259
37407
18381
13307
31500
10632
24518
20981
28392
26386
21840
31583
6163
12759
32685
17601
10754
23625
24857
31414
34038
13172
35072
19277
18898
37763
26222
7854
24617
9606
7879
25345
8860
10866
15544
20363
9571
30569
19309
25370
19241
34620
12805
8612
7197
17711
25411
21803
37702
29948
13702
21987
22038
23578
30459
7575
35395
36926
37393
10825
15826
36643
22061
29721
38261
33671
14496
31336
13590
23414
8662
11324
38580
37834
6863
12262
17262
23795
28371
19939
8925
31988
38242
33537
21671
37550
30827
32194
18513
7777
27326
35589
34645
29552
25282
13795
25973
30564
19819
7896
35662
21044
36199
20003
36656
29636
31384
34159
36909
37547
30151
21682
34672
34873
25751
30294
17361
11705
10679
13975
17318
7923
27996
27180
24795
34293
18927
14377
33605
21523
12546
15140
19763
35885
7305
15766
30278
33328
24647
38277
18563
13279
12166
25440
29607
7892
11019
14379
10938
14273
35657
26331
16359
26364
15061
34052
12939
11835
29978
24241
25484
23452
15694
24979
25580
28136
16805
17247
37278
36376
32452
26481
30360
16920
14200
18357
7721
15564
38056
25799
21645
28497
33160
33113
33983
16261
38928
11478
10382
34761
12717
24900
32499
17413
28726
14447
31906
36845
21281
31812
10975
23171
11511
38523
26771
29405
36101
9081
16799
21033
29013
11380
20592
18158
21724
19672
24019
26005
28149
18153
13067
25127
12558
19370
21026
14168
27553
31230
34940
16069
35687
22798
36786
7802
26056
20970
12445
12215
37781
27763
7344
17140
13561
21368
29067
25890
12717
25631
6862
35380
18796
19591
34347
16606
34983
32171
24000
21404
30073
29834
15523
31479
35037
7813
37310
34052
18463
23816
9437
38445
37520
27756
29189
26419
30590
12828
20232
9332
10339
13815
36694
21098
23389
19190
6678
23413
12766
11023
9845
10970
30629
35417
37438
30987
19949
25968
34476
11561
38628
36635
24444
30663
13662
16684
34885
35569
29899
13480
17420
37740
11622
34088
37651
22336
30896
25471
10995
7540
35357
23453
13546
17177
32781
12724
18038
8586
16637
6809
18467
10737
14591
21356
16033
23053
35687
23675
10777
28211
36040
23396
28609
29843
6431
26746
33199
9661
6733
19306
14571
9828
21195
27423
38343
38497
16537
29922
23155
37114
11383
32454
13260
33381
14680
10563
25717
30344
34836
33825
9769
17667
17245
14999
13647
15984
10228
19125
15055
16105
23836
19455
34853
18891
12624
35163
22964
37562
36657
29229
37724
38886
16066
9920
11086
12684
18135
9192
14111
15039
33483
20965
20252
14184
16498
31371
15326
7052
31310
27296
8734
38861
33286
17030
8394
36660
12051
14873
38231
6701
26045
23515
31322
15059
35398
31567
37970
9838
13413
27298
24776
18490
14070
13200
31643
24939
20463
22406
28309
27245
38038
23300
8001
6512
28145
8262
20225
12836
14718
21795
24923
33473
25125
30773
23700
12875
34155
14650
22656
17428
30952
14522
20376
29826
17403
27371
34381
21266
25020
8657
31900
15773
24370
33449
7651
8411
10695
27272
8947
8741
8696
34368
23142
38527
18001
8579
19251
27349
35481
29003
25983
24965
12106
23928
13750
18718
11588
36283
19931
36967
35265
15796
22812
23460
9868
7255
36266
32532
25198
14996
28871
33470
7657
19767
8481
37742
30761
17933
7006
34042
22584
34888
11512
18889
38513
15396
35147
33686
23095
34251
13548
37234
32743
9078
15165
16136
6922
14038
25150
31013
26832
15794
20646
11128
18106
32209
23091
11158
33174
26650
26174
21824
37040
14074
9362
15337
37191
19462
33918
38259
38462
37090
8745
16954
8212
24417
7718
38483
20758
13549
37704
18454
12755
13610
7864
10201
6609
16342
11844
34047
36990
7668
35066
25650
14953
35369
17910
27372
9906
39014
9592
9276
37056
16583
32826
33479
27185
37307
16640
17421
16663
19814
7280
39149
22113
30275
31524
14187
30871
36622
18942
14770
30411
37345
9403
28245
16332
25245
36555
32218
33180
16523
11872
35193
23844
31555
15814
10017
33319
28365
9970
24252
18293
35591
32093
36020
37729
27206
18963
19894
10356
15168
24070
22454
10851
33322
7849
25651
28479
29981
32954
36796
28908
30654
9567
21171
29396
31262
19829
30545
12252
16095
38693
12522
9368
19609
14776
14450
18874
36475
13228
37441
21201
26678
7943
24851
17712
16662
8171
27219
31531
19058
8555
12185
26506
34119
21661
16753
11575
19232
9712
12126
24378
24121
7360
14622
31975
17635
22824
9520
32342
29738
9240
24724
34068
36278
17831
19410
34072
13551
38314
22845
31225
16229
31365
24697
31838
17518
19009
19259
19381
20497
16863
32592
8232
15650
34540
10721
22732
31407
26454
20469
23068
16539
19326
18487
12455
30601
36494
33274
19461
22523
12557
15738
26127
33979
39345
39268
27216
9339
22644
39321
29110
16056
8169
35631
9869
24548
26833
27065
9390
18627
29674
10697
10740
11542
7687
36019
10992
17783
14949
24979
8158
14468
26429
22417
7639
7999
37014
17763
36936
10421
38237
35348
9890
8414
17079
27396
19027
24261
39318
37681
12534
24040
37515
38836
24262
34530
21467
9615
11609
27463
36308
15525
10891
30928
29025
7178
25528
26552
29917
17277
28974
26725
23333
11827
21985
21579
12529
10967
34657
26126
13412
29902
12810
15590
23265
29375
36218
12104
26913
15955
21833
12483
20866
22841
14836
20264
19618
13166
24089
35565
24621
26299
13290
36563
18419
19327
20188
35527
30014
19118
32159
13830
39010
37146
16467
15493
26773
34801
28409
7056
7681
13959
9255
12721
21016
29014
16384
34259
14888
31300
38756
35239
28719
30244
9060
23367
15856
23422
17657
18970
7750
16019
28917
8951
26809
7836
22585
34701
23375
38995
24617
21762
30372
8628
32605
24026
24637
13061
21145
31515
16154
33044
32256
14510
18058
11456
11908
8457
25412
35770
20385
27659
16050
28301
18763
38183
35984
34780
23077
7365
22198
22763
25075
30949
15154
18274
12370
30982
20634
16461
11175
8518
9377
35942
25685
16586
35047
14743
26675
18272
8726
15803
27197
7779
27946
13989
37513
35040
12048
27491
35453
20214
33395
29379
39232
14467
30675
8983
25710
39677
31703
12086
10512
32413
30692
38083
32971
7875
24814
16306
34647
18838
10382
34567
29747
25322
17493
26337
31895
36456
16225
7096
37291
17640
35373
33507
20214
22818
31917
25693
11545
12166
16027
35272
19645
11624
35340
18098
28106
9056
31814
22040
26329
14065
26837
12584
12525
36712
25308
17227
23389
18951
28842
8035
31765
31075
7565
39505
28671
13323
24043
28347
32699
30314
31118
19980
15510
23535
28736
33468
10682
29547
35992
34769
34210
12986
39187
14758
18385
19877
27494
33771
9924
29703
14867
12525
14885
15151
28731
15895
36161
13958
29619
22969
13756
33649
37210
28169
17027
19577
33705
23912
38659
34730
18315
21478
34457
29752
13167
20999
17481
39785
33948
21704
31410
22702
22213
16093
8257
11539
14814
26429
23462
25050
23086
28896
35972
15971
28324
20423
19565
21840
24942
7998
31757
11494
26312
11614
12453
18101
30226
24533
38332
19067
22822
21994
38673
22598
17896
27579
26323
17881
13855
33481
13332
19281
29059
13239
9596
25352
32278
19791
27706
24762
27320
17606
33600
33766
10230
31553
28336
35191
25380
31895
36753
32932
38827
39769
24519
26389
19107
36368
10818
20551
9381
29125
37749
7217
24026
21959
34314
33064
12376
13480
22484
27904
17583
32393
15109
33140
19646
39063
20385
12231
16588
30166
26930
14252
29396
11550
23742
36196
27679
12387
27382
27430
18712
35129
39600
37315
34653
16022
38807
31882
31250
18394
26913
35945
22650
12558
38338
28246
39624
21609
34400
16621
39218
19737
15878
15707
8520
34624
14812
26490
30084
37180
36183
35133
27426
37419
36525
32079
39473
35246
10124
36087
21483
15598
7691
25919
21314
29917
27105
26453
23483
29119
27092
22577
14975
14312
36213
13176
23984
39367
18187
9633
30201
8995
22989
29014
22121
18853
22612
17437
34433
34455
26447
15927
14987
15851
39033
12744
9774
38527
29128
23865
23872
10143
29927
9435
14043
8140
15079
36813
26291
18619
30770
35871
16550
36001
31936
15927
23189
24750
33933
24436
32883
14551
27722
28690
11931
26841
7762
16462
34407
38523
19425
38090
28926
8467
18048
27186
25709
8779
36292
39968
32506
27685
25912
29501
27828
10301
34456
24234
19279
31823
17472
23710
32815
22520
12259
22096
13507
20417
39296
29463
27924
10585
31378
9935
27806
32034
8584
32640
23902
37103
12660
30266
27948
20493
18951
18243
21835
33920
27581
38261
32831
13710
27733
23777
16862
20354
36740
30904
21930
30890
38890
16492
38750
14242
25669
32786
10695
20180
27877
20491
32725
28992
13664
36835
31730
13433
34438
34937
39314
25584
33943
31072
21772
39285
30132
38278
17832
16123
19604
13075
7673
23964
19320
12948
34413
24029
21345
24921
34338
7474
13184
23323
28155
31941
36078
12003
31220
19827
7837
19238
40114
15639
36239
30005
10591
10508
32069
20437
20404
31213
35963
13609
7767
27807
35346
26585
32616
27794
30286
24429
25430
25411
9281
13306
36344
8454
36743
27905
14809
17154
14900
14228
34259
14973
9995
18362
24799
22874
17393
26901
26667
34783
22689
33474
27501
34748
19872
37505
35704
26697
24436
25366
9996
36880
37393
33263
35315
32651
30868
14342
37449
12591
9523
35337
16412
15017
21876
33721
25397
37735
11934
21136
23348
9306
7789
29606
7651
34042
13322
30933
30660
35211
34106
10523
15084
34463
29654
32833
20500
28125
26491
20922
24046
10240
20354
37582
31413
20515
33075
36856
39944
13371
17973
37260
14584
16101
12105
13212
21088
11874
32569
29981
21877
15583
16906
16966
35997
7674
25721
32313
37509
30083
24486
20453
31597
11135
19722
13867
10439
16755
30382
10047
31489
36063
14239
16210
21919
31496
16541
17006
10636
16890
38163
30113
31154
8910
21580
37725
36296
8489
8931
24351
18283
21509
18555
40015
19825
13236
21937
27751
33146
35105
26191
22616
29639
25178
21442
35114
18768
12363
27599
29666
18448
29132
32641
31912
32164
36831
24166
21801
13332
20274
37371
39483
10481
31468
28004
29887
15008
11430
17760
16844
32757
21942
25725
34314
32260
28084
36744
12379
28723
27191
11848
28609
22164
25568
27756
8316
15986
35994
26305
38002
31018
23327
14504
15060
13628
36799
32200
27391
11682
30301
39936
22176
25441
35258
27039
26396
38237
23542
33752
35375
27249
26707
26992
12755
33215
12861
11706
35683
23877
21895
22469
12800
23218
27640
16852
24628
11895
27654
36110
25813
38176
25825
32119
24364
12005
15283
21023
34391
14716
20006
28058
32748
39986
7720
25263
35295
31290
27371
14676
31654
16197
23343
32731
25242
23123
40131
31846
15777
39624
40265
37536
39946
25538
16443
12719
9144
10666
13867
24164
17027
28169
22863
11701
36571
11677
13116
17262
39854
29869
36850
10531
17292
36249
16921
37225
12042
32181
31882
23366
39524
17495
25873
27109
7782
36911
17521
9358
32908
24279
30633
13014
20072
15019
34422
18707
18500
35547
33561
39187
24329
10687
38746
15118
18783
13674
25293
8920
29718
20097
36436
30043
20933
14670
14565
21061
19888
38160
8590
26110
26095
40341
12982
22493
12493
11019
21157
26779
20847
25620
40263
21768
8118
22040
27436
20732
34661
26591
18900
11921
25223
23135
18730
34191
21259
19410
16974
28456
24498
28940
31639
10726
22571
30988
19929
14817
17532
20177
12003
22837
25507
11631
17740
19635
32125
14945
26992
28887
35816
39457
14261
37626
32548
13046
38931
27337
8576
37389
24275
18422
24114
9932
27286
18478
28550
18531
25498
10570
14395
14756
32825
35785
19497
7956
29362
14718
27688
39746
25644
17542
31022
34135
8440
37501
8887
28143
23063
10225
21610
26151
8188
18455
9977
15607
31378
15549
22601
9923
17025
23168
36563
33580
8110
38207
27722
13612
20736
14544
13181
16738
8554
39409
34176
9898
11814
21377
31238
9457
25150
25584
38674
26184
19281
16116
27599
15926
11156
10109
21179
29523
27927
26092
7947
18194
23114
11903
14668
12255
16319
19472
28486
31082
23345
25344
31525
16194
15302
24686
34267
30117
30609
27052
10432
29847
23131
24563
12923
14641
29091
19541
13094
20796
39395
18420
37805
9470
28949
13426
15479
37716
21110
22696
36681
37889
16266
13723
14439
21574
23136
10155
39676
33203
21783
10254
23739
14140
31393
17021
21703
16527
13511
37677
25040
10149
13165
24833
27519
16535
39192
10238
37653
10164
20653
10239
22351
26064
28796
19370
12172
11998
20092
31650
25137
28354
10712
12798
39501
39008
36267
25083
32889
27385
20744
34797
23299
8631
22590
30076
31051
16774
31578
11788
28268
31014
13805
26493
24351
18302
33807
33557
26333
23604
37027
37562
22596
26234
39133
15973
23740
17963
10498
40403
14170
21270
38511
23166
12037
11930
23261
11723
25559
21363
13539
36741
37829
22483
12732
10378
37507
38324
33867
24004
30882
11629
19804
34651
19964
38532
14637
10281
13137
12996
38445
14703
20274
38799
18691
24262
33310
33141
16850
38488
9708
9733
22204
14671
23656
22498
10149
24718
12609
12570
28473
33183
37667
14260
25904
22509
26656
12424
38352
28212
16724
37972
21172
23605
29129
23307
8397
36014
35992
37232
18342
40841
36433
27876
26092
15444
13725
20860
12077
26865
20258
32343
14048
14479
30887
21551
27814
26329
40825
27181
11727
13164
15885
25858
36896
37263
40166
17459
18899
32798
39609
39348
23264
40392
16336
24505
23419
19835
8364
24777
37854
32539
21486
26132
16712
28794
32632
8198
11334
31365
16591
32028
29745
16059
29891
25335
13304
18660
8787
32175
25631
30975
36043
39273
40456
18812
12591
14892
9330
17835
13020
26096
21823
17525
31597
21752
26746
15178
37340
31842
8344
15706
27881
9981
20478
31496
17600
36954
22468
21915
10198
13862
33721
23351
22292
21430
26535
16141
11575
15332
8664
8654
38263
34074
9944
15973
21862
15276
31357
20197
11804
36459
31269
15808
39057
10615
39999
30523
8522
13140
18701
28446
10040
8256
12455
11952
33245
20420
16964
32482
21168
10378
10421
33483
34243
9838
28722
22100
17827
36567
14681
34101
26239
16200
40308
28192
35981
18994
10235
26171
37290
22029
35162
12500
28225
29350
26355
40785
10605
22715
27751
28005
37986
18373
33297
11658
21769
30229
19668
22955
33770
18210
23319
23584
24911
15394
8973
9440
26022
21207
13882
40690
12584
18092
20019
39461
40632
26624
38565
32001
32270
32194
22680
21245
14612
25918
27381
35571
26768
25654
35910
31184
39940
24885
35262
30096
22738
30240
22393
40042
38052
37134
32260
40007
12043
38745
33056
36473
11879
16118
9155
15274
17414
37377
11616
23570
23440
20636
37992
10222
14754
9466
12817
19501
28089
23991
25430
38764
39762
8811
15167
29476
24143
22142
10850
32034
20125
40510
16298
21816
26388
14894
26199
29491
21406
11425
17734
39180
27292
23944
9075
13667
21893
12425
30140
18984
11472
16721
31208
11164
35605
14890
33511
11128
23407
30928
23131
33899
26404
30080
23384
39370
26248
41043
10856
24452
39198
10442
11987
32340
10497
25514
12573
34874
23938
17162
17103
20779
24851
38058
21371
16392
40548
31366
38650
11213
30923
20907
8440
39179
25577
31562
22963
27544
40587
15371
12287
24708
38094
9635
11406
25680
11655
16041
19054
39259
34529
23717
14547
8861
26184
25707
27159
34455
24454
25767
37887
16010
30508
16056
34112
17896
17460
20930
29761
15880
21732
23550
11043
31261
23286
34389
13567
34665
25333
20014
28782
34222
39658
16772
11087
25574
27704
16699
11204
21811
27845
15796
19070
37401
27482
8607
33339
14827
39757
24336
39052
26755
9053
21205
17372
21558
37853
29192
29358
34824
34837
30176
38950
36379
30437
31180
8651
40558
30379
16323
31371
9668
30823
36565
16128
14561
15901
24583
34545
18428
36987
19805
26652
9842
30652
30520
38450
15032
31692
21474
17444
27283
12205
40296
10909
38795
35865
20904
22479
16285
23913
30890
11379
38448
18613
9524
10763
10570
11325
25496
30315
26372
24327
35537
14455
38715
37834
9166
12846
40329
25355
23310
15336
38771
16518
12397
34011
10980
24527
22846
15588
39131
19513
34969
35717
26720
14327
37366
30762
15804
18049
39419
10160
12777
22074
18835
37671
15944
36175
14144
39895
37010
11746
31410
41090
23313
30056
40600
30697
29968
35663
25782
29841
24464
17124
36920
21959
33340
13429
10822
18914
13471
29106
29912
26056
26517
22873
32716
13748
33535
19987
37942
19254
19387
21657
27127
27771
26068
23834
23441
18638
18165
15329
35897
22111
11556
38195
13358
15683
28076
16502
34634
29629
12379
26265
27094
28604
27374
24495
26531
37284
12490
37853
41302
11345
10989
25463
9220
20058
19491
23142
24319
12434
38269
13005
11247
28117
32511
27372
40228
26625
22681
29252
34346
32322
14169
12795
29342
30867
17118
29827
32577
19585
30480
28791
18763
40754
11790
31429
26626
10407
34408
9234
9354
23614
31119
17754
25599
31355
13961
16343
30657
28679
38121
29733
18447
9721
13311
13475
36056
10069
39500
14108
35021
16338
26936
18855
31419
30689
30984
20171
14616
37354
28938
17639
11228
27865
12306
23761
39058
28633
39210
25534
29870
25439
39046
33890
12833
23403
29878
9048
14891
38667
16415
23235
35440
31008
32428
22838
10319
32356
21441
10193
24175
21676
19569
39853
30874
30571
39408
30331
29135
30072
20555
31335
18578
17425
32086
30019
28039
17183
11238
34529
32831
22203
10049
9920
20050
14834
37587
11499
18606
28357
10787
25119
25390
28532
15621
23340
37487
34045
15376
9117
23519
26335
26962
31643
11286
34851
33091
11535
26474
13725
28664
15367
26813
26992
26265
30299
25242
30672
25877
9872
22145
30988
35860
28156
38526
38091
19246
35371
34048
37525
16218
35202
34537
21398
21929
13090
23522
39327
34356
9744
20721
16238
15186
29586
33101
17967
14607
14556
39281
23619
39130
31723
20591
16703
11646
20402
35719
11064
25428
33652
24568
37182
28854
24945
26390
32550
27318
16580
39069
22157
37392
28300
40773
41241
27742
12874
23446
22530
32139
29066
35070
17617
13706
14022
14625
24424
26184
40839
39280
19779
21983
30157
14077
26109
16652
30897
13453
24854
25059
38985
9967
37107
20161
10444
35725
20262
17795
20726
36161
32240
14069
14254
35690
17156
9869
13543
38718
24462
12890
35268
23394
18804
22327
25599
41400
27100
17732
12427
27512
9454
22679
33144
20354
36571
35374
35608
37618
29214
27944
31840
12277
35586
35893
13968
16092
40036
15180
10263
30063
16826
12700
20144
12420
41556
32708
9426
15312
27106
13894
32327
19452
10807
20537
38938
24315
35404
13887
24503
30364
26248
28087
13646
24923
17982
18484
11640
34173
19064
10029
38429
25180
31219
10230
17045
15359
36458
19438
25357
9453
10007
28923
27437
23107
33912
11827
19448
9733
12623
26844
34035
15282
15596
13719
20617
17179
27310
23000
28590
34164
31432
33177
22723
28844
28737
32080
19897
25850
30783
39966
40314
32953
22148
30281
38020
24181
31545
15340
24791
31046
9706
23533
27922
11100
14803
38704
30425
31452
10074
21514
25721
10475
36572
17913
40399
14087
32940
15762
27750
22174
32345
13498
9951
30425
41264
27417
11158
25785
35330
9932
28290
12646
32296
27994
40541
21188
21955
18666
9477
12870
40776
28083
34595
40455
39997
21427
26378
20503
31549
39076
12002
32786
29506
15916
9733
13048
9252
38996
30121
15672
24668
32827
24768
11022
17422
40716
13084
33551
15687
25901
11223
38659
27011
33209
26354
22258
27762
28209
35388
23170
9211
25198
14709
38016
23938
17626
38324
25788
28774
27360
19462
31770
25038
15777
30552
18150
30118
38633
22935
20840
20708
27233
12309
23224
37136
36614
10031
35284
32003
15577
12589
30960
13039
37592
17513
35597
30623
14638
17588
16333
35584
29607
39925
31110
9697
14438
17939
27029
34039
40666
21525
38645
9508
15086
10888
13072
38136
14464
32545
12500
32633
19221
22948
21002
21535
17867
39940
40675
12323
28559
21964
31700
27898
26511
26301
20900
30748
11762
13497
31684
22537
9415
30944
28894
33422
40252
26616
22960
26692
17681
14866
35355
22875
34892
21866
36983
10133
15149
41104
20266
10645
41060
16325
21625
33626
40834
16808
25758
22535
16302
32530
27162
18661
15001
12862
16460
26026
15284
35117
35907
29180
40864
14152
38865
9265
18405
19016
25312
16729
22248
18003
24329
14974
26647
19815
35171
12074
39015
22012
22169
31018
29440
13541
9536
9618
38454
32376
10855
32513
9404
33518
35951
36134
22292
27149
40989
11651
16714
12804
31725
10609
41186
38294
21929
28005
18191
40314
24123
17777
29478
24834
36800
17166
12625
14844
41437
12312
37256
28630
38998
13082
19133
40453
40924
35020
40535
22950
11559
30426
36834
23142
37445
23527
17669
10912
32306
32978
41396
41670
39592
36664
29862
13314
15416
20794
18442
17949
22682
40576
10870
11423
14146
39549
33824
30520
36915
10229
19536
41310
36120
13757
13077
25912
24721
18627
37688
13755
26571
26446
16494
42003
35411
18822
34257
13380
19500
29494
26769
25873
17951
39633
33511
28445
30802
33203
35659
32592
11036
41386
23527
28796
21016
21429
36427
18496
9592
21515
32610
31533
26012
18271
20389
15400
31972
9571
13198
23311
29634
11403
10320
30368
27411
17171
24773
34198
37039
26947
32424
31508
16958
41202
27652
35399
21070
28233
26860
19784
41891
21961
41325
21311
36558
31631
24513
22990
17922
18391
11973
13741
11042
13504
32942
11921
19486
10575
11767
21075
31104
34229
24733
33614
11074
17621
16271
17929
10211
22273
28256
37398
41402
39428
13632
10809
16009
37478
25898
16333
15701
18923
19551
25956
11893
30557
20242
38062
29162
21387
30821
19356
28654
16274
38804
33988
16335
41051
15728
36616
12542
37733
11792
34930
27235
24773
39619
32867
37876
20075
14408
34029
16006
14502
34114
40829
32227
37867
21734
33981
26908
15314
29175
31672
29985
13153
28148
16448
23950
14989
28816
25740
36808
23806
39778
30246
19529
24083
21982
27141
29240
9766
38276
37877
10557
38161
30295
11584
23955
24048
14225
11911
16991
20521
28821
33009
20032
12714
37413
19080
26151
36466
34773
23007
10857
41299
36287
29944
39442
14838
36473
36710
32893
17439
40260
11183
24865
21554
24710
27636
21934
23799
32891
38356
37465
29338
28199
36237
33907
16118
38543
35940
16193
35602
22056
38472
11016
33260
16528
29362
10855
36982
36988
11471
10729
34527
21490
24289
19931
24339
10424
19683
12891
19589
40204
37483
29106
31020
34965
26581
25828
37835
29082
17054
21125
37750
21106
21774
32717
21586
21307
12570
22511
29084
19407
37512
40359
33005
41460
37972
23314
37564
22483
21843
33731
39972
24236
20502
32019
11751
33223
27153
32952
40116
32174
32252
36250
32421
38809
25978
23266
41484
18730
17913
33107
24943
21594
42201
20189
30929
21428
34512
30831
16435
39617
40589
40462
28507
31427
20123
21796
20180
16293
33417
11546
31286
31027
41800
25128
38824
25735
10964
12908
10402
35267
39702
35130
22520
25094
23562
29876
26900
39320
17693
39322
11394
17000
21977
39267
40371
35513
25027
40588
36346
19480
13188
33584
32987
34449
27464
17881
40325
39970
40036
16534
22941
24688
28219
22093
16701
20665
17506
35411
32829
34826
12802
13882
37041
17330
15486
20970
12978
35830
12630
33267
37218
21766
37708
24610
14634
11312
25285
12883
17222
17748
17777
33669
23172
31896
20782
21300
32072
41052
32298
20195
41172
38769
33864
18936
39366
14213
10182
26572
28130
24546
14620
11267
29458
11353
19495
25881
24491
21624
27270
42302
12274
35588
17733
15716
34015
29091
10680
28310
24609
29912
15786
17803
24929
42036
18104
21627
26827
23243
33015
16177
17099
19430
18653
19810
16660
18423
40030
30525
25831
19922
14165
41027
32402
15385
20262
29785
26167
14072
12705
39707
12750
38419
19242
13684
35949
28349
22551
22891
37575
36459
17754
32832
22772
31080
33888
39608
32112
16842
22073
16309
28005
19108
20984
10505
15917
19325
10845
29324
16402
10241
30385
20333
11865
28663
33522
10693
41088
39795
27440
24690
41155
22349
34359
38690
35813
30161
25454
19630
40492
22456
24575
11178
20910
24920
38712
18746
29131
20503
12850
17958
34811
33829
23216
34353
34250
37483
21833
29095
20512
12990
34506
30006
36806
24153
26838
13310
27430
12938
12751
40939
36178
27563
13306
27715
40520
35924
14301
36475
36981
33999
21996
16719
26487
28364
37733
15890
23591
12630
18041
41026
33239
41222
34220
10079
20696
28791
42622
19197
14912
34041
36683
21785
10473
33674
24688
30377
37821
10754
14511
35446
34097
18573
39125
31278
15376
28510
10905
31157
18810
42146
28360
36029
20524
14003
38559
35478
18690
32399
35960
37959
28857
42632
28586
12509
17146
18749
34730
33795
42644
31944
29302
21203
12042
40505
37427
19180
38733
28996
32276
16325
22986
26678
31359
21057
35239
10285
15467
13955
20810
40329
31757
35843
14876
13470
39603
31713
41356
35499
24560
37242
32598
11024
37369
33082
24837
11451
27983
20913
16054
17380
16286
39656
36128
39930
10725
20469
12497
36317
19928
18125
14010
34381
27267
29274
30190
12451
11311
33485
32423
14782
13193
24630
31370
16193
38913
13137
25132
16124
26993
28835
11220
39591
29951
39366
22403
33750
20804
10498
31793
25641
30126
23325
14938
38339
24866
19315
14265
32766
37862
38473
34900
27741
24767
30046
10424
10179
22870
35523
28038
17378
23008
19949
35886
36085
30718
20233
41211
34738
22754
17551
22096
35706
12980
38682
37169
19668
32052
24439
18180
27673
38304
35579
24729
23665
23000
39450
20073
14077
32448
11574
12827
20054
42470
21429
16717
38455
30309
20822
17808
13174
15625
19909
23988
18489
22451
41581
25671
20582
28671
14989
40792
41563
18725
14734
40320
26592
42269
23444
25636
41817
34055
17491
21236
38209
18633
12324
24759
38355
29178
15191
38219
14090
36351
13259
25831
17100
35699
10429
20644
26978
32461
11486
28732
13356
39484
32424
18705
37011
23766
35569
38513
34622
15602
32193
26392
29577
20946
21857
13302
20275
16518
11188
21555
26198
28684
10698
29297
34717
18620
22963
26449
33969
33508
19089
40248
38644
18607
15089
24915
31858
12107
15708
17880
24853
19274
35624
31119
26648
25673
31124
14482
27069
35792
17685
14929
14659
39802
42730
16600
34578
24150
26870
11605
13114
27020
27599
15828
42011
26692
21267
22606
30053
24259
19451
34530
37700
10455
41522
35170
38356
14198
38631
40977
28891
20898
11809
29611
19383
23695
26194
16038
38293
28424
36400
39864
10724
13327
11456
40345
39178
24772
12211
37898
26965
16776
21494
41494
25652
41569
31877
35224
17319
38560
27520
20477
21492
25538
37248
41035
23964
37781
26411
36450
27533
29084
34054
40835
16793
30643
28043
15374
38695
28150
15740
28304
27176
16864
13942
37884
32333
22704
22473
24889
23671
24849
31111
25053
26224
26617
40411
21561
21208
13522
27804
34453
42338
12504
36130
39356
30528
24002
21081
19644
41947
40868
27923
13799
11720
24084
39075
36125
28663
16524
30119
27470
28462
35343
34597
41786
24502
22543
34266
38779
13141
18575
32206
12742
17276
19333
27180
24430
27584
41858
17233
14121
10382
22932
13091
11287
36379
10348
25508
29184
11163
41660
39879
30430
11955
39139
40578
38299
23344
33228
32804
26139
11001
27411
26089
20093
10818
13418
25547
14750
25603
39484
27804
38623
29353
21392
34898
34601
35083
18223
17570
23342
34719
39945
37840
18161
29166
10453
36293
28296
22597
34552
18274
12320
35246
19624
13332
20291
41502
12881
17832
25942
18672
42807
15969
15206
13202
39262
26952
28964
16511
29863
11460
38189
15981
40251
11114
37519
13255
26924
26390
38793
14941
23898
39483
22931
17243
12692
15223
23198
22391
24576
24427
37789
42863
17341
27849
43076
32947
35526
22190
34832
31326
32538
20787
41095
28267
27418
13375
33985
37670
40242
32927
11815
18656
20155
15192
14971
28647
29216
37691
19225
23222
11328
33979
27004
12392
32020
28668
38147
21363
23442
21804
24053
41106
18641
11030
12740
39427
40557
33780
15502
21235
39981
29829
33769
12087
30947
29024
40672
19260
31380
38536
12089
41025
23001
36160
32762
14531
29829
33825
27947
35129
37768
28009
30940
16642
18452
30614
12650
42908
41982
29748
19711
23062
20838
41203
40536
31944
19866
34556
18123
13633
19256
25733
18824
32897
32659
21667
25631
14697
24408
10592
20546
25455
36466
11278
21196
36246
34602
14299
15363
24990
15507
25253
15642
13175
15397
43023
14075
42236
37544
19156
26179
12766
30804
24667
37005
14302
34870
14988
38643
20288
34517
41955
37330
34684
31766
41410
22990
23606
42077
12556
41494
30320
31989
12527
34793
36351
28594
28673
15194
32571
25044
36751
42320
26875
10799
12593
11984
26305
12937
41634
36223
15153
18500
31695
14690
32456
24637
25390
28649
42698
20979
27729
26668
30844
19948
17595
40052
15508
37716
41714
19709
18158
43240
11222
40954
42624
40210
16944
33498
37264
37205
29838
12490
25124
38124
32079
33403
14011
37550
35066
27429
35642
22069
14036
18124
24105
27711
34737
24002
13855
25172
12042
16749
39803
10666
31312
26186
23125
41285
17024
40754
41141
35682
39928
24028
19714
29206
14473
23716
32957
16179
12237
38282
19311
35691
41402
10878
33247
26808
26488
41691
38281
11259
18032
41521
32844
31203
22950
31815
39011
39696
42312
19040
24726
23416
34951
26046
43185
30986
33189
27493
37430
26002
30799
11553
19791
24541
33326
13258
41478
43037
21945
14023
39352
21390
24397
11473
23751
33626
11391
23033
39056
33467
41393
32493
33181
36959
11747
36215
17947
22288
28876
34374
33934
22932
34601
25585
39619
21970
29014
14137
24838
25399
18459
22671
42390
20568
13256
21206
31830
33753
22916
27497
14021
25741
13026
27488
38960
36062
33717
36367
39463
19824
25126
14544
21805
17153
34051
24579
25011
33684
19546
15698
17736
42702
14407
15162
16394
11680
16906
14790
36448
36134
19292
37022
29419
24783
38916
29249
40121
34751
34213
38031
15804
12657
30170
17034
25979
40353
40580
15197
29704
37737
13411
33438
14642
21418
41956
34256
37883
35501
19514
15148
42573
34058
28848
40353
28904
11209
21566
10777
27551
35784
13146
16894
28100
27740
36880
38652
31457
14651
33877
33801
18344
17306
36505
30627
35629
40594
35995
21337
28755
39624
22657
25741
15236
42317
15400
23160
30886
36291
11961
23919
17738
30658
36989
11108
35622
31610
22770
23983
16069
14745
27422
15375
30333
26223
33827
16619
28066
36943
30740
13022
18425
42297
12551
30579
43375
31671
42091
33581
30219
25349
12956
35531
20002
32372
42165
22985
39626
28688
15526
29226
16016
38529
35718
22901
15982
25135
33322
14078
30455
34218
28662
42854
12757
34120
25587
26981
12149
27152
42018
18375
30977
39894
12048
25781
36495
42664
31659
18998
17816
28521
27476
25590
27563
39868
41525
17989
33122
12580
14805
26210
41366
12137
33257
43002
26831
43581
17262
25580
28926
42527
14836
19535
13679
15488
14141
20918
29433
19236
42246
28082
22648
13004
22821
30361
39805
26898
28628
24710
17731
24980
41037
36769
19429
37460
16279
40865
19407
38751
26015
17551
30066
14765
26762
43212
33597
23881
41546
27733
19400
39601
13423
43334
17490
34688
15936
41373
34669
29258
14603
31297
13304
38344
28345
42819
14414
34613
16037
28003
23997
25591
42159
40150
43066
33410
13964
26950
24146
43642
35680
33563
19812
38935
16782
22009
40462
20174
38606
37001
19685
32558
18049
22909
39785
33800
41538
21966
36152
15058
39102
25672
17793
15181
40645
12873
22716
12902
11937
36294
26264
25690
20902
39054
36917
39454
26634
16595
40596
32254
41719
41702
27980
11140
25823
14402
28030
30363
31760
30668
21770
11764
27528
19289
19971
23721
13834
32369
14945
20257
24433
35411
24566
24371
38981
25400
37028
19342
18316
43740
41676
40536
26338
27707
19977
26389
25804
17560
16415
19403
33098
40388
32302
13667
22699
23965
26156
39763
37029
11989
25745
12922
23461
18165
12884
33611
18020
19873
12055
11054
33723
18717
11167
19747
43704
13328
14470
30121
39665
41096
19764
30174
31512
35903
23307
31207
34256
18973
41186
24210
39103
42237
21173
35386
14821
40884
27034
19692
34604
30287
12279
35783
17472
17565
24051
15273
31392
30190
23082
28424
24566
25113
29349
31517
30372
15300
41481
30792
40095
13279
13582
41392
31872
30322
25651
22570
38104
25753
13745
19548
18884
12236
15277
37922
13506
14948
33457
12080
42691
24923
17501
16121
36994
37716
12890
30160
17683
22747
28048
33101
19135
12781
32153
29683
11791
27835
23669
29199
35623
22955
27263
42467
16725
32928
24223
16132
34026
15227
34498
33025
17225
23010
27783
42309
36157
12864
12859
37951
31632
17420
15368
14784
16857
20303
31081
30884
25493
34144
25313
33204
16249
14066
32749
37323
25863
41809
35127
23352
26720
19689
31500
40548
43097
30472
11280
13749
15056
12517
15409
39089
29505
37344
28633
39527
14228
35595
19304
26378
38713
29162
33505
34016
22647
43127
37347
23642
28673
34409
36828
35717
38603
26550
38009
34977
29211
33879
16481
22542
33251
30027
15906
22896
18766
35550
20331
28683
26009
22571
14973
35439
34596
38880
43996
19802
32969
20033
24650
26074
24940
19568
43765
18098
19411
30955
11248
21759
32952
33110
19168
18459
20253
22907
18936
16578
24288
43919
34087
23411
35215
40374
12687
16921
13693
37066
12602
33003
26390
15448
20232
41617
31855
19436
30444
22408
18210
24975
15960
11463
30808
41357
20726
38307
37671
43900
38297
19696
22815
42105
40819
20841
25887
14005
16264
33106
26733
43569
19042
39259
15878
31429
26119
39624
18483
36711
29736
23759
19549
30378
27803
19777
16674
19589
15372
42093
17065
11606
31471
36930
41266
23078
37048
39603
15857
29231
38735
20320
43548
26011
37566
25714
15427
34191
20781
27334
36832
21864
34577
18767
41775
33093
31648
34741
34623
40389
22920
44098
22089
38162
30688
12543
25666
25886
12127
21530
23980
37676
36812
18315
18609
30867
35253
33783
40050
19646
24676
17109
25245
36984
30735
25551
38717
15974
21583
16747
15063
25813
23251
14570
19122
36023
11862
26993
37750
37351
13774
28262
37369
20661
41959
39197
22101
19614
37551
28084
40254
13403
34707
26427
37778
26398
29578
18200
30770
24344
33680
29610
36881
42302
21846
43565
41098
12877
25656
34782
25591
24843
17007
11871
44159
21968
29320
34652
43311
32582
29972
27503
33100
37997
24226
12353
14824
13282
35306
25075
39348
34912
14923
43964
32533
38535
17016
13267
23674
38876
33646
28303
20204
34578
22441
11468
33511
16776
16023
27026
23400
25106
23629
39665
36679
14588
41337
35375
12487
34124
12183
30502
21356
21320
19816
35559
17420
42040
32672
23971
34601
17261
39391
37836
37246
27778
23523
22135
28376
42722
28412
43781
19239
31370
22464
28162
37333
25105
12287
30029
38742
40421
15610
40313
33025
19671
13775
18036
24350
28122
20024
33638
11584
12039
22901
33244
44245
11749
39303
27686
19963
36072
36511
19197
39573
33335
23254
43626
22430
17330
36382
34275
20670
29748
28281
16310
33307
30229
36969
42923
38002
18164
21415
21732
24422
18611
38935
22281
26136
39874
16124
33442
33271
28321
19561
23748
12250
26272
15608
27120
13132
34282
25533
25656
33830
12993
25725
40099
14948
17419
40476
35795
27697
14094
39253
21989
12868
29304
20398
17817
18031
15010
24234
33459
28789
15125
31552
34721
13597
18766
14732
39517
31620
17598
31941
19605
40119
14357
41839
18186
37249
40896
17361
25654
12930
31152
36010
24113
16001
33374
40480
37845
39684
17164
28409
43297
33565
21837
37389
34523
39046
32711
28667
32121
35568
36920
18716
36674
18841
38583
37813
42417
29469
26173
35441
13850
30606
32355
32526
39311
41158
17005
17750
39941
29948
41352
19025
34483
42902
37968
43961
43451
35902
37781
25518
43276
16440
27743
23723
36999
32243
38191
33209
29537
20190
26760
40674
39624
36732
26798
42473
34761
31163
28846
43832
19569
43394
30366
12058
32818
20361
17190
34602
21385
34413
16960
31756
34526
32260
20795
28506
18604
28910
11782
40417
16097
39020
27563
21006
16264
37493
36890
39587
31909
28167
16168
22958
42848
20924
38615
16316
20070
28829
41176
34634
31629
16698
32078
33916
21687
43771
43733
23826
17400
40369
36803
31895
27387
18288
43182
39131
26017
23713
32814
23204
40940
42579
21475
32417
17180
19154
35514
33439
32279
33915
24685
13055
44302
15054
27209
44136
42078
12741
22836
42425
41652
17252
40174
38466
11893
22418
19607
35891
25181
36391
30834
18260
28006
20294
18664
27639
18923
13805
36560
25132
28685
35018
43245
13619
34646
13649
25272
34615
23452
33035
12384
27961
39208
25905
27664
18250
37912
18553
30832
26877
40706
35632
27758
42524
13530
39305
44094
38810
31254
30773
37791
44233
22799
32563
38241
23757
15787
14058
29732
35921
13369
35701
30818
31608
28572
19006
18352
20502
31404
40398
16704
36897
39129
31715
33707
41058
39442
14787
32749
39792
42469
15057
15793
38111
16871
27998
13520
40117
38742
35265
24596
38685
15357
18346
27969
15456
33368
32179
11862
21776
38137
24376
12304
34439
24874
19561
39344
17296
38100
26781
14846
13667
13215
27370
25998
12503
34651
23794
35394
35795
28575
15359
39952
26373
21679
12371
16133
16343
16803
20153
21130
24223
27078
39008
16871
29974
40253
44265
15877
33036
28905
25279
17528
18266
40334
14759
38844
31511
23092
23448
36031
25871
13773
40908
20896
40816
13337
17431
37303
14791
12743
20600
39637
22827
21469
22766
26573
43192
34393
37260
13363
44608
19992
26832
32099
22332
29176
39985
38085
21001
16186
31479
42832
34641
27946
19279
24141
18375
25601
34207
32094
33303
27402
23063
41406
38172
33284
13449
34506
37460
27080
12922
29633
33938
41003
16249
14024
36595
21286
19375
20785
30739
36660
20664
14588
30081
44284
39089
21406
19312
16944
31634
36354
38063
39349
34494
13774
18139
30468
17113
30695
18131
43216
35802
43063
41324
12009
12129
13998
15462
30560
17738
30086
37791
30444
30338
38092
22151
41100
42521
30492
31188
32878
12441
17324
37239
32272
13719
22923
34510
35237
40839
34859
32539
14522
24021
12574
34357
38425
34097
14109
20861
43245
18986
24142
12052
30504
35326
33223
30027
34594
21936
16974
34395
42114
13148
37474
15447
27746
35272
17280
20830
25774
27195
30879
38933
41677
44178
41469
38996
17796
37264
26141
25632
17943
24438
39952
14554
25777
44243
15093
16565
13317
19870
25276
34926
34870
38530
25135
32055
19700
27257
24114
34548
34537
18076
32329
37545
33875
16442
16988
41267
33010
43303
26039
44599
16676
20054
29525
33625
26703
33962
28510
19374
36479
30730
14830
31603
22864
28852
36632
24575
39951
33491
18475
27638
17180
23635
16947
37824
36498
42228
36291
20025
24618
42141
19442
36266
41053
41972
23716
17657
32457
15147
16907
19740
37334
33564
23917
16083
39321
23705
26919
38039
27129
16893
21490
43213
16400
22279
24933
25664
34516
43753
13243
12494
20214
24731
41687
33890
32266
12661
33925
38946
30953
32253
18947
40937
19795
24830
38592
38391
40665
30938
13411
28391
23290
23328
34831
18914
30861
26209
27877
28947
18015
26176
38859
15962
36124
15817
26732
14405
34931
35844
19328
31548
31605
32457
37454
17147
25662
18389
25455
43078
37592
26654
43220
26327
42844
17764
40715
16284
15194
15881
27069
19231
14971
44834
20860
20550
44645
41166
36539
29500
33247
36039
17950
20655
32566
29494
39413
22844
36319
12748
29955
33063
29533
20750
29315
38992
39782
15344
34669
24162
43841
38310
20725
42830
25714
41399
44116
41976
39577
29267
31692
41775
16536
20710
15590
24291
20724
38125
21503
43410
38270
23817
12546
36868
37426
24145
12663
17208
38751
15853
25533
24222
16136
43233
36755
24199
22922
40486
42974
23257
36224
40703
35238
23047
44772
14730
44129
20544
37239
41365
42868
40679
23138
19380
12535
43076
38173
16016
31160
19321
36752
36482
35459
23735
16760
14177
34465
28081
17165
18584
30623
31313
38626
38779
34385
19882
19212
27611
17685
13103
13702
23255
28508
18466
20436
17398
16999
33103
30183
42099
21327
14585
35905
13528
34376
22805
20825
33998
35622
30134
24129
35124
33569
27593
39558
20590
13269
22530
42840
20736
27533
31254
34282
34395
31424
22571
32028
20470
26332
13964
33368
18081
14915
14242
43449
31767
38291
14368
24947
22738
26155
15229
31855
35875
26091
31911
20533
17025
18490
30454
27151
38434
14414
31582
40811
28104
36008
42474
32130
15838
21469
18277
23607
24515
40604
38746
38978
29542
43757
16960
14477
32531
21687
42990
33502
16780
28549
24149
17335
27228
28041
19565
19835
44136
30690
29040
29393
24263
23578
44103
32845
40915
29427
38721
31054
44672
25699
19467
39970
28141
27869
41949
29041
18233
34770
18417
27352
23960
41848
42553
21716
18598
16842
40529
40930
18683
43728
31411
17636
43775
37920
35370
18631
19455
24997
28041
41827
30081
25503
28060
36258
33493
13803
27999
31461
34029
42117
19566
16803
22639
14667
19901
14163
25095
22275
22153
17293
25858
34208
39310
44652
43033
21441
33403
44598
23690
29051
30115
30783
31598
26712
14325
22794
36166
38047
37678
38834
36823
17366
35405
43144
28216
40070
12871
29438
16169
13118
33533
44740
15782
28890
13419
39984
44988
44549
31778
39907
44956
43005
16120
27050
35566
12951
35582
32418
44135
19330
28082
24224
17310
29391
31350
21711
40731
27825
38209
25499
27825
20610
21909
27598
21519
35079
38321
20217
40849
43509
33287
37142
26460
16052
15600
15723
29353
30306
27295
37554
17249
20763
14675
14966
32747
12920
14801
36800
44865
32085
39954
14579
31562
40152
42041
39157
28004
40623
27592
23439
22847
17048
17170
41239
27122
41767
18164
36172
34120
23492
32448
15745
31067
20467
38522
27134
43109
30680
35143
13987
42706
22010
20514
30414
32666
31303
26833
26751
37581
13912
18711
43706
17008
26359
37420
29485
24967
30430
39018
18195
39283
32450
37705
15192
14718
42640
35213
32766
42165
44023
19902
15039
20982
12838
40665
29940
37449
16087
16709
41141
37235
34956
41992
31042
17609
31256
26171
17057
15427
36706
20667
44169
35281
28518
38946
23679
13042
26492
31478
25407
24706
43997
36896
41309
16595
33123
22943
24364
20480
13456
28541
39903
31358
33234
22274
22510
19956
21253
23081
24252
44109
30266
29520
21366
13579
12727
41267
34110
22750
22847
14107
20105
19317
18579
32083
33733
18324
26424
13788
13632
22887
39291
22881
18501
41750
17075
41069
43912
20377
15558
44252
43715
42958
26862
26512
42402
32200
15805
26213
44509
25194
30303
28262
20643
22837
18208
26177
36671
32351
15149
19704
19190
21285
40863
35034
43054
42082
40885
41650
44246
16223
30305
16702
40449
26861
22791
30946
24788
19121
32641
17310
25251
19136
28006
13630
19543
33132
24716
16336
34067
16733
35019
40027
18455
26083
27908
43982
20964
23434
41314
25655
26784
38639
13024
40501
17341
28115
27660
22192
38614
34414
22282
14535
17369
20741
41179
33802
30827
16319
16864
41706
14984
45237
36761
34157
43114
15944
39859
37927
28589
27063
33858
20325
16304
21489
39243
28331
15166
30887
31621
37985
44398
40870
39008
27081
34247
30820
42823
14132
24488
37848
35874
19574
39143
45199
17184
19863
15289
36093
14771
14283
16338
13329
14556
12964
26317
30732
17576
33159
14285
36754
38139
43357
24165
35073
35724
40586
28853
34819
19249
36643
24790
33119
21597
40283
40313
26901
19174
40511
42442
34473
18700
45220
38043
25535
25528
16477
26302
35048
17409
18865
32946
31932
31220
28940
14211
14633
27797
17140
24811
35594
35617
45119
44733
36859
41878
39555
22915
18028
33397
33999
24166
25589
16327
15512
21583
26089
23902
36598
40012
36910
39517
24081
28981
20044
40955
43733
39567
43715
27523
26350
18096
20642
39327
41712
20516
19285
30423
27861
29264
30911
31061
29357
45397
24969
34795
15761
31032
27577
45655
39129
14399
39814
16069
31119
30878
22122
45205
31267
15698
23674
44127
15967
42574
27635
23860
21406
40917
17173
16167
24889
41255
29748
29452
15683
15967
16396
32640
14710
37276
27221
41770
15468
16223
15511
40000
31507
39476
43840
35148
26203
43413
20724
18224
41265
38923
13348
28775
37553
19606
35554
24975
26775
13135
28915
26404
40439
31052
17446
30863
23087
16324
39653
42079
15385
35443
35082
37334
25989
27968
42740
15271
23270
15646
36569
18430
35659
18480
17501
41409
38033
22832
14948
14101
38871
35345
27429
33061
45619
43491
13953
14623
28067
14840
31378
24190
15943
17989
39558
29327
24525
40202
26542
36142
42796
43446
41170
44753
40085
30469
31688
29641
29094
40043
27972
36036
42978
39605
41714
41109
31582
27630
25538
31544
26044
19071
19076
44560
19805
29595
36532
34164
13523
26842
20375
30570
32405
29988
38279
28594
39159
30929
32138
40199
42585
16654
17194
41889
30110
28291
40065
22782
24288
44851
40084
27874
22625
20387
36834
41885
22469
26430
34620
34188
21375
41976
34006
42978
30858
31026
32671
29352
26713
13789
45262
34819
37648
17891
24509
45238
33268
41666
40955
29159
42528
14202
13725
45094
32635
15274
37844
33707
45030
18934
43461
41439
20154
13739
29076
32799
36977
25510
30146
37820
38563
43634
16570
21318
31797
32176
27302
23818
29133
26812
14727
26329
32392
40077
34693
23307
14576
38109
25475
18116
35880
39050
40951
32118
23914
39229
17401
38311
42420
13897
37530
41717
21437
26326
40054
20823
35374
36670
36749
17829
36367
34231
14670
26459
31103
18995
28405
30618
34473
30084
20503
39279
34547
41924
38779
44888
23160
24052
28204
45572
31673
18147
29900
25691
29583
36689
30507
35006
18789
30037
32281
31632
17315
21244
45944
22261
35949
32819
19605
33753
36494
35815
28344
23605
40623
36970
16889
17037
17613
42777
42582
21182
14826
16188
16131
36854
28162
23597
18433
13316
43584
32445
27122
33746
41842
15827
32812
19759
37051
21078
34060
29138
39559
39501
39052
41884
13764
22341
21784
13854
16208
44019
26270
43355
27565
40219
38885
20943
24316
39345
18975
16816
33065
20029
35521
22387
25187
18308
15250
38290
17359
43108
33026
42893
39037
30464
27326
14383
37531
17693
35457
32018
37096
14284
27949
39781
32876
45642
43546
18925
34407
43044
31918
21578
34439
23198
39982
25468
22877
34134
17875
44965
18194
15909
44321
32528
39510
35910
18036
38515
24474
31418
40924
32369
42111
43498
15402
16995
19342
42127
42059
35928
18473
31695
41685
16986
22209
28328
24032
35060
34122
41106
17175
20209
40940
41824
31247
18021
22012
22632
20695
28402
43818
27875
22224
38212
35068
30103
39358
27614
33915
28083
14624
41241
44076
40186
17341
38505
29249
43299
37760
40163
34577
22144
39813
23292
14278
15327
23668
16276
42325
28078
29454
42547
26548
25698
29957
37010
28999
41497
36881
39261
18075
23421
40768
33847
24150
42988
43662
36607
15726
31959
33973
26705
41882
30824
31558
28496
23558
16232
19705
41123
34379
29279
23105
21694
27550
32253
17444
45923
46151
19128
27978
32872
37206
36791
37204
42426
44689
19695
26223
40610
32944
45196
32040
43079
17357
27538
21122
23413
15894
14788
18501
37788
39621
41157
30618
18204
29010
43645
37333
13503
19686
40638
17298
35463
18452
32807
19971
27051
37060
20553
19080
27612
26735
24329
19584
36300
29842
43333
21856
41713
29532
35515
20226
13959
43178
18214
32831
32212
38710
44713
44991
16303
23051
24945
26896
21827
45629
30359
38902
43025
40150
35395
28162
20788
34067
30487
18022
15849
26321
16075
31752
32078
30018
26132
26069
39786
39396
18379
27992
44398
24500
41803
29579
29498
40607
27163
30701
45603
31545
37069
13780
44276
36529
26405
44037
23858
19205
15230
17026
20901
28530
19818
33443
22035
41263
21401
38248
18511
31834
39164
31758
15987
45363
29993
14048
25193
33160
41986
20048
42672
45680
16529
29254
14428
17980
26423
41912
21087
37547
17158
40059
22024
34653
35435
26969
19657
14474
44816
27235
14141
33268
17664
44424
19817
22042
25869
22375
37955
36271
36463
36450
27760
19274
19373
39924
32338
18271
40641
14404
42818
39022
30839
46074
19482
19322
16150
29777
46327
24765
43074
30061
22077
32922
27169
18160
43739
31955
34749
14024
33744
29180
15529
40522
28910
40240
19432
34181
42717
14850
13834
37072
34404
31926
39576
27814
43236
31922
18610
43956
38437
41775
17143
19247
34645
29236
15013
20843
23374
14277
17921
15018
40984
33112
22010
43058
21935
25480
44809
34210
19974
27149
26971
39045
20043
17388
15410
44584
21869
32747
39049
23465
43996
27976
22263
33873
41104
29866
31957
39459
38732
32088
23715
19637
19492
45737
38312
39487
28733
15804
14041
30450
33748
18280
35068
32395
37249
22134
17421
25639
44733
24078
46049
37977
26019
36976
36873
15738
27635
18917
35577
45632
19292
42996
23658
23186
24315
41176
19196
42651
18975
44850
31008
14366
19535
26108
31029
13833
38542
32958
27889
32332
34269
17412
46083
43499
26370
16911
28150
38738
42888
22475
21337
28394
38919
30209
43549
21993
41893
35534
22846
17262
41181
40788
24486
43981
40831
32175
45646
30247
22520
29482
17830
28735
40916
33459
17975
46216
34689
39821
17542
13955
34134
43077
22588
26951
20947
35303
32389
46177
22827
21361
14262
43743
26111
22920
43058
14504
26989
27242
16526
14863
33865
16932
45299
45479
46506
36613
43972
36952
21161
39506
15233
17330
43877
26939
45036
32386
33099
27150
26218
28579
45716
33195
29099
23319
16142
36152
25741
18774
35360
44054
17470
16614
32264
26131
26017
15916
29800
33249
14836
23938
34817
40903
20143
27530
46014
27798
33967
20417
25332
32991
17043
34135
22248
16483
42599
38462
34194
19915
31360
19585
21920
26265
29094
36311
23486
15199
28281
38264
32021
38958
23053
32815
39697
29010
19928
24240
44136
43068
38094
16941
26456
40128
18378
30500
24880
24193
35120
25211
18193
37545
41936
46286
37878
25053
37134
26632
26610
33392
43584
15152
25785
45782
35160
41094
45922
14428
23747
20943
38763
46615
45713
32493
45822
28698
32469
19122
24690
20204
24911
35318
17685
14138
28232
30951
33065
35272
32446
23201
41260
24493
19393
14079
46173
22208
22813
43696
44155
33358
29497
32141
27344
21518
17471
29481
40558
37206
17533
35242
22457
43150
35340
39640
29989
31462
15279
37748
19777
28228
43773
46283
14837
23424
22979
38027
26887
44244
28324
20180
38372
16526
23810
40594
37022
25608
17442
20491
46641
31450
18826
16820
15882
42574
29358
26441
32970
33045
16844
33564
40007
17208
39445
35246
39123
25169
44813
25468
29634
33274
33588
33051
45862
18566
14822
30087
26333
27631
16512
35513
15054
35600
37572
33911
32367
42772
40575
34160
17803
20783
35432
19080
34370
24716
25676
45169
22609
17542
31336
14203
14739
18202
25623
31149
31688
21404
32173
18196
16278
38314
23458
23643
41165
33887
30963
26524
30703
44488
42181
20342
21744
22172
29515
28768
38714
16935
46571
17468
18164
46728
16028
43056
37764
37148
29331
46257
39762
32570
28702
23520
24783
44833
19408
16922
37047
36142
43230
33994
32147
24915
45257
25474
29825
24772
44605
32587
20279
34803
20282
42041
26438
20671
21105
20802
20124
39144
41969
29263
29005
19655
44290
32916
33939
43580
23377
32029
26387
45031
41806
31146
22113
35995
33235
41917
40391
41743
16646
34289
41538
30167
33920
29581
28622
36755
24751
21081
44003
15207
33144
46769
37184
41387
42017
34263
22759
40163
26735
37518
46185
23281
15627
26596
15715
40585
27434
46671
32329
46310
34157
38651
30818
29627
15878
39267
19220
21357
26653
20255
24674
31103
43122
18940
17075
18254
39235
16466
32725
16638
25968
19346
15681
24756
40669
29983
24993
43525
21528
34143
30607
37295
43324
18705
44448
36231
30741
16609
38817
24755
15236
28473
38176
30745
18981
14427
33071
27415
42032
34989
36708
29813
22685
46419
31268
30616
17804
19203
26145
26104
14307
16149
40738
39124
44601
46810
37379
29476
17139
22831
43004
24527
33196
24146
26406
32798
43995
20980
31802
40560
45231
15247
37276
14640
23614
41209
38809
14853
33247
38714
25069
44360
42452
21915
16009
36283
27181
32511
27027
30840
17128
38262
33453
23847
46429
19472
26490
32372
42714
43759
38750
22209
32394
14752
33926
46359
40603
41900
30249
42595
30879
35689
24589
32479
16691
32534
21324
38862
34527
17447
27736
38252
45118
27870
25149
18725
42335
27675
39718
33797
43114
39797
27171
28016
41351
26505
23081
45587
25083
38546
43611
40730
41620
23867
24455
32163
16712
46513
36596
17011
33305
44283
18011
26088
22332
39566
46387
30767
29817
30236
31537
17847
45525
16302
16400
40934
33135
44530
30862
40458
31912
38614
31927
27282
19590
18005
21349
28798
29019
46993
22280
32020
44449
25635
38819
43477
38953
40367
40471
41647
39285
42427
29860
40052
22626
30657
39085
36747
23049
31106
14779
35558
22760
34206
27077
45875
38717
33890
41647
16983
45235
34529
17680
39704
44864
38982
29752
17689
26446
14696
29554
25868
24345
15007
26758
34083
17752
26583
42882
16839
15135
15074
27578
44685
29956
34835
41486
34662
30593
22792
43115
33302
29337
27079
42645
21479
32958
31757
25635
16286
19699
29922
16331
16302
25646
30833
43999
41132
46592
30743
21528
40963
34935
26298
20627
25321
25412
34652
35353
22929
46617
35311
45987
25250
15957
27243
32029
17129
28643
17951
25451
17738
25951
39748
16810
38653
39803
42712
34744
46071
31650
21674
14838
30629
31195
30129
40524
42464
18927
45217
14958
32798
28622
24768
34654
15077
44847
22262
32307
26502
40567
45348
25112
42503
24796
15287
27543
45921
19402
37245
14616
42988
31621
28087
43172
31255
39697
25711
32495
39260
25423
29964
32662
46451
38248
43811
23205
34246
29806
16784
37724
42278
33345
31686
17459
21948
33712
43363
25627
16706
36833
34824
28935
35187
44787
30567
41899
15551
19425
45981
36995
33604
32170
35267
23064
38906
27567
15039
22655
25133
20828
32864
23074
17201
25866
26795
25027
27729
42532
31599
34237
20744
22153
24096
21645
35188
41778
27105
25234
14599
16405
26595
25873
19840
31561
26606
32380
43545
35690
25917
40948
37634
40255
44431
41996
27919
25754
15995
34512
42414
46208
36100
24326
22299
25226
27501
31923
31959
31115
33103
20705
19542
32627
35304
33440
34295
21108
19638
21835
21050
24931
33860
17420
32558
17248
42821
30370
45608
29369
18399
29538
25018
44812
32073
45692
44003
19116
35736
30336
23684
26438
15830
36385
47123
26053
42581
25400
24211
36210
14658
31500
23236
44640
30077
19408
45463
17159
36776
35693
34276
21807
21375
23426
42079
43536
44903
30377
35785
31159
40521
17149
17763
46507
25504
28121
41384
41681
19921
29922
44347
19085
29372
16455
29215
34602
39568
45639
22822
44924
19683
20468
16300
42435
46082
26423
38276
19923
19077
22037
38707
44658
34599
22320
30812
16898
31445
30609
37500
14944
38149
39332
27608
15371
33353
43396
43699
21641
22820
26233
18627
45062
35100
26048
39654
21055
16400
45706
33042
22174
14796
44870
21130
31654
44507
39971
23128
32146
20380
26321
30711
33849
38041
42888
47184
43061
46355
28492
31464
21316
39650
19311
30551
32750
45692
41559
46844
40041
21075
19842
22255
38073
44132
38086
42551
18459
32268
28382
29757
28068
29214
43810
41857
44070
26932
26774
21644
26963
40002
32294
15654
37925
19825
47152
32712
28285
31530
36675
38740
39434
18800
15399
43780
27756
38260
19741
24224
20121
26467
41063
29429
43904
46723
26635
19074
45549
45950
39637
42612
28077
36094
30363
45013
31730
25209
30660
41216
24313
22863
27147
41816
46313
34834
30337
46393
22015
44068
21201
44079
40424
23944
30152
42854
25710
46322
29973
34402
26967
38944
28749
47088
46986
41069
44338
30045
17268
20388
18740
15845
18602
34578
42040
42606
43728
29919
26777
20855
23993
27550
21612
41803
39119
22562
43017
34426
22966
18835
24007
21641
31276
16322
36614
46825
23860
46010
43635
37926
30579
36504
24455
23905
46810
33436
25425
20480
36229
31359
29302
32676
41955
37639
46198
15451
30232
21210
25648
43288
24735
38032
25001
38496
24628
22283
37129
30021
35057
26635
43750
30360
30903
40189
25029
43611
18639
36372
32990
45941
17105
34715
26656
25513
23749
42378
35189
21449
16521
19799
19271
19495
25203
31246
29763
37197
27446
36516
33885
26862
30986
41609
40724
27420
31751
31868
27383
29626
45522
44963
35432
18485
33916
36571
37280
17775
20647
27213
40435
43516
22251
19266
29269
20625
23672
41528
15646
28345
16124
39732
27402
43978
32711
35931
43908
42008
35373
45756
35364
44136
47403
45425
16758
27048
24654
34534
43773
37085
23505
27768
28791
25436
27653
21570
25187
15165
24566
31027
38849
15373
21324
46436
15129
31683
33647
37545
43198
47093
32751
18791
16980
27468
47650
41381
39824
22326
47119
27237
25663
21978
28298
31540
45962
34897
34465
29696
39032
46355
37431
44842
37812
27311
29679
39388
24209
15040
32332
26269
41803
41244
36374
20002
35472
27470
41983
21095
16958
46151
16774
47103
24943
18512
36124
43433
19891
34115
33157
47651
34204
35579
44162
47171
29824
20489
16557
35139
45946
28328
32420
32093
23474
15860
47465
21143
19934
35670
31241
23009
37641
34883
34428
29277
47763
16422
20429
20222
22906
43674
35707
47700
36567
44509
31774
19622
45484
42369
44365
18498
35804
16741
42688
36881
18043
20708
23218
27758
27464
20044
21385
37432
40824
16018
25785
40998
31670
47428
25318
34395
42343
44222
42825
35899
36146
45729
25172
26748
30400
34945
33177
40832
44480
32990
44264
39906
35887
32854
40631
46415
46550
23320
23495
39319
44308
42652
36357
19459
42205
21394
34479
44778
46083
42008
43959
19327
19892
21039
21612
19437
41797
31344
22871
23462
21293
40699
23395
25079
35157
22193
34370
19169
29839
31907
21003
21028
46435
29641
34856
33948
43538
21240
36719
27600
15317
36110
17295
38857
37222
26992
23470
31520
19137
24758
42064
19803
43564
45476
36987
26490
20085
16988
26137
20172
25211
41427
35229
25095
26095
15746
44265
23704
29532
40798
25967
42040
42853
18441
28055
38080
36175
31050
38241
15934
46271
33979
42572
18760
21700
29377
15990
30096
40983
38337
26372
26297
44706
23953
27076
45929
41024
32557
43537
27296
23748
17580
34040
33608
38204
39282
31897
27149
27255
42662
45775
41326
23748
37863
30483
43028
26877
16442
27549
39267
30404
34631
34253
15440
31757
26310
28106
29810
31197
38964
33129
18779
46672
29386
32336
30760
22497
43439
38747
17239
17894
47725
31038
29913
29274
40866
33388
18024
28895
39928
45624
42011
32515
45398
37690
32056
25027
39000
42229
38729
15438
19453
34998
38770
17419
32160
30143
46593
30172
34090
47269
20551
45221
41349
16887
19623
22792
40276
34848
34028
27251
44001
16527
43743
39261
37462
46101
23322
27340
28977
45710
21015
25883
16882
27075
30604
15866
23830
41871
46075
43446
40009
44865
17540
44987
27864
31298
33023
43095
26213
39928
18503
18368
47582
22761
34520
23129
36016
24868
35741
38449
37943
19933
40707
42444
34169
41559
36946
20519
44309
21511
44349
25078
17270
40438
22456
15408
20812
41831
44553
43981
47165
42426
31010
28367
46039
20880
21806
35455
26314
26416
18538
22265
18516
16937
15414
25578
34300
33849
35948
39577
44419
26478
41200
16676
45848
31627
17800
17164
42955
21165
46062
25332
46148
24878
33828
47526
43957
38090
30472
42583
19213
26368
20264
37932
30831
28347
43991
47357
38626
46386
39553
45400
16970
21005
21051
40393
34711
37577
19870
42328
27964
45405
46806
33108
24546
24094
23030
30287
22366
41184
37262
24170
18401
21854
24960
43219
45935
18140
46095
29323
28563
44810
27961
40045
29520
39980
18503
33388
16730
33400
45986
47132
17031
31935
40680
28276
42112
32848
28479
26322
37052
34842
36330
38719
20399
31504
17690
25588
44094
20946
24326
37406
43895
16265
47933
22495
27775
25106
20027
44437
17611
15712
16187
17502
27795
34331
38989
17884
20356
32653
15528
16693
21942
28863
39233
26974
47325
29919
17309
34970
47555
43749
31459
19773
18934
34935
16181
21430
32189
21513
29504
37324
23121
35400
48146
34600
21578
45753
37676
22292
37464
26525
16089
44930
18483
38169
42174
41296
15829
45971
43697
19914
22246
33119
39375
36209
44664
32667
47048
29691
39668
46679
35454
21914
44628
33786
31183
45441
34451
31712
17326
42405
33378
38984
30329
20416
44573
17262
25990
16284
31997
31732
19456
24206
41615
39046
37361
28736
41061
28350
26527
37044
23563
24901
43804
21382
20796
39228
19481
26738
46166
28378
41467
26901
39180
17750
26673
46072
29019
24071
21700
30922
30911
26314
32047
23021
24486
18340
32114
18229
19237
29608
38242
30188
31978
16667
45123
39449
46962
36055
35480
17665
45692
44269
27194
36079
46013
30350
40104
25137
40917
23340
44958
46435
38786
24796
38889
21232
29971
31231
47737
38869
15904
32801
35768
25512
23929
22049
47386
27609
47452
30098
37109
21561
31211
27490
40084
45240
37852
34745
41095
21619
27507
17700
30524
37358
41901
43763
31188
20637
28095
44768
27439
39850
27838
23025
39241
36338
33184
46239
43210
16209
37731
15927
16088
38687
42892
29569
32048
43002
24275
43168
33909
30918
43549
47673
28871
24307
19370
22999
33944
19966
30864
31118
30139
16443
44648
39647
37054
40145
37191
34012
42618
16134
26096
42380
30696
33469
31815
41617
37943
31292
40457
23816
23835
45363
21947
27825
42343
41210
41440
22096
40414
47643
26735
33107
33862
42768
16004
45236
18623
44110
22614
33569
40275
18818
46441
15963
41934
32794
23813
27100
44496
25351
16102
31932
17184
21441
35893
41685
25155
37004
40119
23846
44878
30715
46149
33141
34040
42418
48252
23864
39923
19567
18101
32694
48253
29004
27191
28522
44594
27710
21164
20136
23076
20962
37586
45955
21293
43641
36723
46829
47236
39472
38551
32544
42639
24230
30456
18749
43512
17832
43958
46643
26883
33087
28748
24291
30495
31980
20675
29570
34491
38962
35366
27198
27994
27221
20277
33060
44522
29538
17757
38721
32081
24175
19944
41223
30026
47396
28530
48115
26991
17530
29596
42349
37526
17091
36100
39152
33889
26347
39284
22890
41233
18685
21593
27110
32667
33768
36215
47464
30718
24708
47068
17944
18899
45520
25874
31651
37158
18046
32921
20703
32132
37809
24468
26798
32597
32005
30915
47652
24429
24016
22705
33772
29917
47015
42543
36583
27919
43556
19200
33815
23058
38887
38102
22972
31538
40155
25214
39868
29644
47546
45399
37704
25696
22740
40712
37309
39400
36876
45938
25288
18280
17443
34532
43470
32199
37177
39054
44683
21981
40080
26937
23801
32973
45972
44597
31859
45717
23576
45202
25114
39651
47587
44179
41592
24619
28011
17759
34403
20726
20448
24826
18212
16253
45164
32884
21977
47990
30394
26720
45592
40494
20149
44424
37845
40152
16786
31199
27782
21796
24592
40375
33668
34836
25086
16692
45493
30476
24318
18945
32872
38696
33930
18753
44928
36561
27956
34249
26325
45459
32050
30348
38615
28201
26649
16726
19573
25306
17385
37310
31805
35849
19786
23638
35012
16647
16661
25124
34888
29483
28438
34902
36244
25381
27153
22577
30756
16527
30978
47947
36746
26565
44457
18426
28176
45559
17478
45580
32415
35708
45218
46008
37343
17513
31822
33493
20128
20323
23087
42570
33145
25265
37691
16326
36782
44949
45181
40369
37207
41949
34399
43362
22207
27061
34088
34194
23819
39359
29380
28944
30236
21350
29124
16823
42934
44911
31141
35742
34273
16592
42069
18574
35983
38854
29939
37817
48256
31522
31702
19880
32611
19427
31698
48246
38718
18186
29878
31804
40207
39338
46873
21452
21172
31551
25943
16802
19464
16960
34262
21783
45903
42744
35470
42968
44244
43153
29128
35735
40400
18546
25637
16384
23182
36811
29667
17647
32717
37741
24924
40160
31590
27104
35023
37799
34862
18351
23907
23905
41246
46599
38249
41386
44977
38784
27618
18192
31118
28475
39745
37576
37223
40493
30066
28832
20257
35514
48410
30517
37685
26246
42017
31846
22870
34440
37742
19976
24148
33120
40945
25307
23872
34794
20711
38845
42961
44051
39769
19742
40454
35307
46822
30900
18701
34556
44995
32624
40292
39899
23040
27568
43070
23548
35341
21430
44072
45002
46716
33881
28908
29943
26376
17402
19125
30993
38103
16826
40053
33367
24572
34026
22916
23242
48704
28868
19082
37255
34594
45144
39326
26195
33052
40648
27055
37752
21544
32696
32035
27088
34179
39937
44991
29471
24753
38565
18375
36517
29121
36360
25190
48116
29906
23901
32591
34816
24278
37470
28581
20597
25494
27456
44057
20813
40183
28902
22098
45217
46971
33109
27025
31935
18442
24168
24213
20606
44787
38084
18108
37326
44078
20239
41580
32403
35044
26973
30385
31668
31280
22763
26151
23150
41256
48144
20763
34799
19479
42608
16621
23328
23821
32115
41656
29890
31130
30966
38197
26044
26582
40000
19933
36787
48292
47927
22862
29660
48952
24531
47856
25614
42455
41940
45016
18972
36830
21168
39149
31073
24838
26576
20553
48796
25062
48379
28130
41471
18874
32019
49001
36738
38242
44799
30578
22909
20398
27880
22486
18806
44760
39848
23381
45879
43858
46719
41600
48676
29634
33544
42967
22732
25164
16748
32558
35518
22287
44246
42069
39070
39922
24615
40183
44664
46496
29418
29123
33875
17873
25226
17098
45322
25292
39874
31528
40791
34857
47190
26599
22833
34012
17665
46624
40280
35439
41902
40035
29486
16783
24043
45913
45256
34762
31642
16808
42821
47767
45545
32535
26974
45975
32389
37619
24639
23066
33547
20913
41621
28133
46272
32212
16873
28467
46209
36882
33324
18425
25341
19122
44947
39534
34081
39992
34469
22731
36052
38212
25234
35407
23013
30136
42438
24967
34625
38169
37054
34764
39018
43576
31514
16909
39716
46609
41716
21199
37234
38387
34417
48497
47040
32993
31637
20149
31586
29753
31324
36476
46397
21395
19718
32465
31940
49132
39602
19497
42791
27140
32814
21225
18118
25604
43790
40489
48876
46692
43771
17336
49082
48140
27982
16736
48737
35257
38622
49003
48533
25763
45077
23653
31294
35933
22346
26148
20592
23548
27978
41990
27805
34427
28728
38522
40201
29278
30872
20418
22399
30870
36006
18935
18243
35493
48620
24141
30535
33794
17683
16792
27809
43711
36858
43535
17725
41833
30213
33360
44751
23600
34488
19877
18956
45895
42628
41350
19994
23694
28128
22623
32837
19055
32412
24979
21491
40453
17266
21184
18138
25220
19935
40517
19824
38869
17969
37633
25507
20608
41440
35166
38347
26319
37921
24974
38365
36145
27833
46869
45281
48604
22799
28040
47270
19894
48006
31380
46516
42614
36105
37185
30082
27654
31976
37496
18665
37164
17122
26308
34521
40810
22403
42325
42827
46627
34480
44106
35446
34046
36992
36400
49222
17808
19533
30917
25610
30773
33291
30978
24685
26686
28121
49241
44967
47954
41430
20284
27636
36878
47670
43230
17477
28655
38805
29757
43318
39026
37770
44640
17985
24441
25472
20957
39729
46833
40385
38815
18905
37810
38100
46310
27653
48038
32009
47759
34225
48942
36946
31126
26489
41409
42068
37081
38225
30167
26302
34847
34166
28677
46042
40024
19365
46441
47970
41255
33930
26952
26516
39837
38267
48630
47752
31304
37990
36086
38338
36460
27656
47715
40964
43664
36960
26510
48485
35388
22372
47337
19879
26370
18930
45860
42182
24251
33033
29589
29133
36627
25401
18397
34797
35400
22104
26825
48592
35118
47479
23670
22315
32375
47892
17337
44179
28465
24466
38589
34193
46224
19430
38126
22776
35566
43154
27670
26486
37392
45271
23238
25706
41643
16934
20984
41205
40230
32729
23026
27988
38306
24352
48750
42093
33080
44862
17911
38311
18561
29173
30870
49407
25436
38974
47534
39257
25067
30526
47397
49427
34527
35190
32708
29920
22262
20538
39649
39124
16833
26980
43835
39867
18347
44361
23333
42159
16695
26860
32743
48874
43913
34930
27233
30680
40488
17878
43761
41840
19970
45022
19607
47813
16817
40270
19287
35032
39676
24667
18911
39345
39329
20066
19050
40878
47954
28634
28388
17178
40189
27784
33871
36865
33104
34801
23909
30275
41085
16917
49279
36840
42298
28762
27829
41395
31500
25287
31303
35322
20934
26994
39484
37301
31308
20028
31048
21460
32925
38587
18931
44758
42769
41592
47608
29847
42719
31067
22251
19561
23009
24163
42527
31591
45468
31386
29639
34566
40827
46153
40283
26093
21083
34408
23358
45831
27980
27736
19869
38614
39830
46549
20634
23306
42491
22310
23466
23634
27964
35222
28731
20082
28127
20520
23451
34454
45358
46215
20501
49125
20355
20540
39261
36442
26563
30243
28718
29647
45097
36896
45361
19291
33861
34062
31521
32478
37956
47864
30765
47834
39281
35212
22173
38021
46076
45260
46265
22044
22010
43015
33766
25977
24494
22792
42771
30952
20743
39821
20563
36407
46185
34043
25035
22540
42673
24655
21967
38267
41075
25176
29256
34776
25733
28196
19289
31434
47042
32184
22850
37537
17928
33539
42372
21738
22659
21781
21318
40768
49454
32141
34551
32869
40854
31312
28981
42897
25314
18305
33005
24073
44304
17837
32964
48884
31617
20549
41910
41322
47288
38994
17661
26831
39775
38756
24373
44895
30346
44747
32445
32521
24384
18186
45920
35969
19256
33673
17717
43153
36064
24202
45251
23472
20643
49502
44649
24533
32620
27865
18686
27789
43622
17923
18356
35148
25607
23312
28482
23040
43596
46227
24130
39404
17990
18158
35031
47284
17621
38925
38804
19892
27828
27988
44441
21910
21941
38357
23039
28196
34126
42183
47223
33882
46165
45107
34093
43200
41480
26609
42995
32247
38992
39123
31387
30097
34119
28704
20132
20262
19959
37700
30234
36259
48741
24517
21431
22246
47822
26489
46670
29064
38448
31991
33642
21754
45580
25675
30002
32724
19306
31726
28559
34921
39199
29173
45201
39839
40779
22920
24591
24062
23589
46230
17038
25350
45563
17863
37732
44742
45684
48818
18974
30122
44825
40529
20254
36501
45843
21425
25481
19247
18998
30958
49248
43649
47423
47711
45292
39359
35674
48654
44128
46948
39144
40811
45754
19588
27518
21313
28906
28766
41777
34792
28726
35378
49425
21949
21725
42322
31475
21455
28666
19322
31860
25819
43180
22884
47418
20603
32884
33176
46205
31898
46814
29058
25030
23339
20580
19654
33527
24602
33935
29400
42892
37763
22367
17095
45344
37923
25069
20825
33075
40460
36431
17757
46122
27036
19132
20029
36247
30383
30704
26835
31163
38932
38610
26237
18506
21310
31061
27252
33901
26684
31388
20825
36365
38380
33377
46865
22607
28267
22423
36563
29019
20431
34382
33151
46946
21785
23768
34354
24287
21349
17450
26903
44573
46948
30596
46208
37369
22284
24405
45109
28649
35726
37721
27403
22845
42889
18436
33465
33701
40317
43811
40424
43764
27266
29633
19593
49187
39226
43335
49771
35225
28932
26088
40973
39081
42354
38972
48561
47197
39422
34859
44209
47474
36344
41741
25366
49059
17603
21263
17767
29739
32321
26073
33471
49541
21388
18030
30498
31862
19431
36435
34833
40525
48628
45555
44892
29802
20775
19522
43064
26877
45946
19873
29329
18704
22370
37378
41122
43976
19970
41548
41666
24295
37279
42241
34177
31894
21589
49694
22003
36450
42760
32322
41036
24964
35997
20755
48301
28773
19817
31453
24126
34145
40681
23933
39037
31435
29620
23678
20182
48178
34735
34945
49779
27875
31872
39394
45653
22447
39493
32408
49572
35823
34949
32605
38979
19397
37734
49168
29096
44964
20769
40791
36331
41746
48052
47496
47388
40620
37591
37578
23770
17259
39472
44151
20513
47911
34762
35269
22884
33369
46788
26534
38620
32549
29254
44012
49439
35224
27833
20401
31732
18734
46904
18678
43366
35735
19777
46986
29463
30906
34993
22830
32215
18427
37359
35062
31605
23225
41063
19954
36565
24603
40762
48398
46659
26125
35379
45623
45063
31621
38654
42175
36154
18443
32404
39683
26328
48248
31482
33099
26902
49406
19755
26609
43253
33896
24403
27846
30743
20643
22333
21425
43729
34942
44303
37529
33923
45742
39477
21637
48676
46613
29851
47106
23329
43844
18975
19654
49256
26430
20550
38034
49599
41854
31789
35677
39259
26428
22211
31406
32174
38381
24886
40010
18816
18185
40363
20495
27201
19216
36914
26912
34974
33231
19449
22082
40786
26080
24768
43398
29759
29040
48268
49961
42941
49220
21920
41912
20018
37630
45225
43383
18403
38813
38713
48388
19209
39748
37494
45368
21544
35132
32276
23118
28828
23355
18304
41031
38772
24295
44382
37004
33924
29846
37686
45782
18870
43864
48490
42315
35489
24119
35180
50154
38493
46781
30253
24360
21397
47287
37081
17883
45789
47929
39361
42584
39750
29410
30105
35544
34096
29025
48867
29985
46944
48696
35755
23906
23123
27840
47989
39006
21969
21358
24948
26828
44229
18516
40700
49150
19275
34539
33338
29122
31499
41743
48419
24454
29126
44363
18602
24255
44590
27735
18486
24203
38651
20447
49491
37012
36923
32902
31655
39224
31465
45355
40233
35560
21186
38251
22157
45262
24148
41319
46082
27827
42328
30407
26144
44063
41281
41727
38684
47298
23573
37584
41023
26642
29052
24338
45974
28214
42519
22194
19946
22563
35090
27127
34034
28933
21501
23305
34248
38624
31959
22451
22426
49783
44652
24680
46754
18029
39650
41092
39768
35242
23694
39893
49638
49408
22796
21850
17884
27662
23182
21322
42533
39269
21364
42072
17722
46570
32797
18998
47509
27516
23293
44376
33385
21206
38640
32250
29840
31926
37838
42596
29636
38463
33088
45677
19475
44187
41938
20542
49037
21478
28745
20056
40000
46407
28982
47833
28262
18528
43723
34810
41692
48105
28910
23005
44502
20887
25484
24966
35282
45379
34096
26919
41674
30536
40916
30112
33198
33325
27639
41286
19473
50052
44527
37859
27683
38929
48513
48127
29919
27439
43951
44382
38533
43376
31441
18634
46923
18052
40167
37139
33871
23132
44078
20819
36561
39310
37361
30838
18847
44284
36770
19962
31440
44209
24105
25588
30133
49675
22396
27220
45325
46367
24176
18281
36216
26969
30927
39336
24623
36195
20394
34473
38385
33352
35312
31602
33345
48602
46400
49656
44750
44113
45308
36835
48947
21812
20383
29330
48352
18301
41552
48223
24408
37112
41655
22308
42142
50412
44815
40958
19945
22013
35964
45136
38047
18257
25503
47115
43905
30962
27496
19757
24611
37747
46636
21640
28832
22231
21752
26565
27019
20654
17700
23720
41001
48513
23595
20886
40157
39280
42426
25428
35299
42010
26630
28689
31297
23485
49763
35751
40187
45982
39443
35102
45191
35244
18779
48497
19072
40800
50396
24469
18335
39399
43809
43448
30694
19843
29301
40903
23326
22575
43255
40754
33156
20354
31472
39923
25792
34261
29539
44749
19734
43688
43750
22737
38624
19010
22705
40999
27708
28824
31221
27147
18178
29552
33647
46614
20217
42950
20796
40639
26698
34415
18671
49953
34356
33788
25057
32255
38402
40929
34760
36357
38458
28375
35723
37712
44568
42110
38485
34353
22842
24647
21225
35630
31645
49553
49461
18506
29128
34578
26665
40839
28999
48505
22985
29352
19803
49489
48513
21563
29680
38953
21689
18903
46799
25842
44458
33699
46357
31656
30832
44311
30948
22581
45664
47879
40280
31890
39835
23261
37053
31279
43747
26406
18175
43669
29614
34128
28769
23370
45689
20657
34930
28916
29535
46796
20798
17858
34538
26832
36545
18184
47401
34402
38561
38441
32515
26012
34844
45242
36298
40022
49214
25572
37140
44708
24152
36618
29382
34463
27823
31148
26993
39273
33137
49292
49378
23915
27629
40463
37108
30177
49666
37349
22185
47001
25048
44012
41849
27383
48079
32338
22250
28477
30901
31483
38497
41737
20540
49186
30520
46624
41899
38978
36624
18537
45267
45367
24169
31293
28997
20128
18800
20958
31170
31625
37655
39492
28147
32583
36459
40736
23642
39330
31267
27163
38537
19002
47732
25950
22930
42787
25901
34648
23230
34515
21503
27579
35970
33086
45340
32200
44974
35903
45573
38861
34024
46906
29852
48108
45657
18944
45697
18973
45478
19186
48795
22390
23074
45162
33013
35499
23362
49494
25804
41425
47953
26918
27878
34151
44644
33513
25125
35990
22929
24498
20571
22200
22108
35905
50528
24088
35442
39391
34402
43000
42906
28298
44925
46553
26600
24658
29067
39926
23091
40963
25150
24850
21194
46852
37484
35699
21603
40063
24233
32559
34132
42434
44571
37286
34054
21990
37770
30288
46502
20654
33975
26809
19997
29873
39919
47049
18499
24764
38879
38473
32591
26738
36266
21667
37523
48181
33081
26601
24678
18506
22483
25113
44385
36663
22765
49056
19406
33648
45379
44572
22365
42035
44071
45158
22809
25009
38681
50128
26523
35950
33689
27307
38781
21482
23353
49165
20498
39041
31222
30929
22612
38032
49864
30174
45086
41177
25208
19373
35228
38953
46258
25349
30463
40504
32603
38665
41077
19920
30756
29813
38488
37425
18528
32293
37797
44981
33555
39639
50353
49072
49483
36913
26135
41882
22707
44806
20469
45936
24677
38101
49496
43863
30720
42642
32756
40067
34042
43177
40985
25943
23096
38977
35042
29901
32220
43453
34992
23833
33119
37001
36310
31113
40927
29715
22422
43952
38586
46615
45901
29635
27739
28192
39402
26691
39252
48716
49572
20700
18349
25935
30701
26766
40060
45498
22433
35594
49078
47742
44932
20831
38469
32939
44267
25045
25179
24190
40633
30489
48645
26523
25741
25243
41987
40599
24122
36405
31447
41913
28536
49421
22044
49410
27609
43964
25113
30570
32510
32688
44438
29037
25866
38350
50670
32454
34647
26716
22886
32123
20840
25631
21437
21529
21023
21696
43269
24897
32048
28789
49841
33891
41174
50909
49902
41930
25541
38699
37431
21465
24415
20870
27427
33684
43562
18352
22658
21090
26242
20710
22953
29456
43403
25864
41226
49178
20074
29434
41224
25894
35253
30282
23305
49618
20775
36883
42188
27055
27545
42785
22525
25997
48429
21333
40966
39418
41933
38987
23081
30469
30676
45883
48075
21832
34058
32797
45843
42021
36822
47633
46516
19791
47791
39677
29191
29068
24532
40568
38493
25274
45885
27623
41619
32528
49361
44005
30695
20903
39641
19689
39689
39993
19637
31522
23670
44584
26061
20390
23297
44226
45259
31436
38066
45251
27400
28118
31188
23835
36931
18388
46666
21234
36505
35269
42274
42730
30385
22014
41581
48036
31800
48848
44877
42373
23181
26725
40015
31674
29117
33259
44539
47737
44977
23028
28586
39562
39334
37405
43160
33287
35294
46574
42810
29280
30101
47362
22226
38817
20279
41064
21312
23800
22736
23368
28443
43634
31428
36554
24576
45061
29376
22835
34090
25043
28400
20562
31811
35245
26995
48922
30842
37334
22540
26256
36822
27914
33818
50664
29386
49087
40650
44522
49673
44715
25995
41883
30363
30342
27330
22042
36913
45329
22207
43976
32182
27479
46320
43691
29734
28979
41301
49173
42915
29202
27188
43904
39622
25338
31246
37053
30771
49612
40401
30030
43632
40390
31567
44304
42487
35147
19439
31261
39305
22759
44963
25584
30918
21390
44058
35274
38139
47140
44086
29781
47163
48195
37824
43655
30385
26680
47963
36298
43572
29774
26806
49498
19484
35664
38662
41198
41300
38473
41908
35482
27825
30094
45906
32756
39810
19198
25300
25206
41065
47497
39165
20259
28777
48623
35863
23917
22079
33994
20455
50519
36854
25039
32736
45271
27318
19537
22935
48254
20701
34054
23415
27482
32336
18702
48054
37404
20244
46641
19335
32118
23576
50281
39570
22471
23125
30880
28321
37370
28697
46266
25500
21419
29856
18646
51127
46732
19941
43473
34794
20744
24759
28940
49314
21542
50959
35184
50870
49327
49313
44463
48284
30611
37297
39884
34781
43401
50216
41437
47814
27126
32487
26640
50784
26896
26459
39916
34979
39235
49490
24793
35559
50132
49421
43491
33947
20676
50070
24763
30265
50679
24916
32254
28793
49557
36572
30394
23494
29617
49162
41775
21486
23336
49489
33490
27677
18892
47951
33176
28428
29634
38052
41584
28534
36393
42501
45841
48332
49404
29836
27895
36905
28730
26194
42920
34184
41028
42304
32828
46389
31110
42018
39452
33153
44889
31229
23818
27834
20008
34723
21602
35674
46290
39812
37791
26239
48464
34759
50208
25243
22680
24218
49197
32365
41409
18630
24373
32304
44135
43654
22361
22290
37457
35481
22575
28391
33873
28566
49855
33823
25196
42880
41682
20981
40763
44442
19821
50410
29329
41596
51352
21362
40799
35431
24675
20205
20692
50646
36139
49368
21192
30805
36634
43077
43354
20886
25325
43912
19416
27842
29690
37428
34528
47629
44913
39750
18885
42637
23778
33695
25396
30284
24575
20664
28952
33948
51108
45969
34746
24234
19988
38890
21549
27734
44678
46006
48617
39746
29664
43725
19382
49193
42178
39649
20428
41587
28870
41907
40760
26118
49926
49030
22657
51038
24031
32724
32140
24032
25589
33345
25789
22635
29303
45517
50527
26673
45221
43085
25414
19909
30863
50204
40370
48244
32031
50702
25975
34777
37209
35749
24155
20396
29922
47496
44992
40411
18879
27184
51331
43740
38752
46309
39459
48193
32477
41193
36646
20877
33919
22771
49336
37702
37506
45790
44950
47179
39193
24483
33834
21864
28595
22405
39415
19240
23421
22155
23096
50666
24360
32051
43460
33847
47084
26981
28213
22355
43981
23462
28233
37394
36125
48270
37257
23021
38722
38524
49960
36437
35001
22408
31789
47688
40539
28601
47317
50209
21471
40825
23858
20404
36257
35397
19737
34458
36769
25001
47931
47818
26063
48236
29586
38761
41350
28168
42239
21476
36950
29276
28209
40251
20486
49573
45512
43424
25561
41131
30138
43584
44817
49464
20982
36705
30898
50894
45640
21165
23688
33689
28541
48077
19819
33187
33735
21306
36034
44103
24163
30544
47942
44520
39544
51109
26377
21987
40259
23192
47798
39617
24433
28973
45594
36018
26060
40216
30691
19511
44314
36119
20648
22814
36162
29573
46890
19891
22449
47917
36314
23093
46332
32348
35227
38023
34247
29754
47560
28712
19173
51289
20857
29285
22721
37007
38402
30413
23036
21761
38589
38886
25943
24193
37386
36894
43732
48922
43923
42756
31768
51432
22485
32440
46100
26413
41180
21920
49636
36258
43085
36957
23287
45579
35498
40958
39025
33806
34770
39027
33741
22341
38087
35652
22215
29586
47796
31363
29305
49075
26415
30719
20932
31254
37307
50362
31473
29678
23185
33949
46232
33414
34464
23147
33217
39637
31954
32756
43338
19284
43153
44683
19593
34828
25994
27577
20785
31987
22704
36403
41594
23160
23172
36618
36220
20573
22164
31522
48348
43717
50242
39141
38827
50574
40135
38456
34699
51680
29304
21166
27156
27142
36167
39420
45430
36733
45196
25262
30815
44875
28166
25880
36127
47250
43548
40590
47114
20837
46441
38104
49437
21978
40824
28128
30949
19809
42700
44974
51357
19028
27172
48278
36247
26575
48893
24496
50141
22977
20823
32137
50199
49987
28860
48408
39087
50985
44671
48372
44596
34519
45378
43204
25340
33623
25018
49910
47630
38056
21687
46772
46398
27480
38494
50707
39578
20565
47801
43150
43269
38656
22387
44468
32802
30083
19164
30749
49012
46948
29747
25762
41155
32347
49445
29133
37313
34145
46225
48015
37101
39434
19086
24369
20920
49172
23983
23437
27622
45888
29062
49534
39480
47968
34406
51349
19528
34482
23149
39950
36788
32364
48066
29698
38014
51608
20508
20190
20659
29218
30084
24339
34635
24624
41051
33039
46673
40881
23198
19821
45124
42041
51305
39784
25788
32524
21946
34710
40016
47993
29048
21203
43960
21865
31156
44410
25135
32311
48430
49884
46875
41922
46619
39146
31472
28097
25125
38965
36690
42327
23476
20505
27258
47848
39020
19252
27098
24106
28919
34845
47108
23679
22020
27219
51656
47490
22159
46964
46748
46559
23395
29872
28738
47209
48094
47228
40356
19814
36853
50315
40195
45101
25463
31738
29008
37620
44694
35275
40666
39139
47011
19348
47914
46701
49689
21624
46123
27615
44765
40023
37519
36409
29124
44866
47981
37438
32854
28978
29999
36295
40402
51705
45995
25436
43122
19832
28560
19461
19439
46099
36100
45918
48456
46946
38283
39402
25536
42793
51499
29097
37669
51851
51918
43245
47960
24954
27623
22377
45322
23154
23384
49547
29636
36967
48020
42508
38186
42236
25600
35269
42368
51957
20896
30148
51565
38127
35567
23455
23807
40014
31502
37896
51184
38008
34849
43938
26408
40513
26871
29203
44930
28581
32233
32603
28115
41917
45316
41828
51241
50924
41322
29657
25680
29530
40437
27708
22427
37283
45854
21555
50144
37328
20509
24611
50629
45190
51026
49152
38970
40061
44516
36964
37191
36916
24232
25054
23560
46051
42052
51852
37878
23474
20116
46572
42343
30248
46924
26351
38745
48870
31199
24655
41579
35221
25248
42787
47404
47389
22823
37809
26008
46871
51703
42115
40928
32646
21342
34749
33386
38081
47516
20141
32537
28596
26183
32676
31182
49224
30445
31236
27695
37408
40700
24731
30375
43398
24799
32303
33453
44197
25194
22618
23114
27896
24696
25753
22741
25858
34258
37791
39170
48704
43347
42735
50203
29532
46922
33961
26252
25251
51744
32164
28069
25785
46651
47550
45724
48011
36129
48752
46801
28038
23521
50086
30038
24839
43183
51917
28079
19474
29646
44077
19414
19526
49075
36473
20867
47888
25703
31908
25769
37408
45613
36343
26436
29721
42853
21601
48210
44429
48560
34062
40479
49704
37461
36666
43462
23083
28131
38216
50165
42012
28440
31758
47856
32444
23810
33908
51673
32570
25700
41789
24878
42918
50267
35620
22675
25000
44609
40235
28114
37234
23762
45872
46368
21747
42637
30913
24226
49998
36701
50737
29999
49290
40313
45547
31320
47499
30089
19463
33701
23617
33290
47131
48418
40991
43507
39252
29978
45775
23193
33989
38179
40228
26832
28158
44122
46160
36179
49633
28400
43863
32870
41905
20198
22723
30905
32876
37396
33946
37264
27739
35184
21133
23585
32487
19853
40050
41021
41134
42082
20724
36915
32726
29773
43657
29682
40609
26712
21157
36717
45122
43450
50478
51268
47088
21153
34863
20128
40504
32302
35792
19806
45207
39361
50822
25969
48968
23416
24967
30849
19803
33266
35201
34520
34567
49497
46987
42111
29249
33183
34396
51620
36237
20999
26554
33343
20757
46568
20022
49398
50680
44718
40727
22845
42980
42785
32916
25793
50407
41962
22598
38919
36738
23890
36316
51792
38656
42574
26129
46273
23045
50361
35291
44224
42858
40672
36325
23969
33096
25155
36416
50562
46675
34714
45654
31091
42346
22551
44319
29915
24428
22507
36247
30743
39756
47627
29551
47715
45160
49460
31746
29438
35606
45612
31628
32137
20352
47948
22166
40368
40627
30011
36789
42509
45554
24828
23924
34377
49232
34603
23695
33925
25214
40067
45666
42488
26849
20388
45984
35545
22503
42003
25416
49535
32412
32387
24021
21703
23416
50771
33974
39350
50043
49239
32253
32863
32637
34523
23643
27655
21439
49893
33612
22152
42437
35515
39823
49907
46184
35237
43993
50041
38439
21748
43466
38540
29118
37443
38688
40769
42234
21245
32555
48377
19915
51488
26753
50752
27035
47424
36594
43765
32478
19918
31166
33196
34026
44954
49670
33872
32265
34711
40321
49165
30669
19934
33136
31852
26020
35318
29140
40384
35244
26707
20702
34498
24521
51484
49831
48504
48884
44082
31009
22363
42198
40557
31822
28856
24469
35881
49839
45911
35310
40193
44544
45147
36228
31962
49186
37225
40823
46628
40025
25868
27449
33116
43191
35416
24477
44501
25560
32718
21041
34745
49872
39296
27854
24394
43874
25206
39277
38254
24179
44367
24636
20843
26301
38955
27634
50159
24520
34761
43103
39763
43286
24045
44871
36128
22942
28421
30576
39123
34685
31499
31226
26589
47079
44461
49647
28398
35683
27052
39451
46195
31288
25474
52510
24670
46370
20295
43967
31013
32330
42453
19843
29197
36469
50475
49023
28328
23164
28687
38250
24476
52476
28920
37110
23719
51278
25642
21344
24544
33978
27939
52550
50752
40679
23350
24762
47456
27286
33142
27028
26244
23952
50645
40972
42713
42717
43917
35208
31995
50743
23743
27570
35770
47039
30554
30158
27166
34798
41279
37963
30889
25549
42915
41623
39899
31081
44468
28472
32764
48257
44671
50713
51733
25475
22033
29985
23104
45239
30172
32522
33569
23481
39005
28785
23221
44844
30716
35625
34890
44717
23860
48085
46031
22790
42995
36278
31310
23204
34884
37057
35767
50252
43563
26101
21983
39433
22736
26091
24776
20073
23776
38319
49187
32232
39473
24014
48659
32429
45221
47024
41780
39028
42064
50472
49116
30924
20701
34378
39585
46978
44077
41341
26651
32605
40002
29137
45035
44811
25692
20370
49915
34396
28001
50973
26376
45998
28034
45554
23390
21929
45852
26123
39651
50476
38620
28524
32599
48006
22823
34812
43482
43242
28345
49555
21679
20253
32908
38484
29247
29810
41723
21309
48481
49912
34855
37116
40664
42994
45466
44804
35869
51079
25898
34017
50016
22715
26912
48584
35017
32158
52122
37491
51459
27587
47406
21804
50427
30964
42704
33831
43749
24612
21238
22036
49281
21157
25082
29941
33436
43420
39359
23341
24025
52145
32919
34522
25777
39691
25444
30565
42681
32635
34558
43352
36131
24823
35029
33903
24712
42571
45784
28657
23525
35851
50837
33088
28899
26572
33697
30895
41307
43923
27962
32917
37401
48526
37675
25248
47840
30722
25072
42859
22447
25989
48667
21586
32579
36205
28406
48005
33501
25736
40042
37467
31557
46606
25631
49641
42767
39123
51685
42452
32285
50369
34643
44387
40549
23686
32429
37592
30196
32650
21771
40193
52787
47140
30648
40714
40042
39437
37081
43669
48002
42261
44879
43020
29455
49172
42462
51510
28558
24612
25998
35337
36842
45069
22353
46016
44102
52225
30951
38445
47606
25994
49407
27471
28878
25536
36511
39207
21920
21439
42949
50632
52736
48472
35663
29102
41290
45063
39448
35920
35559
39973
23396
46840
49611
52319
24702
43475
39234
37735
35743
28484
40685
33257
48658
27006
23047
47297
45462
22098
36845
43883
33028
50501
45534
26299
42033
46054
22527
45006
25366
50271
28066
36672
33838
49737
29383
40095
47648
27077
30435
40480
38046
42184
45281
20625
30861
45750
22631
27535
25446
28211
42074
46585
32220
42294
37540
48805
49599
46942
23861
36177
46880
28298
49223
24540
36022
50596
30183
51126
36736
37309
35505
48021
50604
49503
28635
29033
45240
42526
28277
38035
31447
31857
24558
44113
37782
42432
20443
50813
32703
51390
27380
47736
24701
52217
24415
39009
30146
24240
37426
39050
40934
33764
52787
40748
42129
21425
20450
43097
47834
26335
21177
45107
41648
41141
33714
27484
52089
51981
32010
25517
52730
47278
44868
52523
48503
25045
23410
42806
37915
44821
33456
32260
48794
26209
28401
24654
35604
28264
47358
23881
32573
23585
28603
40664
22971
32422
50348
29696
49871
23877
25017
24476
28728
23508
52270
32594
49236
31046
30982
24261
37001
23676
30313
35596
21219
41821
52851
31332
42750
43049
34615
39969
31271
45322
25604
42219
29374
48621
52199
27430
43742
26767
31088
26546
32321
35547
22457
44757
28509
40819
45221
30069
26579
37005
36966
30347
22538
26880
33346
52436
31255
39838
35478
38090
48097
21701
33307
27346
38018
35377
46696
39351
51440
48404
29624
36183
25564
41577
23534
23964
25818
42373
44758
34222
27331
30959
26542
39783
23895
43377
21477
39688
23079
26479
34594
39722
26803
31352
20616
31991
47567
37659
38201
27801
30283
28412
46104
50675
24786
33575
22228
45455
53011
41123
21538
36312
48671
51019
34633
30858
34322
39641
49380
35942
28918
44612
46307
42794
47332
39244
35284
52160
45420
35922
28001
29878
41016
22126
21017
27374
35051
37308
47731
29847
28751
27126
46351
28763
23216
45384
28224
45274
35203
46943
31432
44120
48204
38596
49122
21682
30910
27752
40070
43927
40483
44416
47080
26356
51198
36754
39234
47536
50159
46800
27859
38042
40664
40614
39463
29600
36158
28815
36762
35649
45810
48428
26392
27205
36336
52119
51238
25515
34951
29429
43814
21731
30394
45642
25046
39997
33511
31378
35099
21410
52646
24333
51197
41858
50420
40922
32754
49677
30353
49863
21087
29350
24998
44648
40796
39316
35755
31590
25016
47099
23688
28698
35900
25611
34298
23130
52276
37240
31289
48019
21804
48682
46552
31512
39416
22325
24812
37562
38647
27147
35696
27033
37272
30193
35048
20794
28956
29103
44869
22745
38046
22924
32009
27392
51793
22905
27307
26968
52234
26509
27453
47808
25854
25265
24652
32668
42188
35229
34056
24687
50110
24067
38052
43693
40011
51209
45056
45002
24033
36349
50822
39575
23778
29764
34386
44750
41965
39316
38805
42731
43614
25444
42811
42046
21528
36512
33995
25919
40578
47264
22415
46625
40655
29787
44790
53162
46467
49112
29238
38977
39730
28134
29493
31561
43659
22541
43178
51885
35734
27844
21375
24252
42042
28132
37755
26680
29186
29533
44829
43177
45345
34344
37579
34039
29875
26493
52012
42552
37957
22597
32466
40135
37528
29906
43804
47510
24994
30926
43098
37317
42966
32625
47411
24691
27301
37879
43332
47828
49733
42578
48906
51843
31409
47132
34050
33306
50673
21967
44558
32769
25499
45112
39195
37763
24986
27177
47105
38951
23086
28271
23978
39741
21300
25091
46967
32695
41640
34437
30175
37946
31848
41189
26714
53109
36154
47204
36989
42674
50961
49595
28774
45738
49804
35481
39002
38558
22976
31059
47021
23971
24631
29911
46306
49726
39992
35043
37140
37936
25929
39540
39573
45203
35827
49280
45780
49190
28357
38119
43908
45030
24732
37288
32506
38878
50209
52816
26583
33855
32914
45497
39912
21683
46022
27632
44618
42479
50539
52343
23762
31111
49043
51373
52395
36871
36975
50826
31297
43327
39257
32655
24670
40670
44824
36861
39571
36163
28512
34374
34522
32399
36761
34497
43641
52223
35041
22433
24106
43385
50516
26920
34168
36708
45707
44568
21868
30397
23906
22635
28265
39783
31487
52803
52565
47299
33552
27428
22521
29825
48979
24929
34987
27574
29788
53204
32042
38446
34707
24530
27849
29699
50812
32606
51664
47470
45883
35741
37407
27870
31319
32651
37652
43847
30142
31467
42159
34493
24841
46468
40948
45889
41730
45706
38033
30171
53347
51291
33217
35305
52193
53356
38512
28854
42857
37762
48288
24398
43690
50725
29707
48785
41683
43345
49162
29063
24478
41840
44213
22003
33165
25989
44876
45867
32115
28842
26070
35622
31031
36796
31239
33239
26069
39253
43879
52921
31397
36346
50353
27820
30176
26262
32889
31743
50784
42791
41234
35534
33447
35256
49071
46990
53539
21903
38600
25062
42417
46759
52160
24000
30815
43361
31684
23713
22902
52854
36854
33077
34488
47920
40139
53551
26086
39386
53425
31056
34949
44661
46582
38852
40162
37804
52197
32949
28756
50186
47922
45339
26305
50027
43416
25553
35683
31920
28864
31982
40652
42935
48229
48978
50728
52107
21430
32895
49091
45271
37371
52907
49355
22689
21116
48403
24662
52020
21406
51857
45990
21342
21840
38513
32684
31196
30373
22401
41932
21779
38594
51559
41440
33025
48379
33847
26495
21362
52281
29253
48255
41079
34207
22584
31416
41748
40557
41824
29451
24121
27940
29258
41892
35315
29163
35729
41851
24804
48689
46838
26401
25073
32660
44211
49849
23098
45569
36621
52548
52047
48413
41513
35107
33185
32996
46624
30166
28470
38288
30549
28426
40609
49853
39175
31955
21042
29130
36386
31030
41834
40834
50267
44778
46769
37116
38267
21855
22347
53183
25339
36352
36745
45354
36818
50870
37180
27924
52363
42413
33391
34735
27034
25178
33366
37554
41968
44989
31361
35255
40909
39907
36949
52705
34262
34992
51901
33987
30311
41435
49181
24189
50986
29754
24712
34600
48873
35392
45106
51061
50080
45508
34344
39056
44759
52995
41790
44875
48174
24809
46409
49784
50746
39564
39567
37014
50575
46586
31100
26801
50718
25652
32919
47747
50882
32378
25268
29151
46869
23753
25450
41296
34696
30115
34759
49149
32691
43790
48963
32463
52969
26847
39155
30934
35600
30776
22783
49897
37295
44112
33366
40589
32585
52338
43168
21529
45290
24393
40565
30743
33791
47962
21452
40940
51306
32978
30902
51644
39126
24706
47180
31624
36168
21544
40933
23961
31735
44016
34445
21538
48222
38202
34995
23585
41103
32414
27682
44934
39114
32045
32819
29847
46414
38650
52800
31891
31343
38618
44635
21909
47849
52583
37952
46012
27764
25419
43145
30089
43673
41147
33313
51080
23491
52801
37883
43827
44185
37567
41732
25875
21899
29361
22614
38440
24235
21682
50094
33931
21951
44866
25120
22354
43668
50118
32009
51636
42389
35536
30022
39278
44187
46497
52899
46180
51719
26860
36758
27020
43535
38109
51502
41224
33365
36442
23366
24466
38846
52617
51454
39197
22145
30098
45420
38585
45182
35238
49294
29624
46546
29504
44163
30223
39848
48554
37627
50687
42321
43716
51949
51444
41880
34049
32392
41901
32335
53938
41323
42909
31790
52871
38680
44945
48350
51538
40358
44948
39248
22799
53431
31759
24147
31010
22698
35893
38246
32735
39442
48030
53194
36175
31078
53042
42972
22321
34554
49481
27810
30272
42797
39185
43940
39092
35556
53551
36093
48651
35896
37289
46513
24585
50028
49411
42049
44286
26658
45224
47997
46919
53966
26764
28570
48663
45674
22032
51588
29560
51820
25126
46197
25484
52469
45749
51655
24857
42315
39743
36615
39748
50825
32961
23114
49309
53909
46298
53444
21340
44371
35888
45974
37610
53272
46096
28392
40612
29026
35668
40760
46555
21702
33418
33009
47391
22313
51026
32320
53437
35635
48904
53027
23686
31233
38051
24515
37074
23578
24029
28931
25797
24229
39829
42841
46545
51417
39281
31709
50300
38324
28871
50079
28260
22000
45758
49470
51584
28211
32176
29878
33960
34182
33235
40314
45400
47112
47385
41667
23217
25059
22100
22055
36288
38528
44958
50285
46851
38903
43000
34976
31017
25290
23601
21858
24858
41426
38666
43139
39735
40569
53399
23762
36323
33066
48360
36403
32066
30214
44521
33778
40000
35289
52359
38231
44758
54092
27924
48251
41353
48220
33517
52057
47667
32778
30554
30504
50693
45140
26549
44521
26829
22629
36559
27196
29045
36617
23951
31095
22476
36195
34524
26617
51082
40418
33469
34748
23694
30577
52415
50474
29801
22766
24984
48690
47392
30942
49161
53146
51502
40287
28937
35991
41161
28765
23327
21659
43110
25609
25872
31598
35967
48007
43962
46976
49812
35815
53056
51838
24432
51543
39783
38947
41645
46231
36672
40785
23418
48301
34824
35168
35484
43225
37708
50102
26035
40651
44112
22423
40895
22804
26802
29759
39650
41435
22603
24366
26472
26065
40022
48836
46084
29543
31188
29453
37724
47678
27439
28894
47816
40670
29981
54049
40535
46764
49863
38509
36372
32790
52523
45786
47239
27409
37310
34835
46718
50629
40022
53164
33805
24966
26696
35254
35539
33799
23757
38801
41343
30922
26795
30978
42131
22235
33041
24453
35944
52926
34754
35813
42098
38054
23669
43529
51142
47848
40316
40721
50905
37038
23461
32162
23179
22768
50526
38013
51300
28064
36124
52055
39965
41765
36605
49637
39522
32779
31148
25910
53462
40185
32389
28485
26456
49379
52473
33999
38533
36224
23860
25954
26493
53247
52734
25015
41194
51702
23007
35905
34111
34459
42887
22534
50750
36918
31084
39342
53693
39382
32949
40665
23465
28995
22359
53174
51531
52533
25982
36562
25034
52163
46638
52013
26610
46366
32554
30867
33075
22143
24597
25129
36333
35166
40151
35655
22251
47845
22338
37509
46125
34724
35830
51993
37098
49030
22145
32864
28885
26116
49355
38842
23200
33432
41394
33947
52158
21877
52977
49887
39278
50293
42566
52062
25333
37971
45524
46785
31018
49690
27590
33428
24376
37085
25909
44188
51360
40873
54347
39018
47229
39864
52649
29488
42508
25319
44295
35284
51819
43626
28954
50499
31649
32191
36539
49416
47327
43488
32581
45085
52230
26813
36415
33792
42088
24809
43579
35338
52947
52628
48381
29437
44748
25273
52960
30940
23832
49560
31094
38655
53121
37223
28015
34918
44502
36933
36796
32846
30772
45167
29172
53506
25220
38326
43510
29940
35141
34609
52432
44556
25484
43311
37087
44864
38472
37743
23352
33893
36043
38804
48199
44100
31366
52179
40886
39153
43540
44527
45968
35416
48507
29287
51879
30489
50094
54254
48691
30614
51030
30491
37563
26441
47825
46690
25657
45148
25979
27203
23929
30067
46637
33217
48834
36301
40708
32534
47032
34699
24164
44197
39041
42063
22844
40496
40487
33801
27275
53835
24125
29198
52259
34832
38342
34923
31917
40213
24402
40312
50925
34715
37994
44976
52807
49416
24110
50111
50306
46232
47421
26845
44237
34383
28885
22363
53247
50738
21820
23931
50723
25526
45406
36485
47412
30073
50103
26647
50469
43312
48755
25021
39204
28640
37588
39617
48672
47698
35797
39493
42633
22977
31757
21902
27479
22741
33493
28835
23117
24789
44205
27927
47487
32536
29404
47907
25618
24252
24151
24824
42051
51867
53732
44114
28330
35707
49023
41553
25280
30341
52477
41349
46240
49145
44015
27207
25610
26143
43209
33104
25773
51329
46404
41092
39846
48983
29184
43535
22084
51011
31598
53683
40462
38206
32237
28768
36359
42706
54579
46598
36144
41611
47855
44455
37455
40104
51372
51120
54511
37909
53497
24201
36776
48030
54215
26987
47008
25437
37394
53618
52562
38516
33988
40179
43662
49410
47830
25871
29121
29263
25272
51592
33399
36682
33523
22228
38686
35126
42509
37488
28685
27808
32172
41335
44997
23700
49407
48499
52342
52752
51802
27507
47813
38841
47136
43358
46540
43469
38118
34182
51298
33369
51925
54400
31645
45484
26192
31028
52886
33547
27607
29488
23404
40358
50476
42818
52620
45515
35252
38469
36143
34394
42527
30267
50212
31353
42828
24988
40911
53128
44134
37102
29810
53080
50260
53910
42411
41623
47696
46318
30782
27535
38357
38551
45333
30993
53695
37137
42373
42411
36526
29064
41171
46881
50347
46065
49911
53787
47118
46166
48287
22044
46494
35438
35959
46515
23035
50033
41384
40693
26681
28202
34718
34858
29646
44366
32527
29895
25006
50188
43065
34461
33972
53477
41579
44879
22852
43710
50374
38409
42031
37940
54341
34159
30934
47407
23291
30164
27283
43706
33948
34733
27988
52498
42047
33349
43401
27644
51042
43698
51009
26972
31279
34567
29839
47620
41214
25035
43827
42186
35610
41386
31094
30685
41672
51563
53846
43097
24197
46114
43235
36888
22416
24999
23273
48588
43432
26438
44751
35658
32791
22712
26815
28201
29679
48466
47880
46732
40852
25981
38336
45116
35706
46182
39341
23034
22576
45559
45670
42771
51614
30981
39861
32564
38795
54731
54848
28800
42850
43159
53096
51168
37685
24771
49266
33690
41474
41959
35044
54310
38197
30029
34866
40765
28527
29093
47770
47410
39046
29434
40269
51333
33485
45285
40399
34742
46485
45313
39072
22871
24819
39838
43804
25189
24260
51386
23712
40664
50415
39213
25326
42105
27882
28707
34259
34804
38016
24783
26119
38958
31697
25694
43860
25560
42138
44074
24058
48453
38582
25649
28499
45176
52709
31173
46515
40834
46285
47749
24466
30987
53566
24459
41453
48430
34234
22759
42473
50314
35893
27980
31162
32149
36377
33290
35011
37940
32141
40764
24318
46985
37879
33859
48031
29196
39359
24691
46836
51166
23383
33803
32656
36698
28536
40299
29352
47084
45742
54913
37821
29478
39958
26245
42875
29712
53094
27622
30178
47296
36911
41604
30627
37419
31327
51743
29389
24123
41994
53519
51880
43042
35946
38710
34529
41709
31780
23860
54760
45660
47820
46041
36503
30193
48556
32736
29972
35399
46017
26074
50936
29861
37639
45672
53937
27859
35575
37549
40485
31020
32845
45315
24727
37109
30222
35309
54223
47341
34762
36174
41077
52773
22814
24536
27071
29458
40574
53446
48204
53985
41777
22478
25679
44810
28829
44881
28399
27432
31429
24278
23278
35592
30224
51638
48265
55040
47692
38424
22688
39554
55026
32800
31511
45296
48300
28004
35964
54450
40980
54432
43754
25735
31167
52650
51757
37656
51066
23976
40742
46291
29395
54144
23153
40950
32988
51344
30278
53994
28459
39328
39837
54483
25125
27668
25238
33893
34941
37734
29207
51449
22519
27348
49847
23008
34674
30550
35035
36855
27173
26067
35358
30075
36905
47508
25079
34847
53303
48889
31126
24924
40628
38507
46862
47369
54762
27537
42937
30251
54169
44231
43480
49678
36782
54988
22907
53653
36946
43194
50337
22734
24358
54332
43679
23753
25549
32251
51910
22443
51116
41561
34368
25342
50925
45666
22843
23627
37578
31999
28490
47083
43272
47213
55047
30234
50369
49134
39166
28237
52327
22975
46534
25798
24838
39241
53105
40549
29385
45467
33319
26305
32448
52248
45069
48247
23008
46957
50283
38850
44364
33479
45583
32588
34771
22850
45292
24388
43193
45476
32519
54961
26554
42571
43156
28422
24140
35172
39771
29174
46629
35166
35169
53641
49405
31134
24261
54896
48533
37749
52968
34966
28152
49999
48336
34295
25344
54829
33487
48053
41245
39765
23903
46440
33362
52807
32081
30390
31104
23796
34087
37669
39655
24107
30142
30764
36330
52308
52784
40336
52242
22624
25336
36846
53590
26880
45143
35219
41370
39445
44023
36244
51061
53352
22991
47388
45111
46492
43078
48896
35115
45153
55195
49561
33305
44266
28804
32466
39183
51616
36373
33408
54113
48152
32484
54002
34799
33346
33131
52169
40614
46052
40877
39690
26954
34887
28189
38002
31090
25649
45499
53002
38868
33810
45440
49403
49346
38530
46844
52642
51701
23275
33342
31207
38282
39043
46324
47819
30282
33150
30931
37441
43310
54913
25913
28223
34850
24153
26641
32276
23050
34285
46584
29180
25603
48241
34205
22770
40939
24541
39534
37061
48163
52638
25201
31854
51347
27531
43887
29857
46319
48410
45912
42658
33849
22740
38883
54618
22920
53766
26997
45226
49671
27322
25924
46847
24640
41445
39612
54567
23707
29154
32802
47203
48929
54047
47735
34493
38534
55063
40095
29083
36967
28544
41410
54933
26320
46533
26355
25220
50945
50870
26639
27355
38258
34431
33768
28987
45844
24790
35747
34113
42970
22905
24927
30883
54904
32984
27160
39291
40299
41230
54986
26338
35129
46870
35033
29633
31738
35900
38320
27620
28183
33745
44456
28496
44114
28963
27180
47063
46854
35245
50972
48361
42672
51082
52078
51629
47535
53296
42267
47440
28488
45914
48185
52638
54253
38470
33124
54223
25279
40737
31587
35747
41041
46272
55305
33969
53935
26256
33880
26107
31391
37072
36845
54215
29222
37117
24472
26538
54350
40590
29514
28390
37415
39906
49972
25334
22796
29559
30765
53350
44583
54620
33620
40936
25400
26857
22775
30117
51345
50861
53940
39633
49253
52904
31966
42370
38723
44730
54051
53954
50654
44380
45163
50914
32783
35982
30210
43026
46365
39184
44538
50991
25915
47573
44235
51932
28754
37813
30269
37076
49665
38242
27016
47487
32483
32669
30905
37315
38672
48554
28503
53020
25062
41473
35911
53743
42761
23366
29421
25115
47272
46459
46996
39378
33538
31605
35600
29351
46377
35980
51617
43239
26374
31383
28955
26925
24734
50200
49732
31793
26259
32435
37246
25825
45038
34277
35494
42163
26907
33266
27707
39481
26677
23327
32195
44534
30341
27938
50538
49520
54085
36567
49389
38022
54185
49716
42422
38148
50208
41087
27721
52341
28375
54974
43742
24632
27518
50800
33615
55254
40016
40570
43061
40339
31821
32868
48462
27971
41674
34245
38691
42335
41004
47612
40423
44632
38897
23585
55201
27691
48112
32060
23950
28214
36065
52916
49344
53578
33823
46346
41484
34817
35501
29382
33059
32082
24951
32690
34559
50530
24283
24647
53121
53405
42344
37221
30296
54534
47078
23623
27428
25035
36502
42677
53467
53533
37307
37755
27756
35902
40280
34587
26275
54748
29244
25791
25933
36509
47164
38769
49052
43003
30144
48014
53709
47442
41089
31864
46087
27447
43920
31372
55431
44300
46747
52564
54522
26833
49772
30205
23338
43325
36530
54795
42205
26126
34052
32331
55034
27293
54563
27145
40942
35509
42623
31364
38222
39333
33533
50847
38078
55188
24312
37593
44049
51477
25222
34175
52402
44284
55292
27425
52802
33903
25524
40770
33922
24896
26893
27987
27764
28282
49332
32227
46269
26425
42018
42000
42318
28607
29286
40769
43587
33989
45605
42263
34315
29967
29919
51104
28362
39235
32627
35790
39675
48635
23526
50216
33114
29721
47200
33728
53249
47963
46967
48485
24273
47919
38320
25369
41235
32200
51267
39366
23135
24945
31007
54572
39613
46113
33838
28702
50699
44368
55770
38126
43679
47626
27344
35366
27437
53058
33028
46968
49130
46696
43509
30456
54001
34878
38450
34441
48102
51687
37405
44437
24282
24640
31727
27394
45679
52596
23292
48993
45373
27851
31801
26472
31348
41155
47099
39586
26050
42850
50433
41573
36471
35018
48309
23813
39399
54286
46255
33095
48399
40516
37243
46616
50556
30684
30364
53887
43369
52272
30672
55761
25384
24411
28566
34852
39875
24143
40686
33541
26850
46370
31328
33390
41455
40873
51263
34290
36985
43080
29743
27195
32726
35080
48101
29366
28685
41706
39214
39821
28659
32636
36147
51158
25235
37033
45307
40970
46035
41685
44849
46264
49237
46378
35624
47482
29852
44076
55580
27689
26480
37524
52155
31821
29571
23643
47843
34519
37972
24597
34734
31251
35412
31360
33196
30168
35400
36957
45423
31746
31726
25214
44109
34081
35811
26657
54625
52595
38084
41852
45011
28176
41875
42137
42585
38501
39773
44644
27646
31203
48154
45571
55843
50680
37077
37989
28611
46143
35085
29214
54779
36084
49498
54642
36297
44458
48980
37551
43796
26688
42160
48833
49388
52753
40364
29696
25364
47979
36526
55628
24765
46915
50471
40796
40085
31526
44990
26707
42496
46963
25003
52628
30629
26568
25952
30680
32557
52154
41583
32126
53831
55241
55976
31522
46320
45714
33409
39536
54513
37447
30908
31546
24233
36445
24899
45769
53004
47492
42839
54641
42732
38876
27369
48744
25464
50534
23880
35289
24578
24761
53501
30003
34053
36342
33011
39367
26726
42493
53980
46482
49914
26081
39119
30295
24393
45722
38454
31474
26001
50426
52199
32488
43278
53731
53137
25666
55929
33462
45658
36764
50127
53774
47814
51833
29011
41135
30171
40921
27606
38585
25475
26382
26678
42274
49713
28875
36901
47970
48583
35454
51243
34160
34232
52191
38638
50670
36457
25289
37298
41120
33246
53578
29212
26915
41874
53750
47419
51676
43942
54912
33737
55086
23870
54411
29613
25328
23593
54461
53957
42014
34240
30741
53987
34510
53520
26495
36629
47206
31291
24998
45610
50189
32027
56074
26225
54111
41769
25682
29380
26469
43165
51939
43205
40388
48343
42929
34920
54836
25086
53333
48306
52276
28647
24161
54720
30973
48696
49392
25610
53684
47565
35969
55529
46563
26970
32005
53335
41514
42322
24118
42998
31538
34568
52779
34645
34019
54037
36393
48494
55767
25337
54717
38771
30478
53765
23559
38090
45027
29048
35673
40022
40510
51176
37633
38648
25356
40931
52066
37717
51948
27095
41034
55002
43819
29999
30079
32766
35571
50367
47515
40391
27839
33378
39706
24720
52242
54753
37810
51209
41833
41751
48611
29311
36462
29523
43214
29022
23662
36350
40522
50932
42765
33918
36661
29047
49465
46425
39432
42826
37468
35486
24494
43132
45526
30593
39575
51602
54954
31045
44040
39814
28535
40799
37813
54543
30379
24280
34193
24867
55027
46323
37349
46778
29686
23824
37791
24022
43842
40400
55533
50624
24966
29050
47627
53396
28675
36253
37466
47103
34365
36343
53169
44872
54262
50838
35831
26253
36700
33085
25842
54096
43906
43529
34394
25138
54029
44884
39474
30205
31536
39130
37720
55272
41690
39450
34394
32023
37421
41984
33931
50530
44595
47552
44374
38743
46284
36101
27091
32130
29931
42315
34456
43244
55042
38537
40914
31969
51643
35604
37780
34806
26345
42176
28270
36427
25790
31048
34370
35086
42814
44528
46931
48960
34291
30312
30623
56252
39395
31476
46191
42101
42943
27082
44588
46847
31325
47035
50804
28241
49512
54294
29805
54729
51287
54218
54105
52592
39323
55242
32619
50048
25117
45750
46297
42787
43239
37303
25907
30846
44833
44203
46835
39406
35904
49538
41813
50833
55930
24295
42601
53769
34685
49699
46438
38268
40288
52287
28481
44511
38874
53865
47998
28533
39346
52634
52039
45714
38518
44405
45243
23973
50288
53873
32904
53365
27350
29498
45500
38059
24641
29013
45016
30609
52576
24835
54054
28953
34798
51305
45901
31777
39393
55789
34851
50165
51429
44515
36034
51990
45576
49001
39134
28474
52663
45199
25686
28307
28649
39356
43272
53844
39066
26701
38634
25202
43131
36990
52823
34471
52712
38542
54438
47293
48666
45854
46849
27657
36510
38619
53108
36406
49925
37212
24645
34116
25310
40781
31108
52943
44001
41934
23778
42133
46189
53526
54215
51763
37429
33884
43934
26671
55606
39159
52340
38971
34540
30404
40385
34488
44485
24520
44421
52602
29910
49430
52631
27595
49100
35571
39738
32690
37670
54329
42226
42101
34978
52473
41622
39516
26613
50276
29605
39864
47039
50668
55261
33572
55998
37286
38410
42763
36162
29683
34077
36458
55009
49247
43901
25303
50283
29641
26786
50115
32289
49605
56543
24316
36385
37182
33663
29301
27429
44128
45844
39754
39789
42932
30732
38399
33786
50317
32133
54281
47101
53924
30819
35471
56463
54527
51359
40561
29858
28183
50401
37258
43320
55097
25682
54578
25043
26413
47787
42503
49452
27670
31379
54510
55847
56473
29223
41300
45319
42049
46554
35002
56542
36642
28031
44912
23880
39101
30628
50848
30809
41508
55074
37775
46292
54111
40690
31776
50334
44045
53314
48282
29554
34638
24264
43690
28117
38625
53079
43436
29773
39306
42160
46118
52942
53431
36506
40597
38005
31074
36661
30573
39801
52281
35467
43099
42334
51453
29800
48333
39787
53544
36972
29108
28511
54738
30814
29320
29792
40149
56515
26509
50228
24880
45999
47446
33971
53929
51676
44423
41340
47287
27129
49375
52712
48286
36420
25205
25404
40668
53339
29761
28451
56260
35663
46303
34395
33641
25595
30352
44974
51389
43924
51074
31524
35834
53377
28497
39287
25665
53612
26061
34759
27777
26265
42750
41871
55195
54646
34917
47832
36804
41588
29573
27820
25898
38166
43426
28110
36826
49735
29897
34216
35041
37105
27152
55173
32433
27851
41247
52224
26823
39795
34031
44732
32395
26556
41426
54358
38264
38729
38068
56472
43644
24155
32672
25840
39586
50663
42886
48928
52974
47084
40763
32822
24456
42499
41921
31679
29214
32312
36297
32568
55171
25112
31862
25029
44188
54283
40292
48166
33404
52964
46569
56550
53710
31671
53658
52437
48499
31210
47633
30649
26733
28047
39918
52545
25340
51185
32028
28218
29446
32365
26710
47621
48060
41860
29161
53321
34939
38446
31163
56037
48880
47984
52876
46121
48256
30256
38524
48453
41703
53577
41165
30977
55327
36827
34027
48815
48515
38884
45737
39262
25140
27413
55246
42833
46268
41438
48848
36272
30705
40140
35551
54396
32540
24596
29989
48840
30043
52592
28493
29479
46148
45097
53058
34913
28107
53109
26681
51818
44390
31492
46321
52116
29807
50646
30521
38403
30153
25423
28852
37217
46278
55949
39129
28884
35656
33785
29757
48429
56103
34076
28949
53091
28371
48821
27894
53055
52539
24840
51168
35416
34029
39544
43131
46914
45694
37976
54688
30979
50732
45567
51483
46790
52418
50714
24496
39892
49084
45639
51804
54207
41132
42207
42204
55008
25564
26898
54644
56068
28213
32058
39401
48227
43615
25449
26063
29394
31018
24644
30219
26425
33069
39957
48528
48454
41389
55835
36716
25955
36032
47653
43528
35558
52401
47199
34731
45704
47271
24427
38977
40217
40066
24755
51291
49778
38918
34558
31094
30890
31035
46914
53120
39821
38419
29625
30616
51273
26958
38199
52246
33131
30363
44731
31179
53002
47616
53060
35466
44866
42619
38374
30950
27365
30698
52252
45374
41580
56360
31328
41975
42804
46969
43769
52489
29927
34856
53013
54461
24375
44398
31255
44469
51155
38294
26418
54316
28819
38751
32055
37503
48630
31394
50347
28396
32207
29748
33821
42650
34363
39182
30390
55770
49366
36011
53522
52653
30255
28338
34894
26246
28025
52181
36707
49233
46211
38393
32434
34739
41962
26519
55776
30868
29581
38498
26595
42459
29505
55594
53597
28280
48070
34048
31017
50088
27642
42395
49972
42100
50765
29946
48527
29307
49781
30283
24514
33778
26467
47116
54370
38633
33141
33136
32998
35280
35053
28420
49078
32057
52386
49810
32901
49888
46325
27205
49889
48616
45831
33551
40712
39015
45097
55880
53502
29221
37268
45720
31196
27809
42075
53270
35691
47189
34205
36785
37361
34619
56063
36304
53323
34960
28505
41013
25148
53720
34736
42791
55557
55586
33893
31184
34358
25741
41643
29156
26819
37643
29246
55939
28762
25189
54099
50785
35572
54912
37066
37156
45227
42462
27307
36877
25035
36711
42192
46555
52011
48490
28127
44524
33982
55775
45692
45734
40549
47087
45244
41749
28423
46774
24540
39893
55780
49479
32819
38707
32294
36848
26469
55439
33977
36544
56538
42757
32861
36167
39534
39756
37882
39837
50538
34013
54067
47270
29620
43608
37181
46483
37186
26916
37362
29356
47572
30806
53537
55629
56035
53973
54313
46895
45524
36027
47558
57065
31346
38910
31786
45495
24987
48207
39248
30329
36921
50754
38285
41471
25205
45488
35944
29827
40743
54106
50091
36983
50064
50638
29882
28290
46923
40335
49188
53957
31873
43120
32632
42850
45149
48193
26970
24639
28607
55469
48085
52231
29749
41059
24819
30322
32039
28020
49547
32711
55633
34044
47707
36255
42102
44549
26454
47339
36179
44968
47423
40248
47059
31349
35191
27954
36737
33046
40980
45159
40514
33838
24626
36430
47940
54663
36494
51848
42546
54893
26193
54885
25258
46421
28713
39850
26608
44739
53150
25746
30948
54634
31396
34066
47153
42388
36716
43361
52424
26564
48256
28088
43661
42650
28431
41815
54095
48120
48005
26312
41982
47459
46175
27495
33304
44972
41790
40994
32101
39375
55354
37246
47588
28443
33656
44250
46597
41107
52479
51448
49432
34197
40647
38841
46598
31673
54547
25896
52799
48636
51457
51130
41203
46878
26976
42453
41605
54088
54721
46222
47165
38130
45009
54199
46141
28932
38630
27417
52662
46651
33239
44286
26971
33743
27409
25075
50710
37715
33511
41419
25082
55772
56362
40423
43898
50277
50938
24757
53976
37746
52699
42615
53216
39412
35084
45894
28629
25453
48148
51798
32684
34132
29085
43643
26232
40891
35205
46060
50214
53551
27955
39752
26730
41440
56871
52694
46585
43522
37589
27409
50681
30578
38324
30564
57269
30365
39570
44082
39062
25246
48682
35097
45135
32934
25592
35448
32087
43681
42572
43310
32156
27926
35998
34725
57206
48207
31777
28688
38617
33979
38554
34800
53968
39568
31603
56541
26406
52404
40715
44675
32358
40670
44113
39403
43015
28409
42129
35324
38624
35273
45454
37185
41954
29392
56784
37100
26885
25459
42815
53531
34947
50521
40945
28251
29765
44052
37185
49258
51610
37379
54561
40514
38191
56438
55729
41810
37692
27412
33552
55823
49147
46714
57201
28587
52318
49701
24946
54564
51969
26002
38058
29057
43358
45219
32897
51545
51520
28485
44357
49044
52858
36944
32634
54133
29912
29615
56689
32729
33366
25536
54044
40889
43408
48637
43040
31734
28794
36573
39980
26198
28497
42229
48521
34249
31697
57187
36339
47090
38057
47980
27048
44002
41260
25956
25790
39463
55625
53454
37561
48645
27069
39877
27741
29699
43143
49563
51137
41386
28060
57535
38565
51849
25565
38884
57093
30332
26182
48735
41455
52526
48488
31697
42129
35549
53529
33543
53142
45661
41578
29726
39091
41056
41433
43499
43644
25588
46536
30362
48765
32845
34094
37780
56710
31685
55949
51367
31302
57377
45860
36449
39451
36886
52837
44988
32809
38412
53673
44801
36522
53281
54307
29158
53892
40305
26386
30969
27937
28821
28219
42562
53371
27497
56471
55076
33142
26642
43337
54661
54387
37696
37074
25647
55330
31665
30344
27253
25239
47863
31301
33561
29857
39802
38492
29293
26455
57280
55761
51129
38899
36588
37577
44509
34276
27269
32063
44855
38686
29049
51705
28871
30389
37986
37306
43153
49578
32519
35002
54083
30213
39718
34387
27928
55331
45169
46333
45564
49746
50646
32380
43249
37531
43011
34904
32433
43743
47402
54414
29589
46886
28161
55941
57525
44595
39950
44099
38993
49244
32033
31713
42352
43160
35874
38204
44742
37850
40716
40942
32987
37533
25146
48509
33642
51392
39138
55249
40455
53141
50911
46060
53253
32309
42931
40149
32663
35862
38604
47829
50229
49631
52486
27366
45122
44154
38770
43625
56811
34411
27478
27415
50002
52065
31604
25402
37356
43531
45711
44573
42279
51245
46892
53441
50257
36083
56470
30417
48053
25989
42276
31704
37127
47067
47550
38066
55042
30675
31390
44353
25679
37505
36180
52833
29097
41926
35853
40989
25407
43556
47636
56355
49497
44240
57753
50293
42047
34825
48818
29282
38743
54185
39839
37301
46989
38906
33362
56364
37111
50378
42799
26923
32697
40642
28944
42418
38951
38643
49804
34957
55850
49330
26745
54986
46053
55718
53679
35952
38808
38943
29711
48494
43204
45993
33476
33490
50320
56290
55753
51259
26987
37256
49835
36241
49651
38358
30353
28915
55061
25617
33145
38129
44406
26974
27332
46844
53778
28374
50933
35354
39460
27100
38582
43487
39493
42670
38684
47512
39127
33083
26411
33737
32676
41013
42653
44506
37059
26214
29151
54285
25276
36423
57181
41395
26603
41935
57855
47520
34090
53385
46323
33500
31658
44521
46254
44443
43554
37344
51501
33903
26924
35246
50561
56765
34539
30456
57482
49518
42482
33562
43779
38630
33633
56510
42686
28474
26705
29614
25393
49053
51827
42726
49970
40988
57331
39150
53247
25228
43683
40550
48513
38336
48725
31458
33746
51455
50824
57337
45564
41908
36680
25241
56836
42344
38223
55965
54823
41454
57712
57506
30563
52701
45878
56854
52537
28484
48840
25489
57010
34456
33295
47465
52384
33777
29979
56961
42278
56438
39363
26977
36986
37910
44684
32652
47850
36730
35021
55053
40989
49719
55824
30292
39836
36167
25786
42560
25232
57786
25583
51837
51918
31657
43696
37904
33552
51564
48710
49712
41093
54028
28644
25944
42381
46587
47496
55450
26045
35075
57890
25910
27434
48253
44280
50283
49380
51907
38985
29581
50880
52456
28464
36440
29275
51110
45772
41860
41307
50327
40606
47001
57592
35752
52274
27141
52924
37068
47618
28780
30342
27117
47511
56383
53717
57640
35057
56976
52291
30521
39721
32293
29008
27188
54357
29643
42849
38007
48300
41196
39945
47068
28395
54372
50566
35123
50679
53649
40335
36847
36291
52649
31053
44575
47988
55121
41639
25760
28867
56427
38594
42897
52899
49711
36296
55048
56100
50045
45033
45059
32408
35185
39840
51618
56308
45625
41272
29331
34937
47651
55182
33485
26259
31482
28184
30081
43009
46483
57382
57165
47926
55715
28008
38068
43007
32723
31665
38091
40807
51735
50682
35892
49880
40507
31914
33872
26242
28351
47893
37553
54016
34276
30274
40142
51769
34567
51441
33787
54149
39470
49372
52632
37650
30177
37182
39816
45189
47931
52882
35045
37092
55360
38813
48881
26547
25713
53166
54864
25437
43934
52773
55413
30934
56060
42802
30043
37503
33911
29151
49525
42570
27721
44881
36839
30494
54476
46922
48374
34173
48268
52723
31933
29540
49825
50905
33314
57202
42300
55605
37385
31565
36479
35184
54984
57666
41874
52198
34778
27947
35315
50411
47575
40086
55053
51723
27299
47651
40461
34966
40422
55342
36849
30045
40381
57006
57825
27062
46000
45149
28099
37318
28131
43802
49418
36863
50320
34699
36302
31207
46004
56326
45602
37403
40201
50866
51618
25492
34357
33513
32075
41514
34625
28129
34192
29782
32076
48780
37545
35388
54657
29884
36655
42473
33862
50059
28902
30937
31926
31482
35802
31420
48210
46296
39853
40313
48883
51430
30511
33396
28420
52280
41519
38157
26093
40926
45457
44649
37074
53956
46497
42612
36222
56023
40615
30246
54170
26985
53180
52998
32291
57047
54235
52205
51483
41321
26939
40717
38782
56185
55004
57649
38263
25816
49248
26182
51924
56173
27677
47899
45496
44831
44912
45157
42383
42230
30036
38662
48711
38268
37683
37263
27582
27242
57340
40707
25974
40832
49525
49886
49808
51893
41939
28245
52728
28560
36744
36576
27357
41430
53596
26102
40292
47973
26815
36375
35741
43360
45149
53520
35510
38028
29940
45947
35950
26874
28258
55685
32973
32999
52995
43252
32786
30432
56633
52328
53486
58154
52044
31712
40687
34912
49525
44673
30015
45918
52789
39315
53646
53854
45291
41165
58189
34657
45734
39890
51997
47569
33080
38139
28295
27492
49292
25943
46061
54339
50745
53744
47808
35436
45910
36432
58356
47188
57489
51268
48817
42705
53371
41184
44364
40504
39974
46787
54901
58050
36338
42397
46770
53301
56996
40686
26124
55488
51384
32784
26119
27430
26105
35191
35800
33823
35662
39736
56019
28411
38615
39624
58147
31112
25656
26118
30909
40758
56117
30588
54935
28537
52352
40930
33300
45935
37070
30948
33475
38595
40496
29990
49738
55249
34721
45444
43165
49930
39643
27550
51316
32154
36976
49556
45051
58185
33301
40718
45515
31647
39745
31616
47641
51788
47095
52652
33837
32455
26079
55400
50198
50996
31644
46241
39069
51851
47706
48288
55671
36343
44454
48268
38335
51580
48515
35888
54947
28637
42682
30207
31325
28093
52593
36693
47973
58372
40447
26112
47076
57732
28671
42751
36204
57309
40867
41609
56551
34717
53580
53586
51918
32684
37719
48905
53148
52200
53817
32293
27777
32524
53966
35041
39002
50134
42734
45957
30945
33129
53314
37864
48161
40688
34133
33331
42542
43652
52462
38631
42770
26448
58270
51746
36106
34546
40853
38942
42739
37413
50873
52986
27391
50333
35578
27069
30124
57395
41183
40088
29943
47938
42085
30315
54220
36433
49162
48011
47554
50418
51749
56771
45829
54761
52344
46488
38035
26257
43528
57553
28844
48508
55085
27191
44931
51290
55269
40602
41018
47388
30829
45844
38413
32345
29715
41106
26062
39664
32326
55439
55185
41199
57839
46883
57512
54195
43780
54845
47570
46417
36441
42540
42415
33589
33722
28517
31607
26121
50744
41344
51692
55513
44736
37763
42637
35700
40178
39267
32013
50197
57903
37576
29443
33858
58100
55057
46051
29941
57959
41624
47405
56826
44080
26935
58084
44184
37002
45579
29762
52595
26266
57463
51370
56753
35071
36460
54494
30556
32938
56296
51314
40199
53744
55229
58241
34997
40925
26004
54430
57846
39372
50481
45837
40787
26420
40697
26932
38636
34245
47537
41804
33376
52660
48520
38492
31213
36947
43096
45928
43737
34020
55081
39653
52496
30639
51447
58481
39950
28498
32437
36545
55039
48217
40081
43995
35877
42766
45178
40325
45947
44946
49631
30205
56472
37933
36538
53482
29653
37347
39374
47251
58034
37704
28204
27471
36726
49557
48124
38204
32790
44026
45690
53812
42072
31030
47935
35837
35640
55142
31426
35008
34699
40474
47646
48573
34786
54958
40470
47676
42417
40664
53078
48839
44977
39293
30715
54422
45954
57801
47702
31051
51861
46206
34029
45792
44617
50060
26563
40925
55124
26595
52954
55246
44133
42373
50677
45044
33800
46559
43426
47163
32201
35929
27000
33900
30364
35116
49054
38308
40060
52851
33165
30725
58707
27526
28182
26795
27930
53891
40102
38881
32577
52269
29129
56213
53073
56826
48365
26122
42192
54887
58217
54477
32357
29583
48317
44010
28732
55292
33819
37215
49580
49597
33575
56529
36375
47032
55804
53118
27922
41282
34927
34931
58822
31725
40087
35071
45462
41889
43661
56679
37379
57583
29040
48603
48588
45473
53676
48041
43353
32662
30844
52913
44633
47565
58542
55065
54955
33727
43175
26434
52858
28402
36262
27130
49581
29387
31821
30963
43134
38564
52829
30579
51048
33310
28097
50510
26183
26552
58574
40466
33467
32161
50121
30849
33229
30923
32681
31300
42197
48705
44575
54237
50587
48826
49876
39134
40380
45166
45554
26712
40271
39720
39909
31127
38089
27293
26211
57612
46622
31484
26281
41355
45353
54214
33032
56759
28494
34016
57761
48570
45662
55783
45677
56633
39610
55235
29312
54662
55484
47231
53902
47128
36178
55639
47790
36153
40428
53011
56670
43775
32665
38036
31687
30845
48492
34733
48963
28986
48677
43060
52253
31971
36109
52568
29080
28476
43554
50484
39730
50268
42356
37541
26409
27930
35279
48473
34367
49091
55962
26665
51386
57614
43263
41385
31920
47441
33869
41725
33153
51700
51610
28910
46245
30502
38572
37693
39848
39376
58394
54838
28530
28103
35502
51849
27852
45126
47118
30550
36384
33435
38555
29319
37504
58656
44186
54114
30186
56941
46738
45918
48843
41676
33012
45366
50369
53230
34049
43581
54437
37084
52457
40433
54729
48687
58160
28626
54398
52868
53590
31605
38362
43819
29111
44756
39096
48415
39088
40680
43007
50747
55555
51834
57896
55978
26493
32566
55802
36512
57814
38145
46232
44103
31960
29580
26814
34301
56771
38441
33608
47292
41713
33246
38132
29401
57270
57784
44392
37618
36746
48482
34679
45858
50282
32246
51872
29814
38011
46355
34263
40613
35569
55856
51081
26619
41007
29232
30426
31127
32047
54582
53809
33750
36389
34490
46838
30479
43103
54237
38554
46209
51056
44025
48344
52105
42381
26493
52027
38681
45879
28920
36321
53093
45595
33907
36222
58335
30518
30980
33443
45414
38972
51360
36417
26810
34875
51761
56169
47412
26491
53736
36437
37812
35498
43989
42156
39386
32053
42165
43778
36217
33529
38155
27550
54344
56603
41586
31361
58331
54836
43825
49828
43474
55730
36880
30848
50257
39547
53354
38355
40624
36051
44164
49826
50803
46975
49693
53114
35964
41002
55110
42236
50815
55049
51060
52377
50359
58811
50900
30361
53207
42355
28638
41314
49988
49240
53037
50679
38785
57900
57742
44479
28906
56364
47191
54664
34470
49208
47098
33227
30167
46900
42201
26673
54547
38574
29276
37463
39960
31169
34881
56782
46011
57657
29236
48487
49698
40695
44448
40877
34611
37016
35268
40626
56652
27985
52745
56591
45621
43805
39571
46118
35923
48923
46870
38826
28702
48433
50155
53858
47573
39670
33123
32809
49008
39375
41307
26938
52950
40024
55056
41642
56400
27397
39221
38966
30013
44041
51779
58175
51976
37494
47889
37651
27224
34982
48036
51822
29318
55771
44616
54849
57684
40738
53471
41393
50908
29565
45178
43875
30150
45888
31526
57335
33726
51900
41993
32210
44581
55323
36269
58913
30471
42123
44699
32538
36430
47263
58412
35717
56117
36849
26524
39804
47615
45069
39264
31343
49640
42634
38585
48747
42844
45690
52618
56475
36455
40197
33383
59151
57709
34128
31982
55228
32795
41892
52826
36036
55965
51148
58965
55800
52497
38590
27150
54171
53052
52094
33164
46697
52348
32576
36674
37080
47102
48333
34275
37278
45361
58151
53367
40819
52347
39792
32943
40472
54314
58888
46965
33944
38317
33526
31688
43214
36612
47497
29639
58407
36981
49982
46091
30122
42625
56805
39226
50485
57366
51456
57305
27657
50438
45676
28258
42632
37048
54851
34199
37694
34078
54784
51989
58143
27110
35556
57900
57103
35829
55193
34542
59048
53521
48406
57222
52279
46045
46786
30668
45575
48139
41436
39702
52451
50893
46106
32848
45014
45964
50576
31823
34101
51421
29140
44642
55519
58801
54368
56106
55236
53963
58423
27052
43172
51320
45772
46757
49689
31866
37407
45597
57816
52293
58921
31551
35124
55150
42362
28264
41700
40544
52513
55678
46597
31057
52172
51843
51811
31604
43056
44138
57844
38512
59051
42537
43941
37394
29224
28687
54105
44094
35908
37720
37679
29996
34991
51199
27140
48081
55252
58579
39738
40602
42172
38349
56247
37984
35375
52385
53296
33177
41757
40851
49319
44491
31293
35468
42290
44359
40180
50797
28671
37651
54648
43683
47253
32552
53301
52476
44124
56541
45168
54200
59488
58788
55338
44516
41042
48116
59207
42467
46800
45702
46575
33358
43749
37828
52789
43262
32468
32127
43254
30822
31761
42208
45572
52006
30865
38561
55172
55774
33091
51068
43157
28480
36319
35044
50995
41578
41438
46580
45402
35698
32457
44197
42350
42562
52151
59203
42458
55206
54802
51746
57336
51363
53145
31117
31281
35851
44459
52223
36197
49742
36290
44182
52620
44947
49982
33220
42398
30727
29284
27720
51889
30325
56486
29276
35425
57624
49700
27440
55413
45229
31860
48792
57280
32203
46750
52481
39492
51319
58987
37802
46238
56820
27360
57617
49310
53464
29701
44459
31541
46949
38891
27863
43412
42005
47340
27157
53650
35959
41269
34419
53582
37434
30594
27209
39446
57991
28969
32550
37512
40853
58714
50698
58359
34935
42405
56790
46865
54072
49084
52736
41918
27945
35963
27019
55371
38266
45093
56887
48071
34312
28657
50165
36781
40566
32965
49309
54468
50559
45889
37859
30532
29834
41215
40840
34362
41343
48921
49101
31277
31450
31212
34861
52994
43518
48668
47179
29981
36811
37593
32042
56777
44914
43360
53916
42714
48008
34244
39165
43409
31066
42222
45856
28863
28289
50146
49290
55853
36022
44101
51166
59196
53223
43548
58777
32969
33418
36567
54015
45651
39985
58766
55638
41056
28254
48266
34129
48668
37785
43015
44751
34372
54465
57912
43206
47938
30880
44172
44409
29338
45505
54832
56050
28548
40582
35797
54188
37082
36725
54451
55184
54837
34771
57550
59682
49236
44148
35960
54013
37053
38097
48407
41341
44198
45659
31528
58555
42773
49679
28036
52926
46663
31819
39394
33263
38991
30432
36510
41934
43775
28008
55737
34788
47883
58330
28960
34552
52844
55131
28721
54918
28163
29015
52859
29805
45695
28881
29637
31464
39040
48631
52562
28863
57340
56314
51300
27071
31459
44316
54783
35687
52990
48395
56303
51684
53021
34157
46861
28992
44913
57532
45757
52950
47415
40788
39355
36617
33174
29386
50200
41781
34763
41856
50815
50150
32387
50294
42685
58184
50312
55651
47488
41951
53408
41733
36191
42872
38067
34229
34587
51808
39979
48702
37669
40659
59808
55535
36960
48311
55221
40687
55335
47499
33085
28113
34706
56474
29859
44392
28149
58228
46728
55261
50346
27294
55213
51198
37905
52873
41492
49625
59860
39105
41314
59786
50288
52583
35464
40017
55281
44257
50850
57320
36860
48592
42271
56339
29459
45890
31011
37496
51989
33578
42537
51377
46852
49421
57325
55456
35339
37117
41353
56066
39872
50891
40926
57415
28070
34169
47925
43938
51702
29422
46118
42076
49055
54253
42938
29037
40843
42056
38604
29517
57124
32593
31925
36872
33815
27794
47400
34193
32087
58558
53594
46680
36198
41703
52326
42014
43472
38384
44785
36104
29688
34374
55817
57075
44822
50123
53587
29960
55169
28691
44134
54160
48938
47315
46962
54793
54121
38550
34597
33657
28669
58290
33743
32002
58190
57211
44996
47799
34804
29110
44290
35502
38781
49745
50707
34390
39531
31057
32309
29195
39293
47883
27833
47848
29744
46231
59305
34525
32900
52354
49581
35585
55299
52163
40751
39977
30208
37616
42686
44473
35613
44978
37040
45754
43536
58999
55820
38189
45478
33894
40615
47007
38919
36248
56972
46334
31549
39813
45729
53931
39664
32700
46216
55504
40819
32472
40388
50420
53765
47023
57885
35533
43600
35532
51525
55125
54582
38432
52155
35360
39117
39156
46832
55532
47528
54306
56489
53626
50521
47749
53668
44444
58931
34222
32638
44432
42069
33496
36308
27788
47076
44062
59049
58266
53399
57836
55815
36518
30329
55476
42217
59349
59370
36578
57177
44313
39143
57105
38358
41987
46988
33407
37368
53208
55767
38846
38487
52710
47279
33197
37288
52248
39973
45735
36137
52681
56569
47098
55872
45782
40800
39323
50014
46327
43780
57880
50218
53071
33869
58061
36060
50241
43743
34907
54502
46470
41316
54102
49370
33404
41611
51518
57224
57537
42832
29105
33382
58113
41599
46046
30006
57868
38259
43069
55522
31788
57892
45694
42411
40629
32353
30655
39042
52701
27737
34049
36790
40654
40032
47581
39632
38906
39920
52083
49596
27567
46574
29604
50985
49387
59439
41089
59953
32369
53819
47106
27453
52252
33105
50172
55331
48756
48555
39501
58258
57471
48386
54617
52144
36826
56917
45243
37889
57095
53991
40500
38539
29193
55431
42727
45112
35118
59667
27849
35963
44589
33599
57427
54326
46960
28819
32378
50140
38323
44211
43744
27859
40910
53731
31308
42524
53455
44746
33112
28725
44108
59766
31593
53310
48376
54177
56804
58972
57715
54323
43935
50011
56167
35336
40086
49559
54480
35826
28128
58652
53147
59906
28129
34572
45939
54275
39104
53313
28120
35144
55579
50996
55409
30120
49402
29981
55715
40902
52994
58972
29538
52374
37868
35352
46151
31772
52277
46374
48867
41847
49686
52268
56148
51231
35766
55558
50965
57451
31135
36712
46875
40278
51566
33989
49181
33154
28879
40816
39219
59773
38057
33026
27810
59716
32918
28667
43766
41733
45718
33964
37970
31529
52996
40276
27653
52626
37065
56713
35421
34849
35279
48345
49344
52860
51129
59570
50168
35598
45265
32127
37071
37199
44353
56084
32476
46405
28807
38988
30108
31819
30499
55792
30661
51985
35986
37083
30934
46308
28032
58204
45299
53295
55866
50652
58096
46146
44386
34497
51372
33875
51942
53650
39328
43970
31538
27995
57271
44962
34469
47699
36448
47476
42306
45756
36834
48949
38569
29451
48369
27804
30277
36169
29310
45469
40902
43961
47571
39473
47058
50875
46814
54105
44279
29168
53453
33120
50405
33951
51420
52065
35290
41303
45931
49162
44125
57558
34644
30623
44335
42026
46971
38722
58239
53782
35495
39281
45917
33719
42384
32720
34929
58471
31545
53801
59629
51426
38783
36529
46272
49576
30706
28557
58637
44194
59109
43412
57307
35335
36033
34903
46094
39041
43935
35678
53654
31884
47381
59573
37350
30495
51791
39080
42151
28559
34402
52938
46254
54448
37598
33852
55596
39229
44706
30507
42789
53114
28405
50075
30500
43031
53970
31075
45868
55384
41090
54137
49393
43891
49521
29808
56392
49978
36922
52287
30173
52217
52484
35652
59940
42914
44049
50825
42130
54311
45716
45381
33548
37160
54723
36774
36256
35022
36910
50893
54899
32759
57679
44571
38394
53651
60258
34219
55149
47437
41847
46623
51577
45423
51141
48544
34614
59391
36929
28192
27992
36654
52591
57570
53161
36084
59768
49981
41655
52724
32638
57501
28105
49061
32044
36298
39192
46515
33425
55661
60476
48803
29742
42448
53477
43959
29517
36837
44491
53265
45205
51082
28136
47898
52444
48395
34788
29221
48188
51176
39377
27984
57193
43737
27928
56235
51009
39184
30387
29341
54949
41150
42909
52355
46728
40664
41351
39577
53317
40987
41933
44574
49718
54094
50344
40115
33410
28871
51877
33797
42038
47920
47702
45227
29336
32139
60487
44114
54968
43636
48947
30487
47943
32934
47736
28724
58028
55489
46281
45535
58197
32843
54051
58479
48715
50676
29698
52417
50186
39710
56020
39386
48015
28316
44974
46541
32690
42170
42814
40415
34486
53374
59137
34282
34847
37422
31157
51967
46275
48914
59410
31055
46372
46715
51637
59724
57853
34821
57949
47115
60187
53016
40793
40685
57454
59317
35137
28286
53600
57455
32229
45213
30309
52663
50819
46558
39124
57949
56893
37420
44277
29012
31945
52403
53851
48310
47467
50941
44660
46599
55840
40794
54622
37822
41756
37510
46332
57345
47735
41094
46666
58545
29732
30931
35053
39078
39458
29114
52495
29244
34038
36611
36713
49934
39000
56273
52129
33025
30765
39881
59607
41093
35253
38774
58491
58391
38150
34796
40801
50442
39609
58796
33047
55688
45539
40648
58742
56276
33351
30792
34935
46801
44745
40651
58440
48072
50214
43634
46495
58726
32739
39417
39503
52228
33667
35111
32281
44844
51197
42601
51652
47192
58733
43962
34927
56060
33546
57029
30503
30151
33624
56398
45749
39206
49311
45774
30649
38667
28059
36957
43261
49132
28277
34773
36867
28942
48626
45365
35808
55299
45803
43331
41549
36722
47613
46198
42748
30998
55169
35090
60712
30985
34238
33941
46960
30275
50014
53330
55781
50269
58911
47452
49762
55963
34251
49061
56092
31786
37738
41063
31609
46502
28854
57283
56102
54240
39887
38313
47972
47069
49968
33271
47778
44066
54754
44005
34385
40750
58351
37024
57076
59209
58138
42293
41590
29564
43981
44977
53441
36321
49747
48006
48780
37661
49223
44337
60020
49962
29261
47386
43087
36698
32256
49596
38589
35224
42027
57605
37631
55537
29499
41216
40717
55124
32244
42929
28130
48278
60004
55873
35355
31417
60693
47963
51904
44910
33927
35029
35426
52952
35037
56467
54374
60307
58327
54440
31904
49141
34048
34495
54564
56468
58921
49850
30296
40968
46101
59544
52558
56306
28534
54684
58449
52029
39448
44203
39358
48547
50269
32247
47382
40051
36585
37338
43600
44178
29854
56068
43892
45504
28875
54233
51301
55069
54688
51989
34046
33004
59110
58290
60769
60310
36077
52235
32908
48114
46021
28737
43310
58563
43696
43998
47288
34179
38872
48824
39094
42591
54334
35097
42592
30082
50163
54044
60524
59798
32394
41818
44839
60808
56269
59590
32452
31116
47279
31702
50164
48482
34946
47844
31415
49111
34410
50643
36721
38798
39698
40181
37440
41216
51869
42796
46221
54722
48864
58192
50401
43271
49614
51409
40186
36197
48179
39838
46623
34780
36006
46917
55216
29716
51896
38235
37889
56806
51826
37662
34664
37918
29695
47705
36245
55423
50085
37256
57634
53512
34298
46909
55659
40566
42068
52418
47776
48138
38273
29696
52249
35980
50872
58527
43241
47248
37072
56431
32437
49656
36272
28423
44743
28858
57863
30892
34142
31972
53053
47220
31560
39389
41385
54698
46515
50925
52996
54389
47169
35071
55581
48565
32090
29094
51407
32302
59590
38751
54576
49384
51323
58134
35596
51413
55219
55019
34962
36277
30786
45621
41292
41015
38439
38599
32341
39265
59745
37747
36550
39217
35332
47053
56433
39045
35467
38193
39122
37432
35952
53512
30274
51086
33530
44102
41326
41938
38999
42039
28424
33597
59626
36988
37308
57626
35046
57937
60518
45352
34844
59665
54402
59456
59409
49147
55523
30775
47188
51510
57513
49926
52494
55827
46701
51496
50139
31891
54206
38724
51928
59945
32977
46860
56830
41920
40052
42853
61102
51968
41028
40904
43404
41165
46368
41704
52881
52497
60381
42133
53084
54204
60987
50912
42953
56073
48152
29312
42181
42754
51428
52852
36193
60998
36181
56042
57893
60426
57692
45920
42662
54110
45655
48137
59738
34737
59784
48754
32172
48792
38598
47461
40012
61131
45938
59406
56777
45168
37293
50268
50017
29341
52168
34986
49688
43544
51196
29855
33799
56673
42076
55634
54263
45554
40711
45234
59182
57029
52898
50214
31113
43031
48902
42608
28619
51308
50741
34007
29749
60115
42387
37765
49495
39531
52051
39214
36645
52006
51247
56818
54861
57293
52572
33157
56776
53572
50877
31885
50863
56080
58711
53579
35409
53526
44549
44926
40578
33445
57452
36740
46134
52919
51762
35011
50254
52596
55915
59207
57009
45816
35156
50348
28575
53078
59460
43071
61250
53213
60895
29280
44934
42394
53901
38699
48171
46365
37163
60503
33049
45952
57344
36445
43763
54438
46578
41181
30190
44737
45049
60990
57060
30487
60117
43670
60068
31749
42236
56777
30605
32836
48343
47348
52571
56171
57133
56076
57152
33717
31200
51394
29751
58629
50903
39850
43413
43303
33595
44189
33760
54617
42726
48476
33253
57610
45080
58741
58885
43489
55148
50795
43472
59649
49163
51985
53205
36236
30752
30263
34743
41061
56716
33928
55428
38203
47834
58803
50499
44227
45173
53449
40908
52292
48664
30694
32221
61017
32903
40724
33897
37107
30589
39532
32051
50333
59365
30591
60060
49412
44620
54772
36281
41654
38295
45938
37545
46634
34289
44736
55078
29697
40968
34346
32601
37515
39033
54567
52467
53389
59272
54586
60537
56641
41237
42518
44255
33183
35020
57605
54617
61147
46747
31626
36206
54831
57193
48453
35662
44506
38405
52504
31845
51049
39004
39304
56368
39733
31984
41062
44368
60717
54405
55726
51421
44757
37917
51631
47100
49807
56103
32364
52148
33818
59892
31811
59133
47704
56426
56780
44826
54868
31996
43780
38441
41859
50138
43947
29689
52554
54884
47338
41243
56769
39653
53817
51260
39351
46206
31104
57778
56822
31584
39548
36180
57799
50494
33125
48783
33465
37379
42190
61110
32159
28864
50892
51610
47320
45288
45402
34907
33747
46015
37372
61053
61393
29200
47267
40254
42477
35358
48593
45351
56922
59870
54269
56802
56557
59747
51257
31819
38619
59802
30226
48841
58819
52023
45752
32735
60399
53743
29535
57086
36311
51176
45796
40862
42214
30062
55988
32397
53121
49383
45802
29062
33350
35593
40375
34053
48785
39754
41479
52314
37445
45208
35169
38908
50377
35403
38159
58913
54608
32088
36480
49547
44638
59847
46826
33445
45704
42087
55859
42702
34427
43200
35090
45557
48191
42825
48754
52838
50109
50139
29719
40675
50303
39014
60035
30455
50360
53219
43035
60807
49540
60809
29574
32170
40048
37956
52566
43451
33341
57955
44266
54444
44769
46480
33938
50588
45775
60166
53493
35244
40312
61438
47024
43023
45330
46698
31040
56417
33688
57830
47650
52026
45330
49388
59192
58626
33558
58951
47471
60167
45455
30410
40095
51916
41149
32577
32179
50085
49277
59048
50185
35456
28875
53403
31260
57350
36741
33806
59744
52451
37745
43582
44397
30817
55426
31207
33376
52540
33111
41656
53886
57522
37381
36100
50971
53209
43030
49594
57531
34613
29650
36503
55926
43146
54973
47770
56481
33519
52064
57017
49834
53540
31308
46802
30788
45605
41053
32484
45508
36863
43580
45183
33739
59619
43303
46201
40486
44665
34037
56547
44530
44918
36692
47931
43780
49009
56406
42723
38024
37107
33836
34770
57575
30157
45617
47498
42223
31150
42282
39498
46638
35572
33995
39556
52382
42435
45182
57489
59272
46420
60257
54436
31138
40848
35213
43261
41082
44766
33438
45663
60184
52793
36208
42179
29663
52101
43302
34894
53685
37923
46961
31361
42084
40899
35855
36784
49215
32121
38289
59573
48392
46868
33634
53477
60433
32427
36101
30787
31138
55928
48798
40436
48539
49897
61108
48883
32602
59125
49461
40198
45279
35501
56250
45553
58670
46099
44813
58089
34293
39470
31209
34891
35951
35422
59648
40334
49544
47086
30786
44407
51522
43496
31069
52875
32087
47917
58240
50122
56096
57540
53349
38298
34997
43635
51854
46850
46422
45452
53455
35608
55562
59914
45836
57021
38789
35292
44100
43655
51791
31361
56782
45311
30243
35029
36835
52493
44950
50987
56157
33968
45817
54683
41150
46066
45951
33950
61556
58396
42403
34264
51292
41766
35012
40756
51844
61297
29714
37942
53557
35769
60078
47501
33841
53061
47885
59112
54073
50784
60830
47883
31186
46861
34476
58914
61513
56823
40837
61013
60917
30631
39644
41628
57532
59897
30828
45013
32216
41425
35806
35860
53211
30986
39661
44090
58865
47279
42696
47049
34918
35694
58551
44790
38504
29769
43522
46848
61709
40335
53007
32961
38808
37899
52682
32131
55544
49787
40777
54804
48785
49476
40113
55325
37951
52835
59219
52655
45464
33191
39963
29471
59506
37149
54827
32532
48294
47564
50371
61662
51475
41123
55396
39177
30181
49072
52021
36914
58391
45971
34981
36890
45622
32049
47186
58105
32360
35757
61482
56597
51630
41620
53711
38034
41062
61527
38720
52108
44052
59647
53943
49251
37473
47388
58829
55382
50532
58622
29668
55380
43297
59432
54214
40974
45647
59650
50314
39761
57951
54478
59832
56723
50361
30685
53933
39884
53577
58883
37184
30855
55354
51016
41893
54840
56065
56544
46482
41936
30366
53854
31905
55183
49950
44836
46070
35865
52325
31774
31521
29645
34858
61872
40005
38482
60739
49644
32122
35954
36899
54025
49521
44588
59553
32272
56151
59140
42235
42457
39419
42142
44570
47670
60978
37771
49431
31598
61563
40547
49663
37357
59871
58132
43987
52793
58395
37497
49619
42280
34049
60975
58876
48209
47388
55460
47312
39616
61843
43888
58965
53742
31055
51177
50272
45808
42336
38385
42515
58350
58525
58643
34981
59863
29323
58319
32097
31315
45441
41265
29938
43513
61449
52393
53213
51907
40328
43030
55375
36542
45602
57380
35097
49926
52696
48856
50681
46834
54003
60521
59675
41868
32678
45650
51679
42820
51951
29861
41181
43493
35006
54690
60711
48327
39257
46984
48845
52039
43007
37035
35495
44916
48331
50631
60238
32523
42460
32404
29548
42150
31667
43162
30006
39216
50396
40007
58166
53660
31953
38975
44622
46294
33307
34547
50426
44538
44986
49781
38869
44741
42439
51851
51039
46665
34136
41218
57085
45028
41892
49220
49473
48754
30824
57389
43372
51138
52105
32027
58929
54343
58874
54596
45500
38672
51680
53325
51955
45562
46580
34072
46076
35365
30761
53725
47615
49316
54160
47740
43565
41849
32120
33041
55297
43712
30169
44233
55493
54826
48883
29429
39001
32429
47154
46685
43824
61562
41045
37079
33179
57648
33487
39704
57418
38479
37997
59081
49679
53231
49978
57054
34534
52146
32160
33315
37939
29687
29903
44055
51786
36688
56931
57342
29492
33847
31040
51762
36529
34044
55745
60346
40825
47106
49427
42013
56775
45099
33755
36216
29464
51601
50207
57039
41776
48759
33379
51361
34399
34943
51730
32703
47362
57885
32032
59998
42060
31819
33518
41834
50247
48254
56942
51229
36629
38617
61319
50129
57724
55457
58299
36370
38050
30450
39431
36600
41236
46512
32266
40371
62221
47807
40554
52584
54262
57719
33396
31804
36137
57938
33538
55470
43002
41704
43682
53545
61176
49694
57588
41433
38000
46234
58708
29887
41523
34170
56505
51200
38553
36677
30429
36483
53958
49441
61087
48826
48684
50247
59813
50112
50001
38325
31557
33957
35283
59426
52902
30214
37289
57911
48162
59872
37803
36092
52719
37285
52053
34449
30719
59024
36296
52510
34596
60470
53777
46604
35704
33119
36526
58742
49660
45843
36942
55770
49535
50680
44505
57365
61122
59867
32176
33678
31705
52108
61494
52913
30420
30959
29583
61343
43935
52048
33960
38179
56615
52215
53623
38889
39358
50940
53380
50154
44737
32861
61864
54827
32632
48974
52244
33447
49981
41936
60822
38537
61153
31365
44824
35487
52555
33475
45674
39436
35682
56039
60737
45373
47918
34540
58751
51486
37433
50492
33460
33421
59196
42437
39141
38415
45815
38736
37005
60353
39009
57102
53218
61330
47105
44660
51545
30128
53916
52041
54124
49984
32528
32254
44443
36690
30592
47677
54961
36884
49585
46532
38984
59461
46772
57716
60303
35053
44486
30885
39755
56140
52852
39613
50972
50960
52739
41729
44034
59595
39950
45739
54815
36003
49777
41276
40895
49484
31846
50963
41365
38707
51438
54847
30791
57340
31859
46482
33582
33327
38315
37366
32855
46382
55743
39428
43469
47467
31661
38867
47130
57559
53995
56590
60939
31646
58701
46410
37300
32017
51240
53910
30388
60643
40120
59475
32186
30873
43967
59462
44360
47420
58479
38379
51127
33105
49802
58380
33404
50955
57288
53395
49833
32446
46201
45725
33463
31127
52075
44751
50562
40075
60686
50669
47765
33677
34262
45480
30632
58628
52193
33720
60263
51580
59354
47915
60789
60315
42269
50173
36785
54359
60699
38120
38072
34663
37376
57213
44971
54263
44180
34420
61746
40352
37215
52801
34240
45463
41233
31720
43289
31781
30753
54801
62226
45655
49587
48223
57752
50166
45503
51454
50164
43449
60016
45179
60237
58298
53450
54233
50287
48167
38032
47329
48843
41530
61285
56505
42174
45419
57137
38072
51478
47332
57286
61817
44498
55093
59332
55342
34857
32329
44217
50743
50638
62360
62093
62196
30579
41119
59934
50135
50316
51085
58151
50877
52309
61504
54630
42622
38934
41327
34046
52674
33445
47657
50714
44055
47405
32638
41939
53569
47407
45692
61012
53969
61382
49757
62523
45050
56879
61182
60227
42911
59272
61331
52256
46256
43992
61850
42411
42167
37968
33805
43839
31918
29905
49884
33379
40980
59054
54938
37801
60992
49330
40054
58070
51700
53349
35438
45634
48949
47243
41919
30082
47962
39150
37280
55109
35684
58205
46127
54908
38029
33269
49068
48830
31524
45727
47589
32746
43927
48090
60401
43278
31186
57019
39969
35463
51911
43569
42036
50026
31822
37774
47050
48675
32560
30787
61212
57436
55166
60651
59881
61985
30504
32140
40628
32833
42698
49945
43564
48631
61641
62011
45804
43465
49823
51024
46436
31153
47219
62389
52247
37499
50925
61504
51208
36462
46920
55569
44398
38702
43433
46731
59567
38625
37295
55197
53132
33937
57675
41286
49817
53201
54738
30552
33521
44964
39760
41596
36903
55450
47648
55158
41600
56892
33465
50090
38239
50090
60363
49887
54784
32643
38539
41540
43625
30469
60746
38064
58526
46198
36941
48174
54805
56514
34009
60601
38761
43109
55949
35908
30802
58251
47861
46078
43989
47478
38747
30419
33976
53025
59616
61750
54841
61731
46796
34334
52480
55509
55075
60750
54353
52407
40313
30426
56198
40976
60422
42983
36797
54741
56061
38066
56782
60108
59930
39892
53376
35569
61562
59076
40700
46617
48816
54173
32641
38869
42773
44065
37466
38553
57439
52734
30989
56862
30326
43089
60886
59652
48515
45673
61267
52668
31561
49101
54401
53925
47800
54656
56551
36213
32191
58499
37137
37339
49507
36252
34624
62307
34830
53846
57440
40601
56873
55113
37178
52593
36076
39835
52203
39654
61301
51655
40341
31202
40472
34205
37972
37726
58359
56203
33140
53194
45778
46362
44001
36783
35104
30395
34526
55187
32350
43716
49402
62237
59815
56758
48960
54137
54917
36801
55471
44286
48135
57226
58858
38926
43539
53803
31024
47422
57598
56443
53901
46263
34650
37265
58450
61661
61967
39555
31684
60462
45742
56179
57873
43628
57345
59853
35208
31998
52455
47050
39688
43668
41310
39225
30649
47626
35298
34174
33531
58511
61686
47835
51356
62214
30464
42734
54094
35500
40025
47227
51032
44283
53669
32364
38283
61135
57952
47126
55928
43720
60858
47806
48608
45807
57765
53340
58988
50588
44076
62366
54686
51607
38662
36144
49160
38269
33131
38459
46524
50789
60454
50220
44803
59844
35820
41398
53586
32398
54764
47386
32889
37278
47783
45990
36894
31064
33538
37499
43370
62605
33689
58516
47362
45214
39511
40452
31033
31461
43588
62591
60548
41296
35229
58652
56366
50767
38442
51033
44876
44017
58316
37216
44532
47690
47446
45449
33962
50455
53149
41247
39963
54437
34515
37991
39182
62958
34320
60382
39063
54789
31026
51907
31885
44213
57575
30421
56383
47717
43272
58718
60771
56639
31017
39280
31055
33170
62318
46959
45676
61812
54688
61903
32231
51115
45183
45855
34217
35278
43354
43335
42634
44455
31198
38414
36545
36316
41516
35039
41119
37326
33070
58828
60798
36034
50986
56787
56564
38975
30359
48224
54348
60854
59184
44564
62006
33641
32584
58565
45757
61573
38749
48326
36730
56465
48111
51048
61447
32268
49554
57024
32439
60498
57155
42667
46468
51392
49912
40720
46921
33560
54395
43877
51506
48423
39543
45941
32880
37285
62931
49504
30769
49756
42816
49379
41935
37261
54030
50137
37191
51855
30532
61442
45038
48569
34799
31236
61279
45954
42426
53679
51896
39655
41663
58245
37894
30477
51613
37754
37885
53288
39627
54520
53741
43931
62508
33830
38897
53089
55011
58474
34666
54443
49000
59437
53675
52682
50139
42462
59638
33616
60569
40505
48552
35954
31502
47049
56240
50865
37578
37803
31813
61626
30934
40854
57305
60554
56648
35096
33864
60629
58133
63010
35670
37289
55847
42695
58712
47183
57263
58433
37937
33394
55485
57653
39552
55426
31502
61240
60184
60251
55332
44433
60593
31010
40604
38208
58845
55664
34237
34368
58685
38067
38733
47626
31220
35537
52136
48986
53340
60686
44051
58165
34552
36655
61261
43819
53162
54239
50279
50394
45350
47187
49110
36531
31911
49962
40647
40449
52193
55959
54450
58918
39734
50625
38706
58664
54316
56682
56340
31085
56351
45007
32173
50371
31539
39888
31089
49316
44941
42833
31938
59319
49347
38112
46086
39065
42896
31896
36860
38366
40397
60485
62800
51027
60060
53961
35437
41094
48871
47806
38802
53385
46601
39004
44328
40690
52938
44701
33875
39462
61585
53152
52679
31448
53461
31819
58077
57548
52437
42805
36069
52449
35721
40643
54974
31822
31704
58001
40101
35116
33547
59411
52811
62517
61314
37500
38698
31691
33701
57822
57624
58428
44318
40339
58653
38212
48198
32221
48770
45267
45020
39113
46122
34577
59645
38489
44070
35743
56144
61409
32131
45088
36226
48818
37990
51193
32242
56822
40028
55636
49069
58331
42219
32619
58268
46580
62573
49667
33276
48348
32030
34358
30735
31516
43123
31862
44561
35662
60589
45007
31086
51587
57519
39532
61234
44003
49676
58205
47809
36499
41317
43416
52424
63196
43250
32829
63091
37257
45406
32798
50401
61584
39128
37502
45269
52213
36967
55577
63150
51692
54141
55141
43673
37438
32208
49432
56581
45293
62309
37354
58199
35867
36589
53916
39135
61736
35413
44857
44043
32027
54681
49820
52187
58435
53209
47922
51605
56606
38574
48385
33466
45689
57278
42217
42808
49369
37006
37162
45025
58138
34968
54055
39196
37462
53662
44650
46555
48392
43581
35047
44749
39281
40645
61573
33236
63291
42056
39386
38329
54365
59889
48182
46623
47422
54423
61156
35765
40989
55442
60332
58544
60336
42446
55964
57721
45323
55838
35593
55714
55492
44498
48592
36127
56149
52875
58593
62899
40129
56398
31743
52392
43899
48344
57025
39107
59011
47409
49117
55415
52946
39300
42405
40025
34808
45870
36818
42452
52228
40213
43649
56862
54948
32315
45691
47466
35725
43667
61113
55904
56349
33299
58152
35274
45119
50698
41129
54928
54928
55476
54876
61926
49088
39691
34846
39876
35130
56545
36432
45974
39687
37676
49883
49462
56559
51361
32624
35351
50914
31876
53525
34499
53399
58302
34013
52359
33907
49200
61942
49004
47532
49735
42217
41066
47534
43216
53278
52185
54462
37646
42399
48168
43485
47370
32285
42193
42479
32299
61752
47500
32284
37382
49915
62916
43383
37751
51878
63559
40413
59889
46769
51009
54304
51474
53773
36971
55141
37499
44717
47488
58315
35294
55621
54513
55374
36696
31314
52953
32746
54274
34906
58931
62979
48323
61301
50763
43524
59240
53772
54386
50759
34294
50913
34294
32309
33854
47183
53841
34734
43955
51412
38305
50091
47481
57548
63320
55841
39614
51583
43317
52521
49997
31070
37491
51039
53856
62858
47936
43399
31158
60566
35952
39799
56038
61070
46963
42033
52979
58936
55940
36175
52256
47001
46372
38308
56838
42939
32967
46880
58339
61870
49613
33780
35125
44237
42163
57079
44168
59458
48011
37704
43148
40909
44969
36661
45930
60865
48032
50780
51288
40527
33133
32528
53100
34822
37105
36607
63405
52635
45733
51985
63344
60646
51849
44691
42722
48942
59229
32148
43233
52902
53780
59023
38416
42295
45446
59211
56874
63616
38501
63744
54166
55068
33650
51131
38204
47907
50672
63747
51864
42483
45657
50621
58892
43312
39249
60237
57723
33033
35032
47102
43283
41917
44483
46756
43114
59998
59757
48512
44493
46806
61354
58467
38869
47911
33020
42518
33082
50679
38154
45306
57068
47179
35149
43756
50272
34963
43021
60523
49704
63207
39820
63229
37575
54928
41345
43726
35267
37066
37575
32667
63740
50376
37719
50382
32827
43257
32372
44267
31502
37258
58149
43050
32980
49196
42216
53862
43796
57623
38053
63541
38419
55630
38369
63321
53157
51749
42036
32343
43075
60929
52477
61285
39518
45664
61780
60041
48115
45849
58432
49920
61024
31460
47402
58333
49270
44316
54930
59378
46799
31940
41217
59635
61025
38089
53823
51673
52564
54662
53445
32901
46609
35725
39797
41638
61596
33701
40329
47580
48675
40975
32458
41758
51927
54030
50178
32089
61946
41638
54195
60249
34873
39331
45833
44269
41021
51677
36622
54086
32125
50107
58909
38049
43350
42742
58777
33574
56925
45215
53214
43791
48628
60004
32376
56332
33819
57103
54420
41446
44425
63567
46515
45155
50172
59835
54438
50795
50381
52500
61110
52328
54727
54218
50979
45555
48185
45506
63184
52908
51786
42327
58428
51817
46733
49311
63412
53396
37333
55279
57287
37582
53067
47521
31227
57048
37565
37652
46014
52148
47417
42741
63391
49671
53211
47293
31422
58306
60643
53627
32385
38657
40714
49620
55945
47156
59159
34120
58085
46972
61357
60087
32389
42328
63335
42531
33265
62080
41255
44983
41531
59153
40618
37896
37937
38123
59744
39324
43992
51543
32123
57257
36886
49646
52038
55838
54959
43190
53945
52967
40051
39821
40266
47213
60853
49867
35333
45405
37630
47907
40927
52651
38403
54986
55880
34006
37589
63963
41983
37229
43352
38395
62506
59858
41718
35129
49574
46654
41108
58423
49308
59397
58565
56207
40533
54812
36414
59504
44879
33496
54923
56456
50064
61176
43264
60711
38202
40422
42481
63905
34144
44858
58918
37108
39704
45440
37513
31402
63697
37435
42018
50945
48103
53034
57413
43594
31349
52425
58634
42895
54123
63003
55806
52856
50400
35239
39192
36975
48297
47040
58351
61699
38698
62986
63785
38282
32876
44090
40503
63499
60272
40477
61760
49499
37827
46812
38746
36485
48467
39294
39680
42351
42625
39598
36545
56507
57463
34751
51253
47852
33212
57069
50997
37066
59141
56550
40267
37639
63055
33673
59752
46882
38954
32237
48085
55180
56152
34213
63084
58122
63126
44354
32008
39770
40122
46106
51770
42777
55038
51016
48190
31460
55708
54260
44589
56766
34459
52949
45427
36017
37608
38131
31620
49592
33192
51634
56267
41437
59853
54796
52707
54943
47591
60702
31754
54934
60989
47590
50643
41306
60701
39499
40731
62112
32112
35677
56125
45222
35729
43743
47242
39378
45152
61955
49139
62870
44690
36212
52489
52374
55883
63129
53800
60429
40686
45593
44270
47212
38708
55194
40690
37701
60283
50895
48819
55400
60001
44465
62671
46668
36754
50188
55670
58800
60638
57406
34333
33921
43407
51515
44919
38911
35833
59861
39841
64028
49490
51515
51357
46628
55236
60607
55041
39075
40641
34524
36080
63108
57751
38775
34122
61302
45124
57701
57120
44948
43659
55598
33131
62532
33095
61712
50941
55391
41472
58951
42679
43923
49340
62348
44029
55558
46103
36060
54119
41276
55190
34938
40889
43835
59449
55607
31510
45293
36687
48625
47216
51909
36750
35418
51523
40613
51299
60666
31619
62976
33671
54904
54227
32572
49363
58901
55287
48730
62549
32633
56716
61656
60067
60850
45302
59606
51055
46970
43163
41849
53852
35000
63567
40589
34320
54602
55566
45422
38283
39170
55537
60712
56247
55534
59227
51165
59712
51677
61811
38759
42149
49182
41688
40767
45200
52363
40592
46493
35939
43719
50241
50145
41747
58563
54691
42546
48185
53127
36917
44645
33638
50479
36655
52768
39351
49203
35256
44095
58794
48108
49498
43382
38192
32340
46259
38968
34308
44814
60013
43992
34874
57254
59504
58095
44827
59673
43861
61693
42032
49816
45598
60243
45213
46473
61989
48432
61617
37583
51027
42794
58810
52555
46226
52687
55838
40354
34949
39821
52135
37697
47734
63951
53279
46751
37776
42345
43037
41154
63566
41526
62494
44037
58931
37375
49111
41496
63932
62111
55242
35656
37011
34661
40216
33537
56325
61882
52118
46481
63414
48388
58914
60206
55443
57802
48440
50235
43017
33816
50112
35527
57204
61733
42538
48471
47067
41011
55229
46821
49626
47799
35372
38952
47583
61370
50027
54806
60570
38527
34240
37288
49070
58470
48669
40157
45741
47632
60589
53505
60483
52164
48045
39471
42929
43281
63613
56341
38525
59317
41719
37879
35432
62910
34559
56310
64417
55023
37979
45971
48952
53605
59590
45423
33237
52603
49215
33364
55978
60650
49063
55673
35494
40245
52619
46594
48108
43332
60735
41415
54659
36430
53292
52566
46927
38909
37226
44347
62016
34765
53138
31871
53449
52150
39117
51310
50068
34826
56625
59805
34420
63648
56142
36396
37275
60722
47875
47433
43789
58628
51863
56309
44116
36294
37380
60171
53365
43452
45206
38526
40484
41244
47285
34274
49716
49848
32255
48686
61009
63452
35227
38080
36849
61306
43209
54177
62344
33924
51645
62219
43003
58266
39597
35880
46680
46053
40745
59677
33220
51011
44971
54855
58293
38308
38767
39108
55393
34740
50308
44598
53110
54458
48676
47555
62731
63423
54593
49761
34518
32756
50016
42576
35232
49230
43946
59367
62199
41587
45632
46996
39715
41177
40400
57119
35675
44076
46950
61998
64568
32753
56452
59406
39017
43626
63348
33456
55209
52153
53725
42738
34286
53319
62869
35360
51939
43623
36790
55483
50585
53047
35316
47737
36985
64199
52781
55180
49534
32638
59458
49959
47777
42169
64038
61247
56980
55476
46644
36239
32178
47534
54214
33246
36663
47688
45571
51588
35500
58671
40184
64555
62886
33786
59627
51667
63920
44374
55275
39449
38534
32352
32172
45240
50308
33618
38290
64336
39773
37730
32524
60518
53520
41959
54307
34732
42264
54974
52819
33667
35811
51180
60825
41919
44678
56964
38349
45482
37551
42188
38450
46411
32475
60315
53068
54248
61129
48389
60145
63433
44078
57914
55971
42303
57258
32940
36893
41189
44539
37488
42028
52006
46449
48615
57280
54527
32673
53405
56131
45574
47966
57713
43049
60332
53989
56823
47305
47551
45656
34586
64107
33843
53870
41222
54690
45601
56168
55877
35036
59920
62535
44583
37175
42868
37436
50792
38294
51572
56416
40973
34805
32496
63397
63375
61689
46019
53004
49211
39371
58181
44057
43737
34855
62484
45957
32652
32944
33045
39474
52985
33671
46005
42596
48811
63259
37749
53549
62646
62787
61093
39977
59035
61066
49263
61292
36716
38857
47128
37817
53553
54780
50563
40180
34185
40014
52983
55514
33173
61558
62497
38384
37137
35142
33373
54969
44228
48001
32305
50476
61467
43246
58906
64101
37393
58794
37516
61083
58705
34754
55092
42322
41887
54529
51584
59858
34932
33543
53345
45015
32488
48539
57680
60554
59093
59203
36495
64432
46394
51217
51889
58658
62429
40639
34140
38525
58421
51199
34126
58650
51590
61452
41886
60481
40526
33413
52292
39833
47328
52347
59356
35299
41807
33993
37543
57320
43661
44707
50387
61360
59604
35442
53244
52213
53061
35039
54770
62423
62160
62510
40125
59090
41043
50126
58334
46316
64518
52782
40664
57139
45078
52434
47343
40038
61072
59045
50736
54771
51841
46225
50609
61729
44124
62541
55578
47247
58779
56694
38244
63965
42921
52450
53473
43945
57856
47665
37501
44989
52110
43940
34371
34182
39774
39987
39715
32969
46196
34777
44530
55441
51449
37427
58802
41580
47256
64329
42260
36310
44583
54956
46395
62454
49290
47297
36291
36744
39636
52828
56834
61723
61360
37520
48013
33660
48128
38598
39422
46194
40131
37133
61429
38315
48188
42161
44381
35319
39505
39183
59121
53940
46129
62119
56062
37257
53049
41587
45930
37464
60185
49016
43253
61805
40754
32410
60351
61948
59203
56500
62731
39114
41797
44776
42562
57130
52883
36148
55611
37419
45646
52038
50617
45584
38656
62354
57397
58880
47487
63649
38366
55295
34581
37036
35295
36125
58589
61289
47072
36333
34416
53797
40911
62265
38849
37395
57056
43764
48710
45284
55762
35184
46425
37783
56437
64210
35293
57235
53865
59586
47396
44531
64808
43111
46864
35105
52038
33938
40825
59558
46328
47161
38607
40768
49620
60712
40449
61237
39895
37619
56733
47336
54188
41519
44088
63402
47659
40929
54288
32978
62241
62775
56304
47376
42319
61302
55124
46078
60341
64564
33230
61944
60432
62919
43432
45102
46753
37885
44491
32503
54064
54542
37599
37481
40785
62158
62388
33062
57830
47143
53473
58744
47077
51911
33707
38049
48731
48406
55336
57452
40369
64619
37540
38664
55854
61311
58435
46358
36286
55586
37608
65025
61170
54060
55382
61070
51527
62903
48277
48564
51883
32395
61336
57261
51773
36058
58908
48973
60501
50478
48595
41363
51140
61855
44226
59262
61533
62025
32743
41505
35508
37373
60704
44282
52517
37687
48200
49792
37400
35152
35747
48891
57220
53749
45948
34200
34738
49880
36108
48061
51012
57253
41118
52890
33909
44088
32497
63233
37794
61197
51678
44919
42250
63480
45114
53387
49106
48918
57598
51046
61004
61443
47525
39588
32632
46413
46038
45410
33227
55337
54851
37016
56112
34917
44241
33450
41549
57502
35833
56633
40199
64179
41838
55615
34888
43129
41984
45403
36095
42161
64704
64105
34409
53303
62309
59990
64912
53116
39918
33074
65041
39989
62345
51335
43041
57173
41652
40170
41938
42809
43682
46543
55699
52771
33248
57250
37878
42218
58424
39955
61111
46576
55766
40113
46841
46163
47529
52154
41170
60264
43788
55089
62986
49765
60070
62002
41504
43101
54926
49283
49038
64626
34227
41067
35406
50758
61052
50887
56221
53938
57515
57690
37631
35003
54919
45925
36995
35521
57658
57463
42056
63482
46200
55687
38720
57887
38241
41024
45364
52069
45225
54428
57353
49327
39926
49332
58433
58370
34441
54999
42693
64313
56609
54745
39905
55034
58652
34733
55184
42472
37600
52790
46842
34842
40825
62043
49979
63181
41347
59738
45414
54357
44363
33886
41929
47194
49201
48723
36979
52288
64337
39929
61684
52199
61794
53815
40804
65173
35805
42675
33959
48176
52066
48799
64494
53937
59225
53206
36737
57301
37077
59431
62141
62229
56509
48880
56664
35801
39213
50415
44013
51177
37402
58966
59828
54820
35125
45853
42896
33140
58642
57756
50256
59393
56202
57177
35374
45733
39774
58399
50588
57505
47388
47952
47425
64398
58183
46971
37694
51094
41394
33841
51125
50147
42029
51733
62604
36696
58467
55603
45678
34175
40707
52627
63251
42947
59422
57869
60610
42720
57041
58718
58132
41111
50211
34172
48378
58790
63792
58663
32769
56311
43144
44993
59605
53528
40658
40799
43268
53483
38581
43296
45573
54431
64504
50110
45433
56798
59879
64610
41648
53832
59641
52669
39279
43809
44977
60756
43505
52550
60098
33563
37419
40294
53366
65350
34901
42094
33616
33372
53925
55365
34801
35725
35934
56506
53816
57669
48137
53435
44461
59393
40706
64455
34080
56162
52791
61349
52621
40319
41005
62039
38979
36992
60484
50250
36933
44649
37691
38607
59121
54067
61686
50895
62431
60705
39807
44985
35852
34641
37708
43712
54328
58002
51392
36420
37516
36981
39667
49549
50048
50343
46006
47295
62972
53373
58578
60682
45757
64721
60049
42274
62203
46605
46976
41455
59977
48773
44402
33669
42940
56074
59336
64086
53839
44475
64240
39078
33926
45855
52524
55360
35666
38257
60565
43112
35893
51771
34399
38928
54950
44583
58206
61519
58551
37649
36297
54030
52981
62560
33855
45573
46992
50583
40455
45542
61628
36647
33948
52695
57942
52616
58985
53030
62155
50823
50897
60728
63286
51426
36722
43459
61128
35346
50859
48445
36205
38504
36699
42901
55724
34651
54764
47392
57807
62497
52881
42966
52293
53372
43211
33982
51012
44503
39986
42407
39859
37521
45682
55065
59206
56217
62100
60043
49643
56379
53631
62678
53861
45113
35774
53482
38454
62494
52355
47808
57539
55247
50668
38544
54707
48995
40582
47171
58008
58932
55312
48939
64465
47158
37761
55794
41135
54664
54860
34512
60118
62537
46306
41985
44262
38061
34424
58487
58459
47952
34315
64716
33458
42442
33954
40058
53710
44419
37076
34638
63385
52425
46985
58138
56558
64031
49669
36267
64439
52696
38178
36602
55378
42469
38364
64422
43578
48108
46867
56226
63459
57754
38029
59691
43493
55097
48955
48126
55645
61573
40637
46279
56720
64443
35879
48348
56530
40692
35334
44587
58535
40881
48542
63346
52519
51383
36214
53422
60327
57885
35095
37845
55445
61347
65040
36295
52388
43333
56893
56194
55593
57872
56137
42902
65477
53557
56178
56282
60741
61788
43916
39772
56262
59962
37449
39070
57373
47206
43191
39935
42614
34664
39946
52855
57914
61971
48284
40071
62775
40214
65074
50544
37371
57293
52609
60068
56704
61277
57073
45946
54287
49151
55968
55589
62814
37020
35242
44775
64508
54427
59560
64130
41966
61431
50038
45296
50331
63892
48698
60243
49637
63443
61345
43055
39065
52068
61548
44247
35337
48219
33836
39717
43767
56710
48969
36718
55733
47614
52809
55989
57227
65789
49743
44319
49497
41967
34530
50343
33661
39628
58608
62483
58615
49828
46867
38439
54731
35452
45842
49432
44199
57944
60587
52804
57286
41113
62864
35359
50452
53641
48815
41073
40339
42293
40630
39103
61437
61307
41431
63238
63147
61027
34505
54448
42165
51891
36111
34240
34395
34493
63612
40528
65700
53116
60919
60477
46148
58335
36220
47393
34755
34405
60771
59521
40156
44266
56037
50760
46372
58049
33756
39284
51692
37122
60874
53008
56167
41253
56861
53602
47888
44496
38833
57189
54598
46574
37271
63610
48697
34305
35605
45146
34314
52153
41197
65359
38958
34757
51170
58020
43540
53737
53369
57689
64775
41809
55293
51484
63317
39717
51909
46965
55473
61789
56250
49985
36310
35799
38163
55905
59245
59814
58979
42931
47153
55470
54230
38209
40529
43374
43703
48825
64533
54556
57142
59422
58309
51703
63337
52412
64199
53721
42896
55905
38919
50955
33693
44234
41372
35678
59892
56668
60840
62839
35695
64277
43647
43115
46245
48833
37388
35212
48236
53105
60529
51330
48028
43817
42478
44445
61974
34777
64516
41577
64773
49294
34266
43139
49764
41706
39903
45740
46529
45266
58033
37916
55872
43622
64830
64024
42466
62518
43561
41927
43527
44466
53359
52290
42290
35811
48970
64234
57869
52313
42325
44542
34733
54373
33521
37741
48918
53384
39912
50152
53762
59434
44113
46140
42718
55695
58548
53471
48662
37384
61806
63432
38034
38502
37206
50308
36737
53172
65440
57991
54613
36902
46338
55744
47118
58444
50198
35184
38076
33931
54528
50491
52287
64206
33872
51328
47442
53369
43306
62438
51144
55455
50852
35127
37140
60020
44143
55666
41487
40965
35514
39195
52726
60710
64851
52950
45746
41644
53775
36916
53853
45533
36461
65741
58881
50213
63606
51087
52643
64267
42727
61013
49536
60514
56466
57275
43158
44740
45826
63281
47206
35388
55390
55119
49657
41283
58511
64105
53281
42478
35237
45410
64257
61285
41847
33989
38095
33687
60042
44049
37849
59692
52789
36693
56774
54715
47618
34557
55327
35902
51798
52716
57870
65475
46165
55755
39781
36452
58624
36256
40161
59512
39840
64162
34225
63499
33640
41804
66098
56460
36950
62640
45053
52934
41818
59918
33571
65810
47546
36517
37047
53194
43957
53705
57997
54784
48743
57654
47170
47728
36076
64932
55676
51380
36040
64923
56691
43703
45446
62089
35761
54892
62368
42002
47638
33728
48799
54695
52254
48845
35459
35418
46951
59984
42085
47856
45421
50781
59995
45624
60056
53073
65180
33692
64122
35081
46565
53238
57681
35409
50459
52389
49876
56479
62001
49375
48684
33794
52300
60744
34624
50005
44837
37316
42293
61624
38319
34186
64053
60993
65531
38267
63600
39662
61528
40113
43105
53214
50110
35674
58451
48577
59757
53191
60707
48782
48593
54720
48199
61300
36009
36891
46863
42770
65128
49293
42795
39914
62683
61887
40046
53011
39693
55204
39890
36655
44136
35339
49083
42909
46876
52592
44416
36848
56773
56856
33831
44959
56392
61789
43120
35325
54269
57670
37398
58988
41748
46682
65105
51406
52017
33718
43935
52797
43866
51550
66244
49660
37139
53457
53519
65197
58567
47072
63456
61380
62826
40383
46439
51003
42845
42589
60078
48008
35474
51185
66266
57804
39920
38613
57262
63565
46585
33688
61264
46374
62634
48975
53072
60733
37026
47659
41190
42870
62855
61521
62075
61478
38822
63717
57963
65739
52441
35688
57098
36858
44206
61253
42981
56728
48069
35238
62538
53069
59002
64908
58122
45366
36548
37407
38781
61146
45405
54083
42951
55392
58916
41067
49242
51199
49087
40370
41148
48053
52868
47912
54667
46908
51866
50793
54206
66106
43355
47733
55597
38584
41469
49595
46676
54229
58738
40567
58707
51387
36236
60734
37434
43987
34661
62935
63620
53813
64766
65101
47585
47971
66086
54338
37433
34102
34974
65670
36077
56344
57210
55529
40800
47988
49610
58445
52406
37483
47226
50431
46811
41161
54135
40263
49351
41015
65043
41533
42497
36274
62123
53471
43874
42811
37255
63841
52508
61904
40705
38084
36347
56220
44266
39082
52202
52843
45865
48489
48568
50784
39845
59998
65052
49386
50534
48260
51191
38900
49911
56132
51162
40284
55310
36751
42696
35495
64110
53547
45629
39155
55821
48714
50542
54572
46194
45409
55251
33923
63330
59703
54499
44316
63163
63293
41247
38663
47520
59421
61521
55666
41686
55957
53526
51229
63598
63622
37274
54542
36517
34376
57763
47749
39432
64577
54737
65842
60636
57014
45092
46758
41916
51168
37310
59400
34180
55363
63978
46345
39534
65851
46686
36633
48763
56792
43197
63708
45845
36331
34144
55767
62450
51041
61270
47728
54075
37328
38313
64533
41198
57424
46563
57787
57729
64908
42961
64650
55240
65049
54919
53462
58904
44294
51876
51026
35501
42676
43480
48768
64329
38375
53155
53356
42014
50974
58207
41114
36334
34336
36736
50749
61297
63960
48667
42665
60919
62050
65189
54283
53582
56678
63742
50264
44774
54437
37293
62595
53299
64209
41838
52211
55379
39586
61930
54324
60657
48166
47557
39149
58985
42073
66013
50194
52012
62197
37329
51802
39527
53899
45505
48116
43487
61139
38741
36214
39711
42305
41985
60694
43990
41944
55431
63516
58747
59971
41405
58519
61490
57634
58000
62287
36083
64418
57161
48636
64233
38736
60943
46517
52248
36399
37037
58795
60739
44807
56214
52759
58637
36865
52774
60273
36446
61297
65579
48611
53768
38643
51364
58621
41899
62649
49609
41898
50646
57123
52811
57443
39278
46736
66524
62882
64596
55669
40690
59034
64322
40620
58312
52261
56054
51726
37030
36350
48275
44867
50531
48176
57668
63193
66600
40142
53538
47508
44918
49637
59736
58885
43371
48047
38276
42078
63553
47881
47201
44165
37911
47143
34724
49767
49652
61831
57123
52367
40969
55075
53052
47351
50998
46571
60021
42014
42448
46962
38496
63066
63394
35304
58306
60272
65329
50248
45555
47202
58437
56018
41352
50056
56228
47036
39472
41698
64545
52261
59356
54445
58581
44362
45859
58932
39085
37372
55524
64745
45861
50258
58669
62900
55890
56219
46427
36491
37414
53910
34179
52803
54512
52710
60689
40614
38178
42688
36527
52421
35927
36327
65385
58256
64404
56026
43278
38051
49358
56139
43993
41827
58797
46804
66384
34378
35728
47846
62061
45695
55505
41730
64252
50602
52042
45355
58436
66054
37912
43675
38121
53432
57502
36021
50193
48735
46285
36411
50630
42476
47779
49345
63132
64948
43762
58977
35475
64195
45923
53169
49982
65139
64954
54770
53541
66110
48220
50570
58473
62929
57358
52405
45222
50017
56063
49783
59421
60994
38153
55765
61971
65462
62772
38212
57460
46595
42108
36450
59580
43464
60884
58852
58391
56720
57194
61391
39623
60328
37165
61420
57031
50734
46221
64117
47534
48491
53633
52501
45525
49251
54479
46096
60092
35753
54152
53181
42154
47736
42961
52797
57236
60928
51945
60775
42304
65278
36968
55554
48811
60815
42693
47415
55463
66374
65819
66885
56264
56188
36397
61047
64385
50663
57511
63316
49291
46959
44199
35605
37510
48444
48763
43356
66787
42516
52909
64034
60161
54756
55100
56817
63382
63388
52781
52820
60241
65856
59714
41613
38590
48700
53002
35973
45929
54265
55578
57865
55366
62637
52121
34354
36176
46199
42498
34597
49777
46251
61733
50173
44450
39275
44655
44806
54355
64887
52332
65580
50189
55365
50314
60339
48726
35413
50720
45352
56277
66495
37550
38551
60086
47374
61287
41982
35920
55888
53228
45826
54789
65646
40539
42721
63850
50362
50312
57512
47016
63175
55946
50086
42019
58493
40570
56864
64089
59500
39287
35398
35596
45665
38381
39782
66723
65079
51991
60256
39630
44272
57795
56410
53609
62469
46678
41652
61091
38649
64527
60222
55391
57140
42384
45481
57562
50703
46746
56124
50830
66860
58136
59848
60247
65800
40799
56030
34517
49619
66996
34623
55313
61055
46350
38548
39523
65047
36126
56160
49555
37714
60301
43826
49470
46696
52869
34591
58235
57636
65650
43119
62143
37178
45322
50583
47870
54492
40843
41832
42515
66952
47683
50821
63330
42276
55126
55578
60092
37196
60092
39115
47747
65771
56713
57579
53518
65544
60017
42223
43342
56803
41867
61218
41650
49473
66901
47002
52297
55044
47865
42858
60199
52990
63438
39961
49161
39687
35362
65363
53308
42061
35639
50911
46522
60140
53387
45265
47767
50111
66140
36865
50075
43125
64364
48315
52785
52711
54786
64952
66943
62632
51761
64845
45783
42974
49500
40675
36174
56913
49914
51367
44202
45506
40599
62851
41858
41086
63259
41804
66720
36147
37711
61757
55210
61697
38813
66212
49410
62420
36120
63963
57578
57074
55740
40826
44524
40400
36342
35275
52857
49450
43879
55422
46544
47186
51429
55454
34849
46281
47042
42180
35314
60428
36433
38283
40643
43952
48039
38467
39661
62385
34975
45546
60624
35592
43553
60504
57645
49787
51363
48057
34513
55737
41199
46656
62836
47782
41511
51226
64480
65268
44295
66977
63830
62451
55403
60883
58925
37034
57105
45314
53180
37414
39583
53196
52090
45586
45032
42574
42340
43912
53355
46997
52639
66087
46364
52565
51551
48998
46696
49118
43783
39463
42355
64075
54674
48272
51876
36605
36657
39958
44387
61512
42805
38874
35105
41323
45872
53561
37785
62406
42839
62110
63574
42055
52779
55451
44406
60710
58201
53561
66989
57298
54750
58764
41869
39723
62830
57738
45572
45553
36631
36381
67110
54652
48418
53622
36396
39086
60986
43429
45501
57127
59344
46438
34669
52407
51133
48958
66436
51481
51497
65223
66560
60382
53420
66632
56797
58535
66484
66185
53139
45975
61223
60134
64737
50696
65865
36769
55241
52093
56031
49277
39644
55000
48021
38280
47287
40910
36253
56376
58574
63639
54425
55993
39272
52202
66491
56710
48875
46888
65322
49975
55386
38104
52392
64153
55580
35667
46963
42756
34815
62400
60264
57065
37756
44355
52078
47275
47933
45170
67346
39344
45788
63241
45935
64439
41454
35806
60241
40044
58688
55063
47770
52025
62816
64154
55524
51552
38495
53957
63335
61511
46294
61280
42525
37394
37927
39119
37925
51319
45573
46476
44902
42446
66359
41941
59252
64616
60824
56226
38839
45090
41827
60634
56522
50746
50093
44486
55585
42849
58419
44486
44271
51217
59478
49219
42310
43808
51556
46052
59008
62102
46105
35333
38367
62140
40806
49765
50800
64373
49264
36638
44341
52177
65500
66779
57474
58336
54346
39749
42664
43204
42527
37310
38865
36618
41096
35922
38699
48955
37820
64746
59209
59565
52353
44227
56774
46751
66801
64031
64043
39813
53886
40507
58386
59041
46388
36736
38028
55251
44094
54269
44737
42418
62380
55317
52182
43483
53107
40309
48660
42890
34741
54858
36678
57447
64067
49328
48738
60322
58721
54893
65644
66369
53193
42207
34968
48057
45554
57651
39855
55740
50321
36056
62131
47699
39009
48691
45254
65836
56095
57749
61512
65845
60889
67178
43840
37738
45161
36019
66301
53226
42557
50870
43773
56657
55385
58099
64269
51778
39070
45659
60594
42307
35404
40637
67528
50894
37830
58753
66153
65956
40341
60056
38928
44389
49840
47027
56318
48990
54778
64435
35549
58786
57613
40545
40868
55388
65590
48224
44986
54627
49088
40800
53854
64015
56950
67219
38726
61260
39267
54117
53382
39916
58588
61032
46004
53570
46785
63629
38474
42476
50687
40090
51531
62192
58201
38104
55338
42763
53097
47372
44775
58437
45537
43177
60283
39881
38423
58692
56950
39924
37057
61768
65255
50348
62204
50923
54652
54771
44692
47969
41706
36027
53119
41551
50575
66044
44714
50562
41558
65541
49657
66785
38108
49680
44425
45728
43729
53784
64056
65463
44704
63727
38247
35987
50514
62603
65022
61963
41903
59552
49841
54933
40615
48501
46466
58298
39665
57584
63623
44999
40946
40434
51182
61382
37344
65003
42302
66988
55079
59557
51167
48852
60684
63076
63197
54956
44944
43057
45033
37295
55447
64115
49057
66707
64073
67007
44817
56259
63673
41457
43641
46863
50884
49020
50512
60834
59965
60158
49034
52789
35655
44824
45079
44931
37633
51324
47276
58621
40297
57415
42693
60350
49786
49298
42475
58305
64152
46915
59186
43346
41518
39721
57863
41666
57494
42825
37416
38495
63033
41074
55028
40099
46583
63768
55269
66220
44489
59231
37467
45292
49828
41333
62619
59938
50081
46117
43543
63113
47196
42921
64752
36687
61081
59072
61625
40520
35630
39937
64126
42468
41501
63855
64004
58719
39424
40525
55379
36151
57002
36660
61298
38883
42763
62562
40818
39618
53844
37461
46253
41810
41052
45209
66384
62626
51522
58078
56343
47370
47189
59469
48728
64537
60976
38172
60227
65743
52777
64096
48744
51212
56045
49187
61306
56137
42596
58807
41298
44934
63707
56393
57910
46211
62305
44985
65884
58419
45425
45482
56746
58990
44498
56021
37312
40166
61116
54946
41272
43868
48444
60665
35628
53268
60377
48725
58873
41094
61560
67099
59459
65110
54653
55083
66362
55430
50739
67252
61979
36075
47726
47436
58105
64989
66927
50752
40125
45107
52231
58664
50796
66927
42496
55743
45992
58933
61112
37362
55930
61698
67855
59959
54862
65818
39555
35872
39999
41410
65946
39728
50325
49584
35713
41965
36236
47808
44274
65846
64344
66024
49754
43991
47461
37742
39740
43099
41187
61272
54480
67362
67714
47653
51185
43699
49530
54714
36406
51282
58831
67231
57950
54998
56275
63851
57329
57269
45804
48253
58916
58977
48535
66029
41469
55767
36013
48578
66489
50292
45030
62566
41835
44555
57243
52567
55525
58422
62416
48670
35547
40169
52337
57733
63814
42829
36572
52997
67335
40651
56480
67198
50893
54374
59268
50219
53048
57935
67276
53460
39487
40371
45495
41541
62415
56024
66380
57344
48052
46952
43862
41007
65213
57101
61614
61660
43803
65085
43192
65892
58379
55128
51248
65577
47285
44528
61735
65672
49747
64615
41544
64779
60821
42944
60256
51679
62276
42415
51998
35720
50215
51442
39447
67027
60451
42980
42764
55052
45221
53584
59504
62322
60997
50051
59173
62696
63907
55717
50823
37613
67477
41801
36267
54990
57477
55874
38376
57370
58132
60088
49815
52567
39427
49532
58904
40179
59732
54425
63510
39550
38572
39468
65803
44054
45308
57717
57094
37922
39776
49709
51116
64323
48968
38426
43900
54919
43477
45282
56920
64992
39046
51741
43329
67285
47379
52653
43363
46968
41113
67154
41041
42392
48632
54905
39313
54839
52089
62293
67931
61758
66485
54833
51358
56688
40370
55301
37444
55453
54350
43847
58807
57368
64737
43011
62116
64875
61726
40494
61951
52040
53306
41528
36935
50883
56145
67552
52491
49343
61701
65356
62381
66470
60520
67673
37222
65886
60188
45104
35978
40312
48824
52506
49421
59306
36206
44181
50759
55935
58859
59303
49652
62029
51839
53618
60543
45160
63358
46089
43648
56981
59622
53122
57219
42689
58177
53068
56843
54003
66509
43459
39126
51584
39899
40450
63843
39294
56181
50168
65458
43898
36675
58047
36683
60014
62896
65832
36225
63725
61256
58523
46328
50849
36452
61982
49765
39415
51722
42419
56981
57881
55311
37863
59825
58653
62078
43432
35776
40571
35902
40535
44653
57797
47342
52254
50186
38290
52244
57988
65494
39612
62327
42814
58235
46027
53449
47432
50651
65712
54921
68149
46860
58039
60456
65988
58785
56503
40299
65459
59692
50059
55568
45016
38401
53958
66228
58477
48700
63907
56308
60076
66565
62523
67795
36252
41234
66811
45915
47914
51054
57940
37512
65403
65401
44212
55393
51841
42801
65718
52072
46028
63151
63894
36660
45219
44532
47079
57437
61524
53222
49288
51096
53960
36502
51156
67619
44378
52420
48409
52580
53737
55461
43595
56269
35884
50148
48122
51458
67910
64742
66946
65342
56731
36178
54658
36851
40161
41425
44687
39344
47226
48914
47145
50504
38913
51218
48109
40497
40995
47514
66317
51754
39856
48905
43006
58400
47857
66643
45168
65107
40253
59722
66435
36789
39111
64028
36920
53394
46266
53533
47141
51830
67976
50631
53870
40780
64382
36095
56048
52163
66461
44698
41407
59638
64165
62496
36563
45387
39538
46288
52734
52379
43403
41700
63265
42900
66809
65046
67232
55900
64597
53090
47635
57975
46117
37390
42303
46059
66153
60904
37700
58786
63856
59087
67607
64783
38128
42356
63027
40213
48470
48482
64652
39972
38235
37948
49349
50597
50648
52806
47522
51864
48091
58407
64960
42363
36090
50670
60036
62830
62951
44882
46929
38038
42821
37182
51454
60863
54458
46221
55687
54597
47686
64018
51202
59700
35795
56283
42197
48302
66317
37814
52775
53901
65395
68341
45204
43850
60590
63343
65573
59934
58146
51655
64895
54630
46788
53489
39770
46668
59435
46833
38965
56228
44009
47846
57416
50196
64539
52296
52155
45944
59455
60270
36117
46980
38726
62291
58359
57259
45034
45209
59402
44096
39746
59854
65590
63708
54676
48367
55829
58879
49514
63018
62887
67066
45288
50152
39239
53516
39260
60427
49629
42187
42263
58996
58198
53957
38780
65737
36177
66152
46934
61301
51227
59935
45935
61424
48606
41918
46430
57408
66581
40992
38560
61376
39235
65038
60394
52512
60133
51299
55998
62893
63397
57198
60733
68050
57808
37272
55356
51935
67082
42823
59289
42506
59969
58882
66767
61620
39135
52949
35785
47597
48196
39927
57844
54585
36467
49578
66456
66196
61707
63075
64360
55221
49530
67115
63576
52880
48493
62789
62894
40222
68490
46609
43356
47712
48226
63024
44173
46242
55201
50921
37502
48381
51592
42187
57743
35871
50334
41620
41626
66639
60322
47954
64131
46251
55235
36808
66064
41396
53012
37651
53243
63245
48954
60046
59718
67200
53351
66802
68559
47170
42125
44226
67364
53368
38603
39398
38808
44537
36652
50837
63383
58966
48784
68473
39734
58136
55018
50958
51726
58440
37804
37964
68427
35893
42624
54405
38912
55409
56377
37008
51134
44061
36361
62759
43876
53094
45812
61070
51768
67664
42372
42869
46391
45235
61887
61216
58538
60802
48982
51909
37882
60243
44063
46646
36805
50204
43717
55231
43569
62011
47551
43858
51585
62650
67198
59617
50406
67792
53483
43532
66455
40107
41744
37628
37411
57196
45333
66191
41478
37492
62831
36277
42875
65502
56660
51738
67986
47692
39282
44037
39042
68071
59104
64384
48704
43681
58453
42169
40273
49086
51096
59304
37340
41106
67383
43762
51459
57996
52348
62989
57971
50291
49565
54949
53306
57072
36915
46399
59610
48717
41965
56605
57243
51580
66950
47969
38693
39515
57844
39285
66125
43830
37347
54953
67376
64909
46433
58654
39038
40472
47067
36324
63769
43529
53320
49247
56799
47505
53668
61679
57795
54181
57248
51919
65571
52994
56216
47422
67926
50287
40389
68573
50564
63042
52916
47705
47546
53541
62710
68425
49981
59930
68378
41562
64799
40381
45528
47529
42001
46281
53903
68208
60536
45534
50674
43237
65219
44162
54013
55135
36347
56677
39471
38075
48283
49129
49395
59902
50083
60641
61791
47931
36840
37529
66080
40888
51630
44568
55989
66892
64120
59809
59356
41739
50463
50304
46154
65318
58402
59395
63903
68620
57917
52678
48537
41173
49469
39731
53128
53473
66322
54858
47618
59068
51494
55198
64727
67141
65005
40352
41799
47632
48318
58656
68211
61448
60385
43793
60434
43353
48361
64397
65893
57741
67395
45593
53869
61684
45328
36649
66907
61002
39472
50919
49736
54164
48543
60720
65318
59979
64773
58079
51191
49852
51848
43087
55101
47791
42213
47387
37553
55111
39359
54568
49207
63017
49719
56038
67346
39392
60860
38610
37204
54657
61220
44096
57753
39818
49148
64343
45301
62480
60957
43101
59691
56858
67456
43061
36640
57416
63572
63013
45455
68792
36685
55005
45053
64553
39998
52405
60912
66657
56554
41271
50780
44493
44056
42973
54110
44136
42725
40475
56876
57309
48222
52384
68429
40688
56142
52698
38661
53786
45653
40376
46612
41331
46650
54963
61088
47574
57986
49167
64879
60735
59458
37214
39769
45687
48945
36679
46845
51188
52481
58757
63156
65018
38640
57906
38595
60423
45466
63046
63445
38254
58129
40795
61864
49474
43823
40627
48646
67957
42539
41339
36855
58689
64875
48721
43829
45767
55961
60421
36832
66551
37113
54684
36467
45743
61690
44955
55287
65575
64011
62082
56950
50060
57007
40598
39347
60395
36564
60643
66584
55633
48225
37250
58352
53553
36366
62232
46294
37381
62584
64415
50541
51768
54645
58985
56658
63044
65956
44897
65359
59928
43081
67477
39890
68028
48472
62193
51101
62775
67024
62285
51902
43953
48714
58539
39874
59861
36818
61113
39718
51065
50933
44958
41742
55425
65819
66546
48953
54528
50200
36878
41269
68769
46077
61063
42191
43334
56116
42997
63694
66798
47308
55289
49121
38620
67857
41854
48597
48118
64608
58430
58635
56939
53305
44424
55338
49304
65174
36417
46097
61229
63355
46122
46608
40587
39119
54368
37463
63345
55402
64809
36526
38616
54383
46317
46439
50459
48604
68227
46225
43099
53599
64175
48495
63010
53868
52968
63529
59462
48268
55646
57280
63761
40696
45627
39495
43678
54886
55849
41297
56710
39203
58901
52902
64189
67938
38963
41274
62646
49620
68163
52831
58318
36984
52498
62265
49639
54197
41283
64114
67923
44454
44367
68144
47861
65973
54475
36420
36770
61547
38122
45733
55501
50566
68162
57884
54372
68684
66515
40256
63477
48672
51013
48549
63253
48979
60017
63825
67842
40508
58915
47727
45447
51339
50718
40776
37152
43738
39521
46702
65631
61061
69033
52026
64142
51644
50487
54905
39830
38358
60883
59235
46368
40936
39441
39117
48889
59287
54739
59039
42683
49194
37647
63367
49834
67556
54227
44783
60380
59792
46470
39725
66461
56413
49520
37882
59409
54764
42621
40230
39963
58024
49213
57738
42622
38998
36656
55869
60482
38636
67137
62987
68186
68519
53648
54562
62083
59992
64116
60687
53103
53503
68801
43241
62499
51610
41286
55756
55966
56895
61850
68489
62907
45929
55577
37276
55896
40080
59177
57439
66488
57084
59074
67197
46886
38618
65325
55976
51931
62096
53771
45455
54306
47182
47770
45066
65722
51685
37428
69016
40828
39645
40472
56076
39997
52417
68205
41347
62198
58814
38532
60825
56867
54637
54878
39645
50280
48108
44398
62338
43386
42803
59039
63575
42557
47781
69017
58617
44074
62694
60736
50246
38900
67565
55166
43286
55147
63322
39491
57126
42656
61705
50634
43093
43082
37863
43037
55827
56680
39172
41435
61206
49192
37610
47161
57678
67080
46894
67655
57372
52539
58948
65397
46783
47438
58775
64853
63247
49931
65497
49826
48237
49054
65432
53634
39674
58102
47123
41736
36615
49518
36939
54781
65741
38061
50269
47840
45150
51146
53518
57643
40412
69300
48552
68056
49641
68818
47109
41764
43614
52966
46825
45459
53056
39991
38549
51764
46064
58095
58264
66086
43169
50114
51177
63323
49167
65744
52787
54940
52591
54221
61296
66253
65185
61279
40633
49523
59053
44999
51036
36979
68717
48836
61744
67868
53639
44724
65317
62568
50591
53501
48159
62591
47562
52139
43525
59261
43077
45659
50964
59253
50279
42583
48506
68534
50900
49666
45344
53069
51700
54135
40903
49355
51875
43629
67414
57160
41258
64862
50802
51367
67182
43496
60240
40220
63848
54387
58567
48108
39125
43796
51626
48500
50479
53169
43604
52845
40667
44390
41092
53358
46244
48424
37228
58290
63080
64936
54788
48668
49169
41594
48548
62328
37063
48759
40658
37636
49765
60768
59993
48687
54569
49348
62619
40096
41903
62499
59687
53626
37664
44115
40078
54751
37799
50723
45171
56499
66852
63551
48610
41890
54309
52307
63971
54628
58130
45939
67662
57663
37799
47547
61664
60366
66727
40242
60047
48386
55247
52212
61723
53094
37897
69009
55526
58535
63459
56240
54533
50003
53311
44536
41879
66017
42828
48432
54357
66290
57269
65956
56683
67286
36888
61643
62087
63058
45753
48680
53807
51872
64888
41838
64855
46776
62976
62439
68915
62926
38466
65302
39754
58140
38178
67228
61388
48865
42863
52056
59941
50346
52505
62930
55250
63184
65182
56794
44403
49986
52934
62828
54818
58756
54416
56023
68868
43512
61804
54814
62749
63069
51114
50591
58217
48021
62771
48626
69416
46251
58999
57620
40057
38676
54694
45253
46378
38965
51747
57390
41935
60454
44086
59591
42257
41398
49409
59000
58185
65455
41653
65279
53326
51035
67845
55441
53642
65606
62939
58308
62036
45382
39498
64684
36986
43705
67525
42820
46876
50702
65934
60176
39873
48775
66160
37377
61860
67388
51889
52889
67407
49764
68163
68943
57963
48592
64314
62773
52695
39096
65667
56280
69111
63162
40146
45160
44879
58400
54748
41497
41808
53090
55239
67016
40817
48107
60638
48866
62082
37408
40330
44930
50237
45215
68733
62425
62239
41668
58161
60627
66678
41074
58001
56823
55994
47888
60406
41616
42528
56273
38484
48650
50029
63289
41910
52126
64776
39389
60135
37170
57940
45674
67954
47482
43324
48360
61901
63844
52752
45888
43474
42163
58767
59132
52590
62953
54597
43087
43421
68971
58903
56917
66454
60384
58652
62619
57410
60378
50862
49634
57331
65208
65473
52256
66131
45259
67956
69064
59035
47287
49894
41035
56325
38428
42315
61407
54915
66422
65087
56447
39857
48962
42073
60467
48136
61539
55812
62097
44117
43459
53898
53636
37738
53565
68978
46924
40980
60859
64524
64966
64333
41115
42314
69358
43698
52824
48081
62114
63287
47718
55888
59817
44057
39517
55825
47603
49684
58458
63438
69666
51927
56482
47813
39498
45237
42633
53774
49141
40605
56467
56365
39787
42060
62424
52452
38960
60097
61101
58699
56013
68849
41600
61986
54739
59581
38148
50277
45086
64545
46223
38945
57431
41646
61376
56711
41404
51002
61540
38974
42532
56790
64922
51454
43325
47616
51510
38235
51481
38170
44132
41438
51177
55579
38798
53850
39688
66437
47487
58493
60219
46231
41416
39078
59959
48835
57954
56566
41315
51810
62614
44714
40416
57767
58650
42408
40391
63697
68477
56919
41649
50853
53444
46516
68989
65820
51542
68515
42829
53849
42517
65410
48082
39389
49358
56068
43210
52734
51155
40765
67270
37269
52454
59385
53041
53752
47961
39250
41870
65832
63860
68482
39425
49227
47383
43253
45841
69212
48032
45731
56492
53025
68879
40604
42603
48733
64105
50404
68376
41800
51034
52866
62318
55356
59165
39636
54815
64177
48289
69413
39196
55147
42468
66689
38928
59122
54947
51144
62509
60995
50742
57346
69932
38853
46262
69362
58255
39038
68448
49134
62506
46471
39998
55534
48353
48573
66820
41442
49843
52154
47416
46665
69880
58372
63381
46335
63974
50051
44722
41558
49242
62009
38111
45161
69334
60973
63311
57773
57285
66216
66685
47561
47879
40868
38344
61608
60585
50562
48224
56268
39156
55547
38246
66021
53674
62297
43343
68770
69772
66279
55946
68807
47903
53158
42850
50304
37808
47169
49957
60404
48022
47939
51846
42014
43703
41096
38720
68568
49230
55025
63228
43833
53483
55900
51573
43297
54715
46548
51674
65298
41225
62980
67444
40770
48133
40946
53640
49390
53700
65514
39551
50928
52105
58551
38468
62612
66115
39706
38894
58536
43350
48500
62111
63186
54942
43974
57771
42791
52145
49115
48125
66552
58469
70084
63159
46575
52883
57477
47897
52827
61210
62222
37796
53193
38950
66925
62591
42196
62642
38465
41753
63806
52555
43122
49424
43327
68119
52511
65106
47900
38423
68056
46722
38652
67497
61198
64925
61688
45649
62151
57309
39281
67000
58262
55517
42918
56821
67531
50687
45701
43276
48359
55307
68546
66996
43859
51224
45351
48990
57937
54192
59435
52082
61490
50223
47045
43996
51914
66924
46210
56007
39969
69531
53974
41896
51051
43122
45999
68991
47674
49035
40784
47706
56819
59914
41565
57370
48510
49535
65842
48761
45890
43534
62841
46668
45905
50125
59900
58886
67039
68461
43191
61310
67065
60957
44850
51954
47220
54443
40206
52043
53027
59884
61661
47010
60493
41055
67383
40452
47709
47885
69642
50034
43996
56755
60977
54572
63389
59427
46408
48944
42295
41192
47551
52221
48568
62249
59182
61852
62616
50128
53480
61409
56556
41450
45267
41967
65244
54865
51319
46330
57687
38537
55380
65105
56326
57065
41337
55963
50558
47099
42322
46176
53689
60197
38850
65484
46279
60040
46961
65968
56769
61480
65640
67530
56831
38989
60635
63046
53386
64298
47173
52868
54740
68029
55483
37660
63399
45558
41593
44320
67932
69147
51650
46753
55373
41835
46823
52852
49293
62466
57509
55605
63958
59388
41139
54157
45250
53725
46748
39345
49214
70193
60619
51243
40764
40559
37860
39389
54953
61219
51291
59203
37791
39244
46655
43768
43483
38659
53078
44924
39537
66398
42863
51764
62142
52628
60148
51122
38815
42850
41919
60727
53472
45741
49198
45942
43256
45672
69754
40603
62707
49848
44612
55180
39087
56406
66161
60015
56139
42806
56632
52844
57309
57446
54393
39604
38499
55096
56401
68802
47357
50595
52715
50145
43353
67559
53401
54766
49774
63344
55587
41311
62061
60669
45919
65668
45300
44545
51713
49677
42373
51529
41141
68301
70200
42720
46187
66749
54956
53040
46578
65348
40771
44393
53961
58549
38031
53543
65586
43290
40711
62287
64647
38448
70399
49721
64209
39090
55511
47381
44183
62170
58738
67207
40436
63526
38633
50837
38892
46680
51585
37827
64768
44992
47323
45948
54272
68285
65899
57780
62753
55938
54827
65484
68944
58646
48785
43702
60357
68254
61630
64601
52698
45535
39928
64567
40222
56831
46938
66381
54181
53643
43210
38714
64163
58047
55340
65700
63289
58625
66261
41176
39311
52142
58179
51888
41507
59929
65803
41658
45409
62673
48402
51862
54643
43043
60928
56224
43610
47072
41202
62672
49214
60513
53872
57310
48130
69831
45982
70057
58908
38535
53174
68057
39844
70183
42421
54723
54698
62786
68181
47758
47821
43474
58940
51860
61193
62127
42099
59915
38353
46418
58649
67301
47710
69855
51289
67572
70214
58979
58777
46930
52816
46681
49908
44032
60807
63348
57579
63181
50829
51864
44631
38522
47922
45097
63650
63259
51781
41609
44087
65728
62379
47580
63799
63829
41645
48399
45166
48583
70294
50200
60549
38505
57726
53119
56185
43669
50529
63773
48204
55190
38772
41508
58618
61125
43448
49759
58542
40691
39631
48315
38454
68871
39951
56583
46772
57320
56789
58104
54423
50078
38427
48752
43722
42932
54605
57599
48171
48352
40281
51371
49983
62950
61190
42988
51748
69561
49542
52987
65223
58595
38990
47692
38743
69672
43813
59993
56057
41574
54395
59554
41661
61376
47613
40434
59088
47099
58214
56803
44020
44584
45976
52132
58670
41860
63467
64506
40382
55708
65989
63621
65364
49077
65131
67653
67713
40810
65814
57693
67436
64663
62282
43030
44230
44150
57187
57126
51968
59400
51569
44339
38331
56759
68165
39827
62848
67129
57548
45654
50097
49335
44444
38278
66239
64047
68813
67501
59038
58391
49674
62872
49526
65091
43751
61275
43164
63496
43893
45717
58816
44194
51477
43509
67688
48851
59273
67069
43933
38861
56401
54022
50147
52562
52276
45189
67951
45850
67357
69004
53909
39797
54824
69268
62080
68401
61437
65657
61477
58558
67421
64710
43385
52880
43002
41779
46818
55493
54668
68716
41708
42504
41249
55828
51774
39861
43188
67594
63436
56637
46338
58091
69966
38605
59801
51160
59376
56106
47922
70009
65867
39136
41024
54849
60564
60059
45001
56308
63507
50901
41589
58471
56023
53937
59877
46984
42665
56359
53829
69277
38462
48994
57893
50385
68529
47974
60548
61676
54064
63990
67886
52322
65013
52917
59209
68495
59767
61835
44586
68417
50914
47178
57453
63351
46789
70546
62788
53096
52491
54002
39951
60103
69933
62543
56877
58438
52902
66186
70418
68953
51622
51037
55962
53052
44042
54406
70045
40247
48780
43048
62660
56353
49719
61550
58779
58147
65055
45681
67047
63934
54606
55388
40249
63247
63745
60110
64707
58962
68373
63871
54635
54438
50364
63271
46110
44047
62836
68763
39015
49089
60986
42809
55616
60828
44282
50823
52264
63731
56395
52503
57973
66193
64345
55470
45292
49662
49698
58788
38287
58366
38374
49550
61366
45659
41432
69915
40545
59620
59418
60732
47309
56246
57064
56200
46405
53946
60948
42462
62011
48751
57522
54604
54679
43498
40724
54319
63055
69147
50425
64412
66616
59985
59393
69631
57884
50688
41572
61698
42508
65475
46564
65713
62455
69021
56064
67035
59004
70276
69739
69051
63997
60704
65212
69847
44533
41936
50279
57129
53387
53742
48620
38781
43111
64084
40526
44570
61636
58142
60359
50852
56262
57010
46266
58689
69390
42494
69865
47867
52877
43009
49896
69990
51605
62093
69074
39298
48694
38987
70458
41442
59079
47103
52580
63502
58819
67853
63925
63783
41943
69949
67433
38345
54328
59323
56964
52533
70458
43362
70411
58288
54047
66105
55411
55334
68396
61502
51546
56595
56579
41827
55157
55460
42028
40663
63434
45081
41973
65414
57119
57965
51068
68579
58034
46649
43018
61669
53546
65238
52642
53327
55246
48321
56794
66613
51189
40260
44266
48060
53437
40275
58627
54561
65792
54197
47074
39165
42372
42596
52900
47815
55154
61237
60380
49818
53002
54203
62435
50232
52884
54377
53103
67408
47514
55032
56423
66812
44116
45064
57590
56974
42852
61450
46303
45452
41924
63325
70928
60665
41724
38327
54649
68566
69528
47303
58654
55529
66009
60953
55403
40893
48299
48185
60872
61162
63191
38683
49262
53142
50298
62394
40313
38460
46262
48896
44862
45229
63399
48102
62174
70996
41112
68828
44060
47037
55415
60523
52075
42585
70791
55577
64075
46459
42325
47245
49622
56231
45549
46579
65430
41740
62285
57250
40090
54351
50202
51196
47817
48778
55442
44438
52342
49301
45762
61082
51764
63364
42745
52073
64235
46704
66684
48260
66091
43899
46715
57260
43201
54798
61764
49224
70536
45669
49079
65288
56450
48718
66810
40136
49703
47917
50798
60599
57597
53572
53729
61880
43881
63537
70661
43784
70597
51384
45856
70689
40114
39875
49670
56287
50096
39591
40773
38626
63980
42153
54431
61747
40792
44481
68285
41770
46081
64158
58657
44431
45982
56809
55901
41215
53092
56014
56450
62609
64034
53433
58844
44986
64137
70749
48604
60270
63435
39419
68182
61064
46185
70881
65773
59756
60229
45105
52427
70891
66303
50403
64661
47207
68478
45325
68765
56119
47565
46178
57690
42316
54825
62969
50710
45845
53336
38737
50151
57505
60988
63633
58592
53252
51367
70164
46984
44795
68209
67364
42635
65491
42440
54790
63664
59782
62408
51512
68875
54056
62027
69110
42868
52865
70659
70658
57656
71164
54982
39589
70158
41408
70696
69361
50508
38940
49231
40778
69466
40232
68355
43045
55143
50601
38661
56846
59740
45366
48034
55536
58382
69529
66695
58513
55224
71032
58327
47708
43176
42037
51835
67683
68152
43282
39610
59812
42496
63385
43273
45963
49994
41787
48932
48313
66246
39991
54621
65796
66176
70589
63028
50879
65038
60243
65577
43323
48910
45945
47566
44173
61904
64904
60448
48786
45647
66784
63255
51505
58726
62274
70780
47584
45632
50299
48379
41578
45073
68931
58233
55023
39939
43364
64168
44332
43892
70943
63704
49404
52830
62923
52752
57887
62998
71103
65629
69435
46138
55154
57962
41504
50660
58337
38993
69968
57124
38961
57009
60095
51886
63126
51201
60375
45519
40563
58403
55999
41126
69571
67132
66781
39568
48567
40132
67226
53988
46240
53209
49253
56801
55056
55769
40186
60900
63036
52783
68836
61662
51621
49773
56128
41478
68088
69020
49093
58315
45874
70095
53761
62989
45575
50175
49637
56460
65669
58898
63876
68001
62965
42813
68632
41260
52738
40588
71238
59341
43805
54207
62371
45655
38943
51800
60790
59777
52528
49906
50880
62943
48104
42708
51577
43025
42677
53702
47389
61755
51069
44580
52839
65461
51588
55088
41052
70659
39567
46508
40588
41479
55114
51881
65685
70261
55015
40090
52968
47240
39432
64172
59600
53235
41183
68186
43952
71451
60563
54075
40844
55683
45030
48415
52426
65159
62230
46171
40762
61518
44800
59489
64085
61178
41867
55444
58050
42017
60740
41818
57631
68225
40518
52082
66045
65007
56925
59272
71468
67473
54891
61446
40506
47693
60170
40750
61494
45953
68210
38758
40633
70645
70046
50130
41512
66830
68778
42792
48435
40516
54912
68800
47521
48853
56243
53227
57936
44987
66731
44422
56951
41436
68355
54223
53807
56450
48687
42103
59442
45066
64354
56568
43234
65760
56494
39208
49805
65195
58222
58382
42735
56260
41441
51957
41464
39149
43031
42688
52688
47424
47121
69501
67609
62053
66852
44605
52340
44296
66206
57634
38982
59786
66988
58809
48060
56567
48763
64906
48140
55865
52382
49390
43774
56203
62128
70689
38828
49200
44346
62104
64645
70244
45270
66709
52888
59795
70549
45816
70160
48329
42399
44376
38906
47466
48409
71250
51535
61987
63820
51745
41774
64032
49411
62319
51305
49279
65588
57963
52291
49157
59619
55836
39544
55056
47940
51189
41086
56269
55584
39337
39947
49323
43129
42305
45783
56592
67953
55147
47011
44618
58216
39957
49274
42184
68965
46394
62007
53642
71095
62460
42311
67542
44252
67572
51120
50989
47009
55494
41042
65917
52363
40440
55149
70040
41078
43268
59492
62949
42620
71083
57537
41813
59160
54413
69752
66713
53899
50167
69488
63891
70271
51964
48191
60170
40683
43719
38966
50849
39478
64047
42141
63242
47263
65420
42303
44151
46812
56521
60458
67921
41985
49595
70320
67373
66212
39089
50097
43004
66879
57677
64285
51073
59861
44434
57012
41225
47321
62781
70672
56662
60235
45913
47078
48348
48164
66062
55945
45616
43252
43194
42415
65725
58826
53315
69496
46009
51284
53675
48812
65879
60999
53988
66628
60990
41729
42470
69165
50491
51310
40448
46920
46898
50984
53099
39093
46939
51682
60709
49233
59306
51206
47356
45181
43407
41885
47593
68898
42720
56944
44192
39410
59156
43628
57957
60912
50353
55627
66081
65586
55047
61297
57269
61925
42015
56852
56718
47507
44783
43168
68730
70561
46543
63834
64954
56348
46385
59715
64344
46517
66188
65343
39611
41481
70553
43638
56696
61222
50626
48123
54379
40523
47576
41900
63751
42992
71684
62553
45290
49414
53248
62248
44980
66944
43398
46647
43802
44050
47369
71300
70966
42809
68772
63754
53537
55163
42320
45869
71108
45808
69721
69208
62187
67073
46355
44773
44187
45424
43721
57917
57510
67993
43766
71744
43644
47863
62391
68583
47428
55273
44673
57127
68652
62390
44815
44569
51453
61135
40607
56665
57586
55381
59230
42924
63434
67803
62497
44773
49436
55917
71765
70665
51179
41425
46137
55985
54394
52492
59723
39856
58465
52009
62207
51958
59617
41269
63415
70836
49013
53390
58864
71105
71849
62046
45497
62269
49455
44130
67178
71028
65840
58096
49298
68100
67040
52280
50225
53571
67925
51402
66344
39643
44185
42328
51181
46519
47102
43453
71811
46883
46513
39231
50602
40238
39570
67601
64083
61523
61763
43548
57174
43097
47999
65280
42855
55416
64942
65365
71495
59069
43190
44854
56887
53936
54803
47616
53938
53043
68138
64343
59227
45997
61658
39274
60469
67688
51285
70776
61458
45624
60974
61332
54862
65886
49843
54949
62652
42923
54908
58800
52705
55785
71236
62810
47968
41078
59640
69800
40118
39730
62478
63498
56871
48283
64024
54680
60408
49207
67481
67227
58847
57395
57879
40527
42680
69193
60785
67047
62585
46055
64371
56786
60520
48525
47528
66621
65420
62838
45423
58585
70497
61820
69201
62942
39632
71734
40594
67152
47965
65891
49670
49537
53923
46475
47910
68567
61437
69859
71267
40143
71303
52594
39867
64066
56133
63602
65161
47335
45985
55033
49057
42522
67611
64984
62876
48859
57148
41155
61297
71706
46283
56499
58694
39986
53572
65929
43909
49587
46470
40692
39985
40804
61132
55444
43643
65928
59102
50528
54416
58465
66697
56901
59318
63475
45132
49167
51863
69898
69972
50317
49628
43902
71339
46832
58110
57782
41132
42869
43353
64875
57018
41540
57731
66990
46385
52631
57051
60973
49053
45854
44901
52146
49962
47267
49621
45548
42332
68586
45545
40562
47872
67035
44796
70917
66403
51426
45273
53525
41921
40599
61133
45191
46848
55450
52480
48054
50590
47297
46084
61112
63977
42102
67247
42978
58478
42842
43558
57230
58547
67887
54331
68891
68137
64244
70649
56630
65884
40785
51324
40280
57709
62006
64007
65680
60866
54208
51536
41347
40956
47708
59678
58801
69161
53294
54806
42490
65851
65460
49362
49248
53178
45990
56884
63246
53429
52769
70138
49306
64254
39685
42898
60807
66711
49564
68911
50958
71271
63868
50460
68381
59441
67246
65873
59809
55495
49423
40260
59137
54907
43767
59905
51178
43991
56089
65661
59986
66702
48554
69159
44983
48817
61638
53185
56488
56358
49167
44654
70023
43095
66455
45836
49293
58919
58880
50115
50446
39466
54753
57310
65535
50453
42604
52698
40373
41587
41806
61373
59631
49050
39895
45482
53015
65246
43355
50865
63941
56068
46296
42987
41349
65274
65496
68039
64986
67013
46233
48031
63107
63162
49516
42383
63996
53745
66395
55430
40264
49399
66574
58525
59630
49091
52976
59816
63298
53739
41357
71179
51173
71704
64318
67536
60559
55736
53257
50166
62220
55026
58051
47115
45189
63199
68215
63997
53761
42487
59148
47661
54827
63689
51489
39877
54358
59120
53564
59212
46270
45634
68132
52087
48657
52810
66187
41026
39982
56313
43504
57408
50220
69016
62660
52271
55710
67329
68556
60624
63765
69135
68294
59126
68583
40787
70223
54748
67887
47880
45316
40891
51221
65097
59368
63644
51024
56450
52742
67435
69097
68901
71511
57678
67905
65950
66277
53045
68693
63368
62513
70065
54337
64289
48082
71433
46595
60923
54112
55179
55682
58869
69776
52256
42447
63594
70560
45859
49834
50600
62710
71539
54088
55460
62980
52679
52819
44780
47470
56386
71475
64732
50799
65608
48268
66069
56185
50831
65543
66091
54299
59769
68438
46494
42536
59809
63090
50956
47638
70835
66343
45220
41636
61058
45523
69086
63423
45140
70507
46441
55463
53888
64702
44901
55630
54332
65278
56275
57089
46512
51580
56650
45129
55375
55475
39915
48148
47462
71304
62615
56336
47861
53200
59487
71256
61119
41747
57403
41554
71581
52367
55551
46295
54551
62336
68492
55189
44341
56479
58691
53170
59539
42473
58560
55218
62644
61345
44740
45211
49304
71320
61298
52823
51089
58284
56255
41817
48722
54415
59172
53124
71241
57802
65941
46664
52015
58881
61879
49166
44765
68216
40782
51926
42849
56534
57844
69150
70481
61993
43025
62982
51295
47915
68103
47539
57390
60868
40365
45297
51044
42959
40447
44316
49921
44833
47892
55616
57327
62151
42576
58751
65753
45456
44762
65971
65089
59852
66128
60245
68813
63058
58810
70302
56802
64712
64189
72427
44660
69918
58642
47718
47133
45660
58422
48355
47212
66718
46434
44552
66175
60508
53693
61105
52948
61167
56529
47506
48476
64593
55099
56095
48593
67109
59815
41128
53834
67575
56316
49865
57357
58564
68820
52993
66212
48573
64815
54433
70963
42568
50280
55528
58888
55624
65640
54892
51316
54174
71193
52155
63705
63472
54813
40259
67333
40872
55745
52847
47806
48448
44076
54803
42654
62398
70621
70154
56610
51066
69716
40478
64509
52263
57358
70183
65970
62481
41655
60279
41313
58532
60316
42358
67809
62510
55391
50570
52496
46310
65518
56890
61543
45356
52661
52626
47058
48402
40211
47817
49598
65820
43275
71457
70515
41540
42045
42511
69796
43841
68884
53404
69956
72457
70208
51211
67996
48277
72551
48060
63643
44004
51735
42576
69741
44098
67328
62990
52559
46026
61280
70789
61089
53290
46782
70003
67132
51366
53467
62694
70151
41312
63462
64673
54213
58326
58095
51393
56113
53420
49310
48033
63053
57004
51749
69882
64503
43787
66163
61519
42173
48877
62890
65160
58866
52780
68820
45789
66305
54101
51666
62197
51458
44276
65428
47695
43147
40978
55952
53474
41417
58363
52588
54528
46799
72517
46590
40064
55341
56845
52855
45340
65477
47492
48859
60440
60890
51371
58037
62757
48234
51802
71432
43140
48318
55431
42120
43118
54079
42181
72202
40372
50571
56843
43834
60323
44744
41911
59276
56106
69177
43474
56693
65855
41998
62102
64986
58494
69761
49453
54217
42515
59678
43452
58471
45531
47202
58016
52009
47558
72584
47864
58951
65664
62112
55907
42862
46928
55009
44555
56502
62272
52032
42722
67027
64894
56130
44331
67983
66306
72718
60733
57208
59249
50118
57731
66005
48961
51991
48584
48095
46367
52495
40881
43054
56973
71983
43147
62322
50128
43970
58439
46947
40713
65645
41411
66043
71330
62214
41036
56546
63211
41641
46688
59690
44805
68361
54712
58172
70912
51205
69766
41746
46400
46972
66555
60583
45349
60769
52236
42156
61675
44562
58486
48509
44238
58085
72447
61523
70002
48388
63231
71355
66435
64124
47648
47175
50840
65936
56930
41091
68446
50771
46434
69930
43250
44662
68827
58522
66958
59230
64621
46214
62056
57977
49309
55531
65239
60371
50974
54085
67256
69348
53327
64002
65552
48557
51716
63543
52211
60931
51081
62866
69284
41258
47844
64144
54013
68005
54107
58607
64785
49997
42294
65639
53265
53665
65222
71573
68460
55389
69286
69944
58170
49742
48961
60831
55259
51812
60308
47202
45275
72457
53558
49745
40729
63409
58261
47018
51753
42162
58498
59023
52470
65879
58864
51638
58796
67631
71928
43875
56533
43435
69153
62611
59330
46312
51935
64634
68140
49866
55385
60464
47899
55114
44911
68264
53511
44305
42492
66785
63805
57157
49496
67168
48773
58787
70178
46557
58114
71374
64828
59965
69977
42214
71190
43968
43286
51293
60976
54652
43595
68870
64986
60170
66681
62831
68159
63103
52404
59505
44193
66205
40707
72965
57062
66891
44806
63577
45396
52803
52187
70180
69017
52747
56129
54070
43790
51494
69630
57939
71740
52107
57215
54081
64928
61526
64191
52256
64939
53694
52842
70906
54797
46407
52801
50587
42547
51256
69568
66979
65294
65616
63486
70361
40983
62645
65750
65986
66960
49965
55620
60531
44044
54672
58641
66467
44337
72574
57267
46596
72125
68685
42607
57812
46279
66885
60864
50350
62536
55312
58876
40359
60121
73068
70453
46486
65214
40995
56413
49587
70180
62525
71086
54372
65703
69236
68169
53331
71191
61416
51486
70084
57980
47636
47371
49702
69463
48897
47176
68071
72235
57785
51970
70797
71740
56063
73030
72451
59287
46653
56353
59440
61778
72382
43526
68558
57621
46365
45679
44922
62938
54526
41159
49671
53232
70395
65160
60696
57414
70370
48289
67822
56550
46621
60442
66174
57024
53873
59898
59335
68777
49388
66153
69218
63395
55576
53010
67675
68703
44149
54475
56127
48640
71206
42104
44406
52770
62187
66348
56787
54811
70991
56722
47466
62848
51747
68236
50082
51692
65834
41241
50315
70652
60950
58748
70001
44446
46515
70043
50097
46476
64355
64677
53707
70675
58058
58871
48825
48409
55754
59201
54143
54110
48818
53732
71428
69890
46770
64415
63520
72008
51347
48747
56822
71577
69540
44963
70276
53196
72440
53864
47992
66468
52430
51524
54597
53658
52817
51981
58487
61661
60290
57101
53571
61080
60274
42079
41315
53363
47284
43164
66593
49244
60946
70072
58545
42375
72575
40742
63171
52915
55117
50755
61785
70064
61344
60913
60374
66590
53283
68994
69976
45431
61433
45785
40520
62032
56311
46027
56368
51419
45328
69323
69580
59057
72464
48839
68963
49102
43918
67149
59223
52957
72987
62962
60156
61111
54976
45556
57254
60710
50088
47902
48134
47854
54041
48876
50614
56590
46249
45808
53010
66371
42158
49012
67402
59342
56566
48481
69813
56439
64952
52064
53608
43218
66251
48702
45576
73153
71958
61589
48860
66106
59464
46505
57126
48458
42185
62352
71348
57690
65008
43158
66994
64690
48246
57311
72386
54075
42282
55630
43855
58761
62439
59558
58909
59672
66243
53231
54309
71126
61834
71964
56225
60642
57707
45802
63843
56468
71920
54539
42090
58813
42036
61316
69559
42544
50512
43348
48733
60545
51478
45654
73176
47372
70658
60520
72351
53305
64365
45005
58109
49663
48900
44752
52252
68263
46713
48298
68963
45267
67448
64422
50689
66750
63453
46723
65738
58565
45092
59674
43587
43815
66080
48193
44280
43273
67568
63726
43030
53949
44848
46752
62517
65859
66668
51450
60022
60688
53978
45233
41422
50703
60488
70569
71329
68838
44371
65627
61587
70010
70106
65658
55963
47797
60850
48854
41305
64391
73115
50304
68521
71978
50291
69935
41336
42667
59562
70370
54486
55718
67062
49351
49485
72785
59208
56668
62833
65723
56574
41940
64185
63830
41818
58556
69517
64180
68915
54750
51104
60046
50922
72038
67200
65546
50592
49219
67692
63805
46758
52176
60773
51695
66357
62132
64135
42911
48224
44295
66970
71367
66374
52150
48869
56674
49548
40744
52546
65194
50699
61729
61560
42022
72133
54759
73156
71652
41246
71844
51897
46084
56649
50956
55883
60278
57856
41023
57382
53251
54136
60145
44612
47506
65684
63176
57534
62116
60761
52485
56290
69154
57762
54375
61575
51800
53268
60492
72349
42305
43349
49946
69128
67077
61305
60381
66991
40896
73149
63282
67791
61829
47224
70499
72342
67491
72014
63443
67565
57894
52135
40861
51093
42145
68959
71544
41077
62251
51136
58078
68146
41128
70829
48237
64513
70218
42015
46477
73145
64599
71126
63827
69421
56364
72520
46757
47544
54146
62942
62879
57369
51440
42335
56374
57473
61873
55980
42523
56555
43176
66223
54242
48556
46753
64910
54628
49739
61402
54820
45922
70802
51906
69041
64619
70117
54272
53200
63743
48851
41911
41642
60148
71915
47112
59242
56345
47825
55513
48881
49178
67217
59605
42698
60835
51762
51124
57952
45768
70287
43453
66670
67749
41058
67721
44216
43585
45986
69897
52729
70329
41231
45771
69660
42650
58891
46200
41646
68750
44715
61858
70548
63803
66062
42428
65017
62056
67821
59498
42379
52577
41588
48892
53735
60573
47952
59188
65105
65695
72458
48976
45481
53274
72595
61252
70298
52056
65312
46920
68629
61148
55351
67474
71166
47431
47114
50533
63013
47224
71429
57674
68983
61943
43939
41630
66934
43668
41861
52300
61926
53579
62149
65244
47817
69995
44424
64429
57998
53240
73682
44414
64646
71757
71583
72243
59287
48133
70959
41430
41268
43548
54689
44765
50316
49490
60355
48043
68098
41424
56105
53593
56030
49678
59772
58293
52546
51956
72213
44683
72799
65344
67530
63524
61672
45607
69896
56589
69063
69951
68131
67865
46352
50588
59881
65961
55603
45113
42109
58667
61045
50586
43107
50145
61601
52400
45527
62948
61690
66813
59491
70248
49269
63481
64176
60481
68133
63923
44189
47015
61943
72891
68494
48438
68511
73024
48390
48696
48594
67446
72569
60967
58806
73018
71003
42350
52887
48889
66173
45424
53723
56270
58265
58827
45880
44266
49196
53982
68900
49209
71299
50569
57741
71235
70169
62515
41675
55120
64544
64786
51411
58319
72286
72102
50861
50168
61498
43911
62504
47793
71191
67169
49100
65454
72416
72509
48400
58589
41956
59650
58061
60161
48869
54843
69107
67996
72299
55322
72827
44563
71774
68285
46236
46605
61140
73393
68674
59676
52008
49077
50364
46495
43852
55488
44724
46311
57696
55621
68197
47768
62851
57269
71688
62290
55785
60742
68751
54929
42285
67315
48790
61394
50921
59331
73623
49912
60037
43087
54621
53229
64588
65406
67515
63884
66757
65684
46717
54207
52800
64107
43935
72932
67759
56319
56765
58998
57271
49713
54987
45289
46855
70340
62214
65237
65769
51372
68650
41815
58134
54664
58598
53173
73167
48237
59533
42048
59689
51685
70414
51327
48297
68919
70950
52873
46352
63209
67796
58803
68728
49284
51726
73835
55456
65943
51122
53604
66437
71166
57535
50164
45618
47460
41413
54202
69080
64519
63130
42883
41761
62651
42063
70510
52162
54322
73570
58959
54864
48506
70197
42578
57428
67527
42943
65761
71329
52595
61058
61895
53221
60483
59325
58773
46463
56044
71394
56132
61072
63446
42314
51485
65877
46367
60968
51414
57012
50659
67260
52990
52244
45243
71369
61851
73586
60291
70984
66065
65969
58465
48478
65093
43826
72706
53132
72963
52901
46375
62246
63901
42527
73057
52230
41685
54892
45848
71809
69885
72870
68818
60314
51037
64006
50610
55158
42197
53755
62271
72720
42948
44665
43112
44590
43304
73364
43460
43668
54022
58189
46878
67959
54796
57004
69168
42548
41589
63759
68271
61250
43053
61633
67464
53861
57909
51150
58730
47397
45386
50198
55940
43391
51649
46497
61328
57050
47286
63282
52752
61245
50277
56607
50135
53438
43992
67167
73676
54078
68035
50149
52203
57939
57004
68140
51340
41862
67150
74004
60648
50367
72768
67052
69849
69373
70610
46032
66529
69962
67384
50741
62830
63471
66026
43458
45660
58340
51786
53090
56252
54922
61063
71063
64212
66972
71874
56337
71270
43875
61040
62847
44342
42794
65280
60325
47558
66034
67005
51630
41828
43879
66293
57540
49254
66322
61531
47839
52661
65999
70826
45018
65416
71554
47755
53452
69490
69894
52921
73109
60319
72294
43363
47287
60251
45392
67282
68968
44243
72646
62283
72677
65568
46871
44599
57352
66433
45838
51329
67101
54504
68969
66112
57842
64697
57740
43926
56365
62926
57463
68823
51682
63166
66806
72174
57957
57439
55319
62717
51037
62857
55777
66628
54042
49181
57923
73540
74025
51014
69195
71460
66853
64255
69017
73299
58319
63702
58386
54127
41569
69103
62425
62310
73760
72267
58235
63195
60977
47434
46185
73419
47533
54127
73132
46192
72696
64868
65236
65637
50510
51262
65329
48396
46494
59137
44358
67629
63388
52583
45691
71647
70162
43997
61202
46764
41846
60623
70236
51952
56258
71461
66349
60802
51328
47630
44173
54166
42788
50684
66224
69602
45471
63216
54313
61184
71985
46071
47962
62228
41855
67572
50223
45742
73189
71585
72204
73458
72461
47313
53763
62710
44737
69368
42315
56939
72701
53484
45037
66944
43337
72685
67521
73731
69445
63460
49049
46537
46470
61672
43708
42577
45472
59910
62614
45476
48260
68930
57517
67711
70157
64729
50903
42932
61141
43465
73643
66254
73805
62355
46389
49652
56077
62784
52206
71440
52072
41890
55274
60976
70724
73948
70228
64812
45096
59685
66328
63113
59543
48328
53983
58269
55197
60271
63808
59892
42919
58530
72500
65523
66968
45451
44491
54459
63768
48124
45342
61264
71471
67251
71557
51451
49940
47836
44298
59116
61759
44759
70429
46884
73925
51772
42121
46226
65253
60188
54694
71292
59614
45194
58576
69409
49156
52826
61209
56733
50195
52777
48443
46860
59331
57758
56529
51954
54173
43502
55750
59099
68364
71846
44045
64830
59319
52645
44434
70567
57102
71271
44145
56341
50723
62090
60775
64929
67516
49546
45701
53345
65702
64976
72236
69772
63052
43243
59957
52447
56200
52509
72560
70719
55224
47129
47440
42655
50197
54027
59876
44324
70464
48089
45577
48519
55070
66472
51679
44220
55526
46755
71033
62673
63352
69879
71129
45592
49137
66850
58907
64392
62588
63342
71920
72289
62827
53944
68174
58639
49286
55926
63846
49489
64162
56825
65239
70042
46966
45295
45857
70072
62379
68907
72028
59059
62770
49577
74282
58872
67034
53964
56042
55222
48162
61419
73006
47241
50763
57868
53871
48726
60338
55279
73728
42102
47197
45903
69441
66326
67284
47972
67093
46557
56370
55468
41878
71120
51835
48619
54535
68211
52528
74353
46857
46641
54305
61851
71442
49662
61571
70556
43292
68667
55362
45949
50586
48858
45977
42595
50096
69826
59615
55313
50083
46709
55972
57517
64911
50672
52220
42951
59480
70099
57115
47255
52450
49089
57890
43910
72069
73226
56889
51441
68027
64647
72926
51497
63004
68806
71548
54718
57485
68967
66880
45053
69812
50374
64296
73911
54447
69339
53853
70980
47621
66142
51394
69064
53980
61742
69581
49333
56173
51187
48534
71569
54198
69890
54317
59642
57710
73346
54065
70631
69182
73677
67486
57392
46638
42521
69095
51281
47710
56408
47685
69739
52214
63069
56142
52875
58207
72511
68297
51247
47028
52994
65729
51462
51827
73588
72920
55032
56185
71766
72158
59238
55597
49852
73634
63923
73979
46007
42760
47875
41988
60976
58460
71490
50195
72727
44006
56169
64723
58046
66751
52476
44352
54911
56803
56023
71004
53669
72070
52011
56355
45706
58028
68292
45504
50428
65780
65933
57857
56037
73396
69717
60169
55339
46411
72659
60485
46550
70579
51432
65953
49265
45910
52773
57083
71090
53027
65165
49111
42333
61664
61852
65365
47461
59586
60552
60513
51540
58171
61638
44586
72942
69907
70608
52437
66065
71098
66598
45682
72160
45021
57234
47151
65825
53303
48817
70603
55266
70314
72111
47438
60515
52622
59986
66808
68912
43849
44858
49527
50830
66079
46183
56925
69400
56908
50427
60112
42922
62032
43585
43139
45694
57739
72687
51942
50581
71945
66984
46746
64601
43679
50629
54568
52352
56887
51541
53490
74291
60776
43362
52586
67440
73034
44407
61313
55981
43656
55134
51811
55486
48054
56366
66657
65016
52709
44678
51246
66199
53109
65043
54863
63069
56619
53336
51917
49020
54659
71342
60205
65718
46664
58761
69793
43715
63585
45310
66176
48371
56814
45698
54516
63764
59028
56309
73715
69270
56852
64479
74352
65773
47395
63225
42450
52535
46198
47855
46501
70431
59932
52836
65423
50433
53520
74294
61318
74575
56079
67588
56385
67379
42151
61934
55276
49269
60305
57244
63776
68256
48960
72834
45074
56672
73658
45922
64523
72751
65191
47890
70936
59696
54951
57471
56834
73563
52457
53746
45696
47067
69882
61330
58796
73396
61146
58667
66740
47785
51029
69933
45522
44125
58000
56568
43902
67768
53475
59990
54242
70284
52710
47689
52366
46969
55759
45320
64109
54286
64763
72516
67063
66352
59850
71855
43945
64704
61616
69567
61618
51064
64137
69295
69616
49686
64813
48584
45850
51133
73285
50910
52287
62360
63581
54813
74607
51136
46650
71686
60600
47968
63597
55476
64084
62487
47400
43108
57120
44701
74321
43316
70992
72362
68053
59947
64865
44563
67647
62330
51536
45878
56713
59393
43018
71321
71729
57365
50467
47054
45712
57729
61642
49562
72296
71882
66557
52566
54972
47032
54521
54676
49124
72977
53237
48134
64992
43432
67599
59036
49389
59030
54407
47085
59478
57544
52779
59096
68493
56762
49426
63851
72058
52609
59021
59139
66067
73231
64347
42421
73261
54195
67100
42733
51601
68319
57864
67413
58195
50990
57825
62969
43103
45989
73510
71336
72789
47162
51594
58269
62615
67730
68261
53855
47520
69647
53736
49125
70295
57098
72918
59390
61219
64861
69489
60400
66434
50725
61683
44127
51925
45254
57535
64113
66494
43823
55191
58416
56109
59743
51471
73776
47479
52775
63810
56433
58793
53554
56003
62598
62235
67140
67799
54007
44360
43455
45537
66021
62940
54891
67101
44780
51471
51318
65169
42574
56370
53690
69697
67917
68231
58175
73635
50136
66646
53249
51282
66922
62525
44275
52486
49456
69320
62019
50116
63850
49218
49632
53842
55827
60618
63290
69358
59076
63145
58441
55615
49110
65250
57296
49036
49863
70667
67811
50220
68062
50012
58279
71486
69394
49158
45913
71834
63017
70853
46481
46599
49693
70585
74440
63918
63939
63602
71704
56526
65454
61514
52804
45746
74066
64759
49656
49120
74085
58720
45394
53652
49547
43184
70304
59756
69425
42921
59500
53605
63417
63548
71350
44038
59352
71510
73088
54491
64061
60668
56464
75045
63860
54938
50289
61648
47369
43928
71867
53157
68080
61487
42900
67265
52772
43643
72311
42566
61327
69073
50228
44880
48682
61522
69688
54827
63845
48832
63247
46275
67785
58001
72743
65883
42972
52802
63703
73090
67909
74734
47263
69955
46384
43551
43698
50845
42740
66276
60593
71987
60915
55588
45754
69187
54722
63537
53409
51420
55691
65952
59517
69196
59055
46425
57959
61144
45743
65514
70014
59057
43084
49953
43567
68387
45037
68825
60851
71694
55106
45076
44760
61850
72743
62538
70661
60967
57035
52993
47736
64643
48913
56222
73427
64096
59702
66939
61143
52997
71093
71737
43119
73283
49255
43608
43504
42923
56047
71172
71583
42494
65109
62514
47732
49893
57329
52716
48157
62178
69003
63465
58438
52615
46272
52321
47896
46566
63911
46879
46335
59208
73909
51160
52145
47650
69598
48827
43116
46404
60157
51017
50046
48980
53110
54631
72971
66683
62234
55474
62219
58462
43595
47634
71826
64592
72032
55186
53844
74181
70987
62063
56424
57610
63352
50030
64844
54324
59641
43379
51754
58967
59617
42576
65625
55032
70125
73179
71719
70084
58218
68419
62678
44674
69970
73892
54756
44358
73657
66776
60816
49895
52583
74641
49305
51636
70087
50084
45897
43619
45568
55208
59314
53578
45409
48320
53560
66514
73986
56245
74063
43560
70312
57416
61830
57653
45802
64198
52933
59601
52882
57308
68050
49715
51014
64173
61722
70316
47976
66850
55215
73366
58682
64129
69005
61575
62790
71746
44321
65738
60413
57630
57868
61711
46750
54888
68900
45153
70489
56224
59835
72537
65717
63558
71717
60561
48175
60396
45428
69980
70691
51343
51334
46772
69872
67367
64578
74356
47448
51837
65310
44232
63013
50237
47076
60897
55570
61516
57271
62445
51944
72283
49489
70982
58600
57789
64910
45801
63849
44917
63790
65323
69570
53908
55254
72871
55146
46786
43097
43387
54878
59674
75318
68276
54979
57147
46178
68614
55245
46235
62791
42945
67039
53791
74764
68352
65012
46057
70423
43555
57405
49522
62416
63872
62987
60376
52136
73302
61168
67193
47707
44034
63777
69056
62833
49526
47391
53311
72971
72422
58519
44542
52700
60356
66694
57875
70774
70895
74400
68211
75207
68392
58867
57864
65763
65989
58056
57604
56836
44457
74186
46964
69326
46195
74346
54808
46040
72694
56449
63858
60265
52714
66871
60189
56703
66528
72485
60768
51478
44924
64950
66819
63142
45790
70611
71009
46062
64865
50623
66239
48368
57480
52799
52956
46653
45365
75519
58313
72818
67868
70705
65787
52483
48248
70519
65183
68663
55292
45571
56109
44148
47885
69116
51008
47805
74286
67364
74661
54393
46524
58041
75186
68214
61659
59033
71129
62765
62640
44969
56445
56904
72657
51062
53507
74593
57849
48413
65325
46605
62465
50537
54947
56601
64523
75324
63699
72467
65025
61744
71931
56844
55358
53629
74372
56477
48266
61726
72082
50216
46412
47407
59865
72800
68347
61850
71602
66572
73174
66546
67438
43784
67541
58783
52970
44428
72415
60732
50531
46256
69437
71485
50572
65584
63055
64981
54750
48493
50557
67607
43824
53173
68977
70747
47495
60868
45443
74211
50991
47243
45941
48574
46603
44848
59233
46829
63273
74837
74735
56773
56473
71837
49867
53908
48512
73324
66903
75655
73832
43759
45469
55755
57306
63581
64391
58867
64815
56700
69202
64410
71075
48742
51776
70729
44459
64141
68237
61851
50825
64509
67493
50846
61981
52193
43412
69757
55550
53321
57022
57948
59081
71466
51920
43140
69817
53926
57846
75456
60024
60046
50255
46598
64821
50982
60830
66906
70903
47400
68930
57840
63537
74507
72296
51857
48534
51076
63615
53823
46126
57678
49132
71196
70058
59431
65279
51848
56053
75547
67366
74634
47883
67588
72289
72817
48142
47186
68854
58043
71319
68360
44902
59445
68426
48135
70815
57444
64173
63631
67699
44324
44858
53507
51785
65167
69042
63468
57363
43552
73653
62017
71040
64792
44176
72934
64370
69153
54358
43890
64434
53810
57650
66613
54499
63666
49915
73082
70324
53984
59657
49161
54874
51826
60999
54000
66366
43900
52106
70787
74738
50580
66593
58530
72554
43060
65710
66618
63081
65120
68660
60942
61753
52616
75632
44216
66975
72623
75373
53738
70926
49357
52307
62202
66331
59250
55679
52894
54321
65709
49113
65524
74886
44844
61794
58053
68429
60836
64781
68874
48686
62580
60880
65967
67827
74373
73722
65688
60804
60788
65735
71650
65557
72947
60466
55915
54174
54636
72970
57236
68235
46568
58184
61509
57269
68912
70816
66866
48018
59953
60246
64093
43432
68517
51027
72668
49736
62192
66936
61405
56440
73288
57650
57831
72753
44569
70735
45923
45259
63912
43280
54618
55221
55030
45695
69504
63337
72167
57090
71794
59039
69283
71985
66364
46017
62269
43749
75294
65696
46227
71313
56976
50789
62069
72406
54915
71114
69385
70737
44778
75658
52589
45496
45945
53525
50079
44581
64428
45449
74650
66993
72972
43742
73666
55365
53934
64352
61058
61101
48636
68451
45364
71150
74935
49970
49729
50394
53309
64840
44681
49121
61960
59587
56837
44842
45432
61461
44970
56035
50898
63485
68753
66005
51080
68278
46678
65083
67515
50030
54462
44244
46334
69113
67228
51767
69213
69319
63989
47719
56734
50963
53090
61095
71110
51550
52406
56719
47839
70172
74465
49504
63225
55469
51988
69781
65647
60558
48934
58554
46443
62161
69943
50049
69804
71626
75411
65043
56199
67852
72152
72356
49452
52116
67676
64586
75563
49731
52937
48399
61239
63634
63754
60997
67113
66945
59755
45849
58440
72400
64251
59755
58055
70770
74549
54493
68239
72767
55008
65578
49215
46569
46644
51386
61809
50993
50238
51315
75584
61530
44422
70097
74247
51422
57838
62009
57962
54369
67037
44682
50075
50147
65181
60918
68310
55097
73218
50960
69678
62142
45389
74533
58508
48454
63311
60368
71925
55891
49618
46793
68363
70796
50740
58366
56023
68714
57685
57829
60869
48949
53940
68624
74480
64047
45780
55298
72864
69135
76005
50241
49937
54960
74656
48556
58487
60171
72051
61199
71230
67939
70622
44789
48022
70591
68125
65469
54575
45213
52999
54768
65089
58341
71222
71890
47824
46108
54376
69943
64302
45018
65317
47768
63681
59262
61346
43622
53254
44832
60646
65950
64470
48327
74027
72862
71145
63196
65159
62775
65688
67295
54987
60163
56807
66649
43692
58873
63426
52242
62496
67390
64903
55171
61451
56382
47813
75918
43803
51196
43844
73069
54768
71334
69701
49385
74881
61293
60170
60108
48315
71828
65689
50328
63595
49606
51902
67193
65117
51372
64079
65657
63173
43967
61107
50163
57055
73563
50853
65866
49107
63765
60982
60890
52443
58703
52753
50735
44199
72458
65539
49269
61953
66043
44219
66352
67501
65248
63182
62510
70547
55828
71422
62393
70944
62561
69051
55313
49897
48662
69098
48409
60305
74842
66790
64592
56813
59584
58308
57603
72807
71452
69084
60609
57248
69012
69764
49168
44122
51962
67615
64350
65684
63321
54871
44090
56310
56013
69030
72388
75632
46744
46619
68450
49183
46195
53083
51381
76144
57378
46054
68044
43655
57163
49563
67735
56034
56200
60287
56478
57913
53947
71866
60914
61353
49570
62690
70756
44050
56491
71036
46838
43966
51977
71872
65423
74563
71687
74141
63219
58282
52892
54525
72945
57808
62272
48202
53471
52493
53247
45361
73283
63764
50892
46758
49619
73498
73239
58152
64160
47675
64418
49222
64398
66329
65936
50018
69895
52934
49599
50101
52976
54500
64343
70035
56028
73994
54947
70384
75392
45930
70432
67876
44648
70833
56276
58347
69864
57647
46561
50608
69972
69432
48474
72971
56179
62666
74837
63368
72498
53359
75842
61866
48278
55653
61819
59439
59380
72445
69916
52886
69220
73537
69908
52959
72307
44249
51836
71314
71960
72752
63016
62722
61162
67538
43900
44755
60815
56345
49537
43706
56696
68104
50744
56196
53195
57719
65583
68442
52385
54896
44625
60483
45426
46554
64002
70122
54221
68948
53100
47266
48205
51812
69651
64935
69064
54481
54192
60582
60617
75853
43836
67200
64321
45399
72267
75084
48249
61792
47771
57755
62795
44589
48621
56575
56466
45180
49683
71118
45023
54762
43851
75811
65646
64020
63691
73766
52312
64253
51101
49549
47113
56496
63405
59491
64501
53286
75553
59144
55943
74089
63464
66938
45658
53498
54166
67026
65708
56432
74095
53778
59408
64099
74433
46877
69474
52616
59768
53511
60672
54045
72940
68751
53815
69768
65789
57834
51964
50235
62306
44227
75229
73178
54078
50559
47159
49568
67316
49093
45736
72447
70717
62014
72135
49798
65144
43929
46867
64264
57153
47315
71210
68091
60740
73909
57916
61214
58707
47262
47038
48991
68023
63106
48739
75515
43972
74803
73544
55015
62385
55263
43886
57711
55974
54746
50798
51741
68373
49054
59752
52444
72526
46097
53821
73821
54862
50438
45822
47034
67288
58885
62884
51033
63688
47183
59393
69908
74915
55325
58358
48022
47474
69417
51175
47368
63697
69743
54124
65774
72003
74037
48201
74059
74440
54089
69537
60172
63922
46218
45926
48547
68532
71593
72724
46579
54076
55857
68255
50284
75010
52165
59049
61047
64481
72361
67833
48916
46823
59781
68137
76481
64936
62053
59806
60063
48855
56067
73918
70352
64791
73289
63068
59427
56846
44818
75383
47347
44987
47153
45605
48460
55306
73140
60362
49744
58022
74602
70541
74969
73999
56482
71693
57184
69868
51510
53071
44830
64674
50120
48124
70768
68133
75084
45769
45696
44047
49606
62518
53794
76015
74325
69243
68604
44259
73841
72639
56810
72041
50801
45196
44961
67442
72016
69248
68242
44984
44976
61253
67857
44370
47647
64451
49334
52869
57498
50067
44035
59358
72015
51383
55112
56701
56487
62345
54468
54964
55940
66290
48141
53201
70856
52444
47282
65079
66326
58090
60446
47796
74716
61286
75455
58894
73361
56955
48232
64479
56123
75684
63476
51107
45877
52068
61997
61456
73519
55608
53228
52390
67190
70090
76673
47494
70518
63847
44372
56711
45437
61107
71629
71303
71617
72091
51826
65535
66981
50828
65615
51162
70712
66018
52635
50568
49406
67492
73880
67406
71156
56174
51643
51680
70350
72878
53005
69169
48003
60179
69329
49546
61451
61251
62823
43994
61799
56269
51824
71757
47075
64094
55603
60447
65176
71991
63552
73651
75828
60638
46162
52703
57598
47636
74362
52618
74260
56328
73082
67962
63991
64202
62063
68199
48714
67074
49332
59220
68311
51170
69890
69663
45523
74841
59356
75350
65891
55434
55082
55372
66143
52860
54052
62060
70741
55571
52849
72398
68305
60479
57744
60168
45019
75123
65912
56391
53186
47193
67963
47518
45592
70596
72816
68765
74750
53990
74001
47142
63394
52931
56738
46460
72965
58341
63188
75677
47106
49233
54760
47314
55180
52667
47639
63108
45623
68598
63794
73553
68601
61358
45958
71519
76082
72025
65282
63216
62187
63595
52636
59191
45147
44745
70384
49515
63920
51329
60714
74777
51212
72632
54567
62142
50893
58596
72151
62357
51729
62267
76518
65454
69241
63850
63131
63808
75310
54923
57088
64576
46882
60241
68163
64818
61081
53126
70236
51776
52711
64440
55280
74377
46203
47919
64629
55227
51996
64034
51096
44516
46195
50218
64475
60805
75466
67318
56963
56297
54035
60737
63153
69044
48428
58881
51151
51135
59745
76769
68397
57891
66355
57586
44268
57748
57687
70301
69660
47857
68354
47581
56865
62744
74340
68523
58715
72959
55410
44473
51974
49153
52713
74594
70750
57461
66960
67297
51975
71813
52157
58050
49325
57150
46874
49047
46568
74723
75433
47596
59490
45959
57606
46205
52283
72922
47341
64166
62636
67140
56059
59162
61419
76336
75961
58072
72271
60843
50390
53339
76981
50477
46260
46865
68130
56246
47911
49935
69802
45085
53369
60675
61840
72869
56241
56938
54446
64722
69908
58883
51991
58747
72173
69763
54524
74527
59786
47498
65228
62077
58247
75990
55711
75614
46927
69559
53973
46518
70879
64194
44794
53483
73421
68554
76781
71029
48521
69644
69186
61607
47076
50858
73188
47820
46286
60251
54783
46966
68196
55648
52253
61459
65066
55994
70287
72897
55956
63386
72206
69476
64972
55833
54946
54517
50607
72233
76739
65821
64792
67019
58302
55298
44642
47491
46683
51809
65320
72969
74429
63453
63823
71746
73865
76694
58695
70766
60491
67326
72077
73123
62229
52968
58229
47226
74089
69346
60710
49160
72024
67269
50406
57360
70636
71306
59800
65398
61892
72799
65666
44791
48894
63738
71764
61464
44634
44590
73062
59484
53147
52156
58178
54458
66865
73323
59234
53582
64790
54619
45371
51535
45302
70038
62330
74561
45458
70632
53901
64876
49510
64753
62565
69260
66185
54136
48506
65226
48086
50434
57104
52459
63817
54435
72377
70600
68523
60437
57116
50174
76658
66311
74228
75238
49891
53431
72540
47048
74617
48067
50761
48203
76426
64573
51800
68912
71976
74749
45770
67136
74566
65851
71372
72835
64027
69469
71420
62899
54732
59917
54314
70640
49733
63119
50011
59829
45927
46929
66324
59915
74857
64964
71125
59645
50808
61035
75235
57419
66209
68402
46666
60515
54001
47104
58659
71052
46811
60815
74515
47461
50905
69244
66580
75918
76630
70298
68984
52389
64204
64652
75051
60020
49962
52627
67128
54376
49784
60324
56974
74053
70333
44478
64005
47897
52513
66170
73372
55919
59471
58596
65028
49604
54813
70537
57443
52543
74863
48593
60498
76444
75096
72591
45095
52586
57987
74455
53370
62326
57298
53264
65506
52615
61764
46153
74752
73803
75804
48593
52159
61842
72512
61185
56025
71098
69343
63325
69278
45418
48982
58076
49137
66436
54101
54147
67219
68436
47421
63800
74148
57102
62413
48086
51558
50807
72190
52093
52805
60898
69163
68396
76052
50526
45173
67985
57498
57390
69734
64543
59469
59513
57813
61538
56413
64323
47369
75663
48884
65692
53793
53344
72381
54295
59314
70430
44707
53630
56499
74751
67291
72132
48534
53171
75556
74811
56504
46650
76365
61447
69115
75768
64248
59859
50609
55563
67999
55747
73405
57052
74708
60841
68596
76788
53453
45947
47306
65042
55071
71685
56618
62074
53194
48603
67749
46223
60022
49298
75983
64164
50940
47151
52966
50448
67624
69856
63669
70528
66494
68330
57528
66706
46010
63203
72065
70559
52444
66081
63578
59607
73316
75634
70444
61332
73499
71693
54688
75496
52114
45257
61827
57464
47534
53133
44655
57742
66916
72968
56488
72297
64194
73378
61252
59352
74031
74930
65935
70407
68595
59633
52141
66456
70650
61743
51841
55285
57044
68164
73422
55269
55041
61258
59292
62814
63852
61705
72670
53147
72757
45491
75601
60525
70323
51410
52903
72662
53946
58238
73445
47572
65305
46291
60426
49787
64359
51874
74481
60486
60672
72295
62072
48303
52554
55931
69602
51965
61757
64395
72314
75102
76322
54857
57977
68661
58266
57697
71466
63413
58083
66479
73804
72623
68439
54959
75448
56744
52277
60725
69700
61743
72612
62046
62182
69230
74485
46278
49949
63230
65577
61947
49548
48384
49331
63026
60392
65641
63871
58425
62741
71325
73778
47533
67724
53312
68020
58221
56576
53576
45548
63054
55873
44887
45258
57361
54880
51785
65675
74898
77332
70408
63800
64321
48220
46248
75120
57558
62822
54192
54376
61761
75952
55221
68912
73184
77421
62254
51000
70645
66602
56707
68626
59223
72881
62311
59001
54632
59182
45416
49811
46150
53648
48324
74611
57926
51762
61055
53730
51614
66747
70834
59487
52321
67139
56870
57444
76977
48311
74785
66795
50480
75134
67200
60977
75191
51036
69126
60090
59467
66455
51444
63893
53836
66137
71130
47585
71152
48726
69804
62352
51184
62382
54808
73067
56705
62997
69911
66646
50822
45617
67267
63446
63492
56899
70760
73680
64214
73226
54237
57236
53922
73189
55829
59929
53515
59703
50161
60298
76072
65551
66904
60418
55093
61449
77450
53141
45193
62575
72625
71567
45000
57764
49850
51456
53594
57283
70498
72824
70684
47235
73108
56079
62037
48222
61938
68776
59115
66290
61618
56183
53975
68263
64171
53441
54998
64402
47279
52963
62817
70041
60700
60566
69856
61912
66478
71025
72219
61252
54167
70576
66289
66190
51154
59187
51532
63819
57780
69066
77396
73809
51652
73903
60899
60772
58060
60244
68153
60434
70448
57183
65522
61915
47231
68083
63029
56725
63816
60978
48941
58895
59695
59648
48317
48117
45887
66057
64879
66291
48770
52741
75182
58909
65743
50747
63798
52111
62436
47427
71880
60240
57525
47377
51234
52605
62723
76335
53294
62371
55087
55370
53626
45420
76881
46064
72424
63614
50309
73112
55463
72608
57733
57827
77665
52510
52093
52001
71606
56431
75802
60439
69098
63254
51172
67584
59866
61638
56783
48081
62261
54985
54540
52417
67048
53923
47397
49161
56026
73714
58441
73704
51418
72088
59365
70123
70102
74268
58228
74347
69709
60238
48535
59735
55558
57642
62312
60468
75011
48127
61963
57697
71601
64977
77447
47264
46433
57083
61396
68818
73211
60952
65334
58114
57329
59172
45769
55973
63347
67039
67164
45856
52706
55154
46722
51851
52614
53077
70119
63925
56707
74608
62689
61800
55817
45953
74567
64750
56524
65469
62598
52691
59828
62138
67057
46317
54229
66188
59225
60570
61089
60719
62942
55369
57180
70693
55556
56636
74449
47967
54794
47244
72516
77665
60791
63085
47783
71330
63221
61107
72977
62001
77666
60053
75627
70046
60709
55217
65133
65048
61118
76881
59849
73939
63393
57581
63397
75949
77637
74481
62543
62224
63096
74943
68140
64538
75509
77560
73202
72187
61752
55032
47895
67487
52369
65183
74890
66190
77176
65879
56736
65552
63008
45650
48977
48532
54607
69652
60836
77906
67436
53554
49512
71728
77274
77401
64037
47586
45188
69009
52306
66646
56761
62147
73672
75087
48187
55673
70263
53584
50066
56294
70488
49851
61094
52006
76194
46138
56461
72903
48193
55902
62370
53639
60804
73862
47831
47455
57110
77059
56652
47297
61999
61561
68640
62239
55307
50312
45703
65196
67228
56748
77852
66918
58748
70754
68985
63316
50981
51597
57093
45580
66148
59927
51726
49529
49163
54747
57368
73179
53479
77251
50292
68367
73713
52525
53268
64785
70856
62100
75677
75199
64095
56172
63422
69600
48627
55117
52161
60260
72257
71252
45663
61165
66293
46791
74969
62095
58469
54775
58436
75732
68479
75883
49444
70404
51712
56634
65853
76195
76520
53433
55206
47674
52010
53846
74527
65883
76455
65988
59044
69599
67933
67417
77891
58994
74972
76724
57898
59986
59898
70306
70148
71507
61128
73027
62086
70439
51397
46952
64324
67036
70481
70720
49866
56230
47716
73268
48872
54239
56703
73231
57165
65868
57059
56674
46679
73634
62210
51239
74794
57928
50227
53668
47104
73823
65193
73874
48064
66048
55462
50815
73169
70340
60140
67185
77104
56714
60789
61132
56256
62836
76899
51829
64226
69683
51514
77112
75334
71045
72781
73575
53505
51195
51830
76996
75999
60160
58122
55969
50170
68119
72204
51526
52363
50532
62113
66707
73473
51054
60868
51175
69200
51235
69947
47424
49804
49437
56010
57251
58806
46883
62374
55486
70358
48371
47148
70092
47945
70462
59347
67513
63069
68085
69984
53894
61211
67267
69465
65520
58468
54491
75963
65868
61248
74227
76271
78006
66418
52368
68091
45418
56912
59269
61430
77682
55249
71350
76990
49794
51688
76066
64749
63520
66064
70689
75528
51463
61736
46057
51706
64974
68994
62807
61377
50885
72503
52461
47208
68384
52925
73495
78133
45911
64955
64946
76835
62156
53787
57038
76690
54447
45921
78003
46654
69662
55868
61219
75630
59281
49755
73183
53102
71542
61058
52333
63550
71704
45789
67351
74380
46789
63892
55607
69344
51760
46495
50354
59159
67092
63452
53955
72722
45594
55903
74234
52143
51197
46601
71044
49912
48364
54876
68012
61595
64048
73613
78242
56219
51470
56027
66171
62020
46575
72992
53114
50532
77502
64422
64398
66488
57490
66363
58395
51621
71821
75144
59645
71976
76804
69790
46539
69136
76767
74962
77912
74347
59203
64715
77952
71486
65903
48089
58657
54649
73444
71304
68199
56105
60873
51574
54605
67824
69005
62049
47200
58290
72142
65412
58822
73362
56442
76068
45696
65821
60212
76134
48876
64964
46073
75363
67726
68752
48387
66174
51471
73233
72685
67318
50822
47768
59417
72887
63735
74150
76879
67446
76057
64931
72614
55036
60509
65491
69032
66242
74283
63623
66993
58303
54895
49040
51608
65662
77140
65785
52113
57203
48207
49654
60242
54159
62560
45591
53877
63250
65941
72897
61470
51361
50127
69343
55261
73368
50376
66773
67542
58529
53077
46261
55839
55174
68585
51382
75113
45891
50779
73186
53475
67424
49385
56078
57179
75133
47228
62479
46502
56879
65070
60715
73795
65546
51721
62158
56379
52479
76561
72062
75595
55785
47237
55825
72517
68706
59491
73246
55476
76507
77610
61617
50367
45804
52451
75587
56912
59880
60258
71401
61045
56245
61898
76235
71686
48090
78159
59608
68232
56538
53056
52664
56401
78273
69700
61698
53229
69116
59620
59568
67777
71533
63305
60112
62190
73407
51783
67708
57976
53751
72091
70923
77224
64844
54129
69001
50862
52793
74538
70757
71819
52432
54619
54634
76590
65361
48409
58864
53981
60411
65140
62804
61143
60706
57921
57765
64312
68482
71453
66720
64028
53971
66478
52447
63495
54430
69164
63309
77701
52558
64800
64733
69645
73610
54636
67708
76843
72130
55692
67908
53983
47624
69147
46322
55360
58402
59289
69274
53604
48605
66923
50585
51076
75172
73251
65740
75356
63312
65794
59903
59857
70466
53435
69032
52950
56239
56186
58070
68496
72764
46117
69476
53944
69579
61666
48242
75330
63636
45785
69397
48444
65143
56123
72014
65784
51088
70019
55097
58733
65293
65276
68743
73947
48700
58243
71214
67246
68584
59278
66655
68005
58854
53101
69817
76083
67819
62416
50364
52774
60065
74634
58496
55942
72185
53908
61863
61632
63938
47701
55952
46595
67963
53024
76237
70635
77925
77567
51672
48477
48861
60847
78081
64178
72169
57835
68011
65815
50449
55278
76472
55603
48752
52531
62530
71947
57610
72063
58508
62755
49504
76065
63800
60646
47170
76920
78010
71240
69605
57527
49164
52394
67381
54757
53411
50942
73580
54824
55971
55595
59364
53826
61263
58547
48169
63324
67523
48275
75859
53763
76773
65643
59283
74352
66969
78558
78091
50700
46132
69436
50915
55859
62516
57950
64409
64568
61230
60114
74136
51882
51207
66617
71949
68566
46951
74220
61430
73101
52331
56550
51323
70184
75162
71902
63874
73416
46619
66739
73086
48867
60197
64013
66439
78076
50614
65602
46768
78001
48264
63094
69525
70139
64065
76039
66611
74162
52201
54824
76285
61263
54178
58827
73260
58358
54163
55493
51286
51892
75046
78636
76610
77317
77939
58884
47099
77465
63484
64539
55075
46935
68762
69170
72842
78499
64951
49757
55551
74972
72126
55981
65126
53289
70352
71435
68107
50550
56249
61031
59702
67257
53538
58131
68608
73338
66311
63081
72292
53394
78444
65460
65433
51251
55116
59982
49055
59176
49875
73477
51993
72286
78285
72899
50522
55204
58205
66671
61634
75951
67570
72718
46411
59233
72823
68910
62815
69451
67018
57988
74989
51312
65648
67796
54971
69451
47239
55057
46078
73236
73211
57798
70184
64320
51453
73140
72449
53575
66225
71100
47865
62377
50727
47104
51644
46387
52621
65094
73992
62334
65443
62877
71099
64442
53615
59714
67377
76969
61489
46276
63692
63982
51097
65895
59860
46216
47160
62150
57218
48282
70197
67261
54615
65645
75841
76934
67506
60599
69324
55074
52386
78366
56185
69371
61177
66552
63696
50887
49058
46165
57908
63407
53556
53567
56340
51377
70086
75584
64613
50499
46854
52517
71503
59193
77957
72962
58406
63464
70741
48758
61085
68748
47574
75312
75830
74215
63181
77490
77309
72491
78518
77397
71286
75802
50268
77454
56276
54892
52646
75887
46699
53873
68020
60017
64360
72439
49450
68464
54208
76910
55500
69367
57190
59210
77388
73406
71873
46505
46943
64881
68701
78902
71446
71347
47329
57933
73068
53347
76609
73056
58652
65822
76596
60313
66485
77829
68585
55744
65519
65984
62709
61536
66112
63171
46993
66597
62379
57039
66562
58761
65241
75196
70488
78767
75626
56695
72027
54927
60301
76103
70339
58452
74702
61012
50087
62978
70960
60777
64056
77660
59772
76281
59823
65029
66008
49760
78212
54245
55195
73068
58593
57550
57184
69916
75350
69472
74330
59047
76750
51498
66023
57280
48834
50705
55655
74009
68780
60150
62030
75302
56255
64403
65144
74275
63445
74662
68797
62040
60329
72530
76742
66972
55878
60098
77598
56600
68799
69903
51852
68173
67617
70244
63393
52825
49062
78176
55693
48757
46891
55227
70455
70083
76260
61997
50060
64583
67919
50059
72726
47922
59494
62260
50641
46695
75545
55979
67643
56120
61947
54917
59051
70768
59964
73350
75747
66455
68055
59655
64488
57201
71692
56730
78866
72648
49681
72433
49503
48747
76805
54268
60684
66935
69157
51282
65383
49877
78402
72658
51423
69892
58739
53642
49501
50457
78343
60888
78295
49668
62909
66510
72738
69908
75832
78299
54535
58302
58797
53672
66714
58010
70111
57153
65735
60846
75597
56181
46638
78319
67241
77183
70449
47109
55949
51174
76106
53327
58218
70817
63650
65575
49089
60543
72160
54375
66709
73158
47679
48427
47648
50714
73188
55001
69829
66465
72814
50271
57926
49509
52174
65212
54071
74490
52569
48578
75954
54112
61723
56858
75341
47914
74607
59528
67657
57824
55501
73328
60940
65187
60386
77722
51409
64527
74214
64818
74399
62310
51498
69139
53623
58090
75248
71749
60114
74634
74112
50115
68427
57793
61304
68226
50840
73148
73060
55728
54206
63163
49294
55353
51589
50617
46616
63120
65322
52047
76103
76716
58709
62678
54306
66385
60234
64716
77372
57744
50275
60024
64974
73617
74174
79057
65288
58768
78899
68765
71081
58918
68233
70102
48334
57034
73705
63569
76039
65943
77458
57250
53424
76880
72399
57914
52863
69793
68134
73682
53849
78247
64211
50957
70762
55987
61301
57944
65140
62283
66310
60437
65383
54386
63760
60922
48435
66346
73246
77747
71898
62518
68721
47311
47305
48420
76021
76249
68968
54923
60532
78021
66544
54162
52488
72847
56189
78513
56278
54302
53348
76732
60153
78958
70086
73501
53181
72174
79205
68192
70926
71975
73143
75254
78384
76447
67129
69682
72112
52733
76294
76184
79002
59501
47272
67159
73196
57926
68910
71956
78411
51179
56190
64233
51189
61935
51181
62638
74487
63612
72973
77175
63904
62965
70598
74333
73013
56538
57769
52098
72422
58604
65920
70223
59649
54162
59946
64768
62566
74620
75686
78691
74299
53126
68205
49372
72160
50399
57605
47021
60197
49258
61395
72052
58555
72548
72497
76021
77545
52040
63424
67866
65152
71919
79103
52536
62481
54012
71197
56980
64349
65399
60684
56102
48909
53432
52183
53661
66724
57735
57397
65187
66737
64641
77150
61281
70473
62142
71709
77126
76980
50608
63783
55044
47719
75854
76203
51932
74802
72562
48682
50716
65979
76160
58249
73190
65579
66889
70245
62770
53287
69679
68774
70678
77826
68489
55639
50246
58929
63817
78517
54999
49151
61404
72325
46920
59522
58705
67755
77762
76749
79294
59385
49823
64103
59615
54597
48426
49404
64257
54462
59301
59475
77086
61824
63121
70016
73802
64357
74025
57947
49229
55070
65840
63024
49554
70787
73708
50872
79424
48936
54387
74056
65190
73009
55077
64585
71900
53351
77434
49384
70567
69003
55550
56590
75934
56810
55449
78227
49547
73521
66324
77999
60692
79235
48089
49329
67227
74697
64250
46835
71010
65097
50549
65293
75507
60283
64183
49737
75967
75543
72542
74583
66821
47987
60739
57922
67317
58636
73912
64675
51734
54370
56078
73237
47333
49674
51803
62696
57023
67838
75385
48922
69888
47927
50002
74626
78701
58494
71771
76623
72655
61311
57695
61361
55521
57631
48254
53206
57452
56847
59765
49944
59569
77473
69152
72565
61703
79067
74813
52287
48581
67787
62578
67860
52066
77593
49810
53521
64731
73187
69404
47683
67925
66500
70148
69982
60676
66870
53942
74162
57675
58395
65881
47450
73765
50582
62800
48567
63171
68127
62727
58397
60279
60375
76524
58059
64208
55064
60347
77345
77831
78161
78335
71181
72857
66065
62166
55239
62262
78433
77812
63422
51674
54871
60138
63442
51002
79080
56744
48579
48993
66046
72769
48617
66459
65226
66543
48678
59794
62556
72535
50458
52663
48241
51214
67989
70883
52364
64859
63058
61758
63304
51263
71138
61025
55276
56498
64230
67767
72768
67632
63617
54313
73887
77172
48909
62970
70222
77188
78093
62959
68620
57837
66659
76468
57578
68688
66500
50555
67933
57117
66664
49382
59026
66463
58374
46887
53249
49465
74495
58214
73541
76271
61146
53858
77355
61479
78064
67164
64265
51633
62824
70193
59217
66566
48742
61382
50277
77261
71552
71080
74413
63908
64882
69620
71400
48668
60946
73845
59839
79621
78982
76301
58784
60397
50612
60246
79561
57315
49402
52360
70051
61057
59679
50334
70482
64041
76170
72116
69770
53134
64434
65716
50852
57974
49366
57393
74481
51135
58350
47763
70734
69792
55265
66421
72440
60210
50680
58443
68258
76847
65683
78920
78533
75257
69147
75647
57656
61662
57399
63816
62208
67738
68419
71141
59241
58141
70142
67429
76118
58511
72066
76233
66261
54418
72058
60006
61174
47303
56463
71306
48606
47251
58659
64866
48919
60963
68162
59675
58922
51373
57557
78664
73072
58361
50457
63620
47909
63777
71760
77656
52414
52373
67255
75359
76924
48481
59831
77223
70978
55731
72287
61275
75940
72855
51218
48031
72512
47366
75645
52156
64337
71199
69068
49277
50561
57524
52254
57305
48127
54792
57142
54737
78802
76759
51059
64668
52333
47511
72962
61442
50563
50942
78930
61446
59164
74692
59080
54983
77801
60586
54197
75176
48596
74171
77189
60847
74972
61906
59193
71467
75808
57180
54807
52378
67897
74335
72607
68809
57805
60348
60354
75837
47969
60849
66383
77266
55663
52641
58030
68258
59833
58136
73936
57640
69340
59402
60006
56230
63784
65115
65873
64963
65967
77476
53338
47481
64412
50229
59172
52014
77767
76374
62046
74017
79494
77523
66621
53768
74693
52663
49450
59128
47449
59991
50360
64644
70545
72082
53976
65321
66574
57688
76112
67306
69333
69993
66921
71223
48547
72031
78312
49171
48513
65519
78144
63862
64151
57196
55302
72176
77381
68492
60325
53136
70512
50287
72019
68100
79130
72413
55620
73985
68406
59856
70173
47590
55738
67890
69803
77980
67061
73191
75733
67520
54819
76558
68815
74756
53055
51332
50065
54994
75032
74410
77704
64563
61607
75625
72843
77808
73888
66675
54288
56823
55367
56011
70304
78335
77957
52103
61832
76399
69435
49621
71890
53884
67798
73276
52595
59282
65572
75556
77766
60918
63590
58009
48697
63657
52646
48460
61511
75919
51018
74458
64934
75472
47338
60241
75201
73343
75103
49649
68456
63866
71708
59695
63686
58513
75970
65536
73620
57066
56558
76883
76173
55459
56405
52959
77090
74938
76564
74784
55918
49706
56897
63132
62572
49239
65222
50795
60008
49836
69231
68086
75187
59267
58177
60415
57243
71237
52494
76514
70554
63698
47430
64794
57806
74787
51472
73478
62889
78894
69017
60909
50410
57097
57004
78913
47820
50003
65412
68384
74621
62928
67038
62752
60369
70227
79698
71244
67896
54241
53474
77162
73198
63507
60628
78464
77169
61884
64189
48790
62776
77516
64991
73916
48546
62836
66996
50255
79661
72843
70859
52345
79848
74545
59859
67831
60715
60338
57078
75807
54661
73133
54120
51745
71414
62325
54079
55693
66910
63159
61829
52501
60726
61533
67723
79509
63102
69555
54401
50000
78838
68808
72772
70012
78481
51736
56439
65282
72999
47463
75989
54655
51306
67568
79813
63374
47899
54719
52271
62281
67198
64604
61839
73229
66315
75945
48712
73086
50534
52237
69690
65995
57233
75986
63382
54580
49761
64972
50161
50377
54062
70972
59288
50804
68047
47859
75044
57401
76485
56763
47950
62653
61879
57330
66308
80133
49183
56184
78780
79745
74818
56524
49672
66633
52325
55665
68714
67238
47678
58775
51818
64468
51881
60663
61927
71430
58780
62207
67243
58027
59997
73263
67650
50928
76786
70339
61963
55686
70106
57490
65935
55973
78074
67638
79634
66385
61658
56173
50280
67804
69905
48319
56842
63916
74494
66145
74345
55102
52153
65626
68482
69995
57929
64996
73395
50922
48664
72213
52941
61207
51620
58302
50282
53490
77174
75924
65665
60267
75608
49037
68919
78557
57795
53901
78072
51160
57239
60226
55239
68387
53262
51020
75474
78593
57075
79778
61002
50612
54543
69425
60785
73024
72933
58566
72949
55409
65439
76845
62332
56607
77383
60059
55424
53169
60218
68169
80221
74720
59354
69986
62632
76478
76420
49183
69571
49654
69826
55856
60078
67669
49601
73567
58912
48009
75013
79728
77783
74537
78171
70987
76076
77046
75791
71005
72682
73313
69728
56123
78176
65357
67377
78472
57269
74261
79617
63258
49532
60625
68637
51288
68488
51157
63764
68582
70914
54651
57196
66437
75192
55075
61587
64052
65208
58231
72472
52379
53534
53748
55323
53418
71466
65446
60675
57470
66454
53554
62831
68740
64294
71194
51566
80096
52352
78141
70642
76304
72254
76445
77186
50380
76610
69221
69424
66865
70985
48427
61899
61727
62915
70002
60757
68064
77027
65139
76983
65802
52978
68637
68020
79014
49128
54362
75036
79505
77117
58772
53058
58147
55805
77432
54447
51983
61723
55033
66328
62602
53767
76440
64142
79792
68482
63459
73461
47651
63666
67900
48567
52725
78961
72412
48058
79816
55019
61976
57231
73779
78184
63970
68588
78952
64614
67730
65116
80404
76779
78567
58933
72327
56857
53320
59338
76053
71683
70736
57315
75964
50367
57738
64362
54535
76477
80249
63335
62001
52054
60892
73007
75918
57512
63279
52951
77607
60834
70773
79855
68004
70747
71733
63085
56688
75432
67267
53224
74263
74989
59840
50951
78067
73523
64740
75064
63495
76923
71675
52389
54315
60498
64046
58980
54890
50854
55940
49389
63656
56792
57769
62162
66951
59154
61677
71082
79756
56539
55951
77134
54142
49129
61244
69449
49679
55862
66771
56969
60607
79958
55915
61275
57852
52487
64919
75670
66702
62218
70889
77589
51762
49457
78772
66667
52613
58554
72470
51667
79652
62939
68662
56934
49682
64158
69579
71569
57178
68591
55006
77509
48373
53491
71888
79728
78829
50332
70302
78125
57795
63867
68452
68151
61711
53205
66080
75300
54630
53752
59577
48336
65152
76495
69696
75159
50842
60085
76405
58055
73754
69255
66701
65876
50802
64765
57138
73934
63046
60986
67532
79761
61649
61857
71423
59196
52869
67051
63604
62820
58609
63350
73693
48265
50152
63712
69427
76104
69088
76245
70210
71635
77720
65573
54120
75167
47870
50970
77210
52060
59727
76040
57255
54058
67712
63269
66753
65290
55261
74651
63033
62354
71664
74204
64138
80614
53668
74038
58777
62435
71850
54695
69179
65949
52508
49906
48376
53004
73824
48626
63503
64258
57680
71727
53433
65632
54167
76207
71090
77450
71262
77071
69366
67096
56873
74194
75464
52687
67067
76024
74745
62415
48065
69586
55655
69389
52205
64790
61124
70916
53346
62511
75417
71592
50832
74454
50570
73628
53472
77030
65243
63140
75602
60012
68147
63069
64356
52222
50848
77612
54071
55631
69340
64372
73709
65024
74447
54028
70485
71864
51796
62192
63690
65654
70976
77110
71000
62502
56481
62788
54049
75891
59715
64577
48127
59357
58233
61897
67435
63755
61465
48357
49054
48994
73417
49466
49653
51670
68985
66688
73370
50176
58673
51254
72545
64881
70669
60308
56816
64327
59526
76226
65827
51198
61938
67655
72111
62856
51790
68036
60933
66975
77116
63714
58745
76890
65608
57225
62115
73982
77935
65107
64773
61719
67810
55360
69103
68040
59143
75435
50336
60256
61377
51580
54702
80685
76273
67488
72104
75669
74301
78774
61177
53858
64528
67851
62223
79198
70625
54473
54973
79136
71353
49003
53726
54821
78575
51828
64060
51235
50742
54881
65968
80793
77019
50396
73610
79275
71239
68402
76082
54829
66251
51463
73232
50174
52893
79689
76458
78743
60957
66402
59148
48099
48989
60082
54381
60754
70881
76348
56847
57129
56739
71327
57703
75548
69210
61513
65918
61214
77820
51175
51607
73080
79746
67359
58130
49944
68331
61826
58000
50220
55171
78268
61528
61168
73061
50958
53242
62660
70719
59135
68402
63874
52565
75598
50190
77070
79561
66602
62035
74543
58393
71333
69662
56733
49129
69479
63943
48219
68355
51615
66826
51270
52380
68160
70505
68591
71641
49001
74700
61094
51857
54308
75627
50647
76117
60500
73197
69786
64685
72937
48337
70021
70565
62550
75278
80580
53128
59205
61942
73836
72940
62857
69728
58637
65006
72532
50438
54407
68031
58026
49964
74014
66912
76053
76931
63184
63913
60827
63308
55525
60048
80621
65472
64969
70568
66017
51376
72983
52712
63522
77673
58358
66222
53030
71386
66472
53251
55137
52729
69216
49697
58297
79202
71252
50739
65849
59457
49940
80475
55049
60531
53530
48889
49822
77288
77730
77099
66606
51532
78012
54928
69479
59878
65439
62034
54368
48832
53568
56163
70864
51976
66339
66566
72062
71094
72817
49810
56312
64623
58700
56178
63624
77225
67679
60529
64612
69137
62137
73013
58405
68905
58843
80136
56954
77110
61455
71135
75550
49753
48892
60564
69127
77052
65656
67191
65249
70511
50589
58373
72890
57043
72735
49399
50687
65336
53724
72063
70823
80642
71349
70862
77486
69009
61597
63705
64197
55585
79343
68445
68936
61422
66053
66592
57712
80028
55302
62587
78538
61911
59391
51221
68327
55607
76342
49905
55125
80230
50363
73899
72655
74628
61247
80126
70833
55242
51497
52618
56751
74094
54759
58580
61637
76231
70530
54927
70001
67250
57206
60698
63521
67636
73152
49225
53735
67937
54840
77160
59508
51324
80929
69757
67140
68191
54271
74446
60182
68893
76712
74403
58527
69095
55454
75853
57215
58924
77980
52327
66676
66564
61551
66396
79310
49615
50439
53802
65827
57625
60110
49253
55619
76994
55097
76670
76910
67163
73884
57157
76485
58066
71746
71597
53503
64082
51901
53199
68445
77669
55931
66098
66784
61788
59546
48714
63161
73200
65533
79678
68609
75305
79520
77807
77226
64127
63784
59445
51894
66112
79039
61291
61606
74289
54046
65583
51254
71288
81131
51555
51783
74681
54854
51319
49437
58240
76191
71915
59850
77791
79050
56591
51690
62040
68693
74766
69009
55804
51481
61738
65922
81109
62479
51273
64930
75906
58469
58289
54188
58913
50129
63248
71205
62834
77094
74687
52115
49976
71973
66119
57834
73443
69013
58661
63047
78701
49814
80074
50400
67458
78386
74982
54587
51427
50741
53990
79519
59148
71742
64955
57545
49429
63511
77534
68831
60118
76866
52369
72362
52558
73940
56679
54783
75334
63623
75014
77950
76593
78858
65068
50048
54103
58267
71152
77386
68914
71384
60491
74887
58136
65234
48598
49397
54043
63076
80597
61534
56878
58563
77685
67786
70281
77397
65874
57587
70990
75719
75324
64505
61292
48986
63547
73047
74179
53373
68304
55574
50314
54689
58750
62528
79342
60489
51081
76184
72700
57184
55550
75400
48577
76752
60659
54363
63408
78672
80144
49580
53060
70013
75343
49182
59878
50989
73471
68174
60176
77824
65039
67078
64947
63032
66441
63156
68822
63690
62045
78874
61312
55220
80736
80198
68569
72338
55700
73669
79244
75116
50090
56084
52079
61395
71365
51287
55398
78380
56961
58957
80773
64843
73268
51588
72564
61508
65396
73929
76056
65661
51673
56803
62831
67592
67587
54913
57020
69168
64991
61808
55525
65106
54311
78865
70937
49391
73000
50187
52405
60158
71368
78141
78697
63367
52679
72695
54423
49005
67141
68457
57339
74636
68997
67675
76177
72963
55536
53279
57523
75731
71261
78788
49794
80810
70031
63373
52104
50937
70399
50849
76956
57420
72668
69380
67333
74203
74577
55750
78818
58204
80134
62331
72393
50716
78057
63723
56238
51022
80942
72714
53254
52387
70548
79146
75565
57115
71403
62575
74245
67610
67027
51075
78305
66750
79302
51084
65185
50032
59737
50011
71710
57273
76990
80358
54984
69719
56206
55545
77709
80785
78789
54312
65277
75207
72207
75784
69548
61005
62274
73119
57304
52858
79659
74264
59980
52987
73869
50875
63108
59245
73319
64797
78866
80940
60022
58260
75073
61029
59643
79342
72951
78451
79294
79459
54240
73832
66131
74439
55496
62185
76188
68101
57417
75840
72847
71112
79783
80300
68665
72827
57080
56571
62723
69492
69256
66651
61237
72044
76667
69742
59576
65843
61364
59548
76832
74913
51446
60845
55530
73680
78665
64151
78081
62600
70304
59284
57223
50683
53176
50040
72915
64691
80963
79682
54198
59080
66118
51185
76803
75862
74432
60057
73294
69678
51084
73397
62707
74956
60552
66239
56923
64906
74743
71422
62586
80915
64036
74400
56732
80409
80969
61192
60002
48971
75438
52585
54535
54145
81429
72340
67048
65850
55382
79118
65860
72777
71751
72038
57920
57547
57566
71877
67374
65116
66458
56775
54030
58251
77342
78729
75861
56715
56096
49924
65774
57387
51841
80537
51071
68103
50365
70636
54765
80128
77190
60406
81186
49899
76204
74070
80398
75398
56384
77032
64491
51376
65273
59545
73670
70105
55766
79994
66875
65463
56837
51731
57472
65338
59396
56825
77221
74435
60678
53155
59673
67729
71576
53113
78193
66939
71556
66350
79461
59365
76022
65616
71963
59117
71389
54557
74153
70117
81044
70553
60885
54278
51906
70365
64798
57442
54143
55986
81409
72219
57784
60766
65653
52435
73684
58302
61880
51555
53655
69525
66893
80592
75079
71716
61254
51067
73742
50427
70591
53911
76192
60174
69547
61920
64285
77835
81619
60298
62777
71659
58139
53368
74138
69832
53511
67247
58242
61678
50559
55306
72621
72500
51407
55599
50045
81293
49906
81089
50004
56794
75024
59096
67649
76034
52293
54446
72928
79941
65956
76955
51579
49357
80764
68163
65397
57734
66521
56078
70633
66352
75854
57048
69006
65203
71410
73962
68062
64946
68777
64809
64887
51554
63653
66958
54209
64413
80172
56278
78289
50738
71067
54139
57485
50304
72107
61410
74257
68419
79347
70358
63058
60077
51630
61237
70401
71353
63935
70633
70323
76220
63730
74522
73534
79164
75141
68002
72550
54534
73703
51906
69561
63611
81599
78867
57015
54827
66608
69055
66614
81317
63579
72432
58373
80780
68902
65161
60368
50158
61244
55317
68675
54994
59478
77052
52594
54032
79544
61949
66169
60262
65022
51416
57439
61895
79128
50763
64577
60662
79252
54336
62636
76884
53275
66629
51786
52727
68159
58940
76737
60155
59764
79700
80088
56861
61275
64824
65756
55429
76615
57734
49218
80100
66810
57730
74125
55487
74927
75276
66930
50187
72798
71631
71226
69369
79419
66492
76393
81427
68735
58295
80541
62600
52844
73615
61112
56516
54923
55860
67137
65348
63033
73508
73736
64425
72289
66599
75017
55307
77195
70460
55955
55951
56086
69843
57258
74044
71617
62012
72105
60426
70513
71776
54316
52540
63534
74415
71724
78832
72302
61017
65132
66805
65174
71105
65812
79324
55230
66607
69788
73298
58292
61892
61420
62381
51268
56244
72642
74436
54711
52399
49491
64516
53914
68000
67637
58816
79041
63130
78716
67785
60299
51215
56868
76607
73574
54340
54959
77222
68246
71937
56846
56892
53043
51597
52677
71306
61041
63706
59723
55098
50469
78844
57007
54824
78212
73951
80513
78524
50733
62778
54000
50294
77418
55743
60976
79818
75698
69013
75807
60719
78963
56839
56103
52851
60431
50814
69734
69201
68644
52396
80652
67141
77585
60683
49925
75423
52150
76678
74457
77015
57979
72821
72912
70688
64403
63951
52057
62527
55938
71835
69804
49822
68316
53928
76207
76188
76368
79998
59414
59944
70630
73620
55247
64398
53381
57540
54173
56720
61624
56059
52483
53433
78769
69173
52067
59630
73615
58025
58983
77382
61148
61504
81824
81948
63322
55884
81773
77410
60927
70519
71967
64823
76862
73209
55898
67260
55944
72719
68030
77604
74771
50344
71879
73483
55258
69729
77042
63497
72421
78515
66594
79750
69578
78699
63553
80848
71540
80987
58922
73578
69411
61264
64455
57000
77748
55364
78198
64376
61987
53204
62130
70531
73038
57844
80367
72821
57595
68833
74693
80536
74269
60503
81233
58792
56403
75013
70105
53219
81074
74814
80814
50015
55748
67569
64599
59808
77008
49883
73707
78186
77916
53499
77759
50900
51185
69702
79937
53662
54558
70045
75300
60868
73151
62972
65214
70227
59264
76788
63406
55932
60572
74075
78273
58599
69099
81218
72471
81226
58907
79399
81025
66617
74301
71788
63022
51520
50052
69896
61319
52015
77386
53373
81495
70325
76372
72202
67887
72496
79959
54049
76041
64964
57531
75547
69163
53930
57246
70443
60494
81099
53788
61072
61952
54158
51406
49935
69447
57070
58256
68001
69511
72143
55944
73577
68261
61074
71780
67304
61805
57831
51682
51572
80177
73698
67222
68838
60083
57170
63208
78228
71750
69454
72540
68735
65327
66320
71958
70093
55377
69639
77725
66425
72714
53799
80863
63561
81240
68228
60533
52992
73792
52255
68393
57813
53104
60159
65461
69157
79139
57732
61390
58469
56133
73721
73825
70746
63191
64104
64541
59788
49814
75954
58161
60408
60631
68830
75863
63749
72886
78770
57105
59577
53871
50048
57138
70445
75532
52547
74145
51774
77633
78827
55898
72582
66964
73204
62389
61067
81856
75069
52971
54069
54108
80152
60886
70790
77240
59037
59896
58245
66312
64325
56511
77435
71876
79284
72967
63586
69454
63701
62945
50331
61142
79148
80531
60127
64379
64616
56288
59256
70834
62264
57993
64433
74732
71008
62227
78475
56947
65548
81611
73137
56981
79460
67080
57006
55301
70752
69552
53342
60286
58334
80381
58530
56745
51186
67713
68184
79169
62077
54120
77707
66677
55297
64510
78822
57742
54707
51825
57199
53969
64978
55511
78194
78247
65080
77682
72634
51451
54575
63027
65031
78564
51333
57214
62909
80260
53987
77869
54746
81712
64346
67799
56106
61904
52031
54354
61630
52617
54841
65398
71834
78490
67736
56868
52398
70276
77800
57735
60424
63598
61894
66458
67655
61639
74995
68587
75603
70701
82087
70046
52555
80270
54824
57012
58047
70541
51354
71822
52000
81191
79641
53676
81780
63894
52485
59579
82254
76661
60573
55503
80382
50982
59344
57069
72197
50289
80719
71884
68812
54125
65511
65756
70805
55460
67086
60296
74417
62578
53180
59832
65523
72110
56444
79003
72038
63372
64450
67235
66875
80578
72063
67025
54277
59882
80115
74546
66089
57640
70082
70570
73103
78092
66379
50672
62366
58554
53813
63962
56168
62280
58442
56539
61473
57447
61065
53194
53206
53318
51574
80356
78427
70323
57269
68885
60550
59780
60119
57203
78746
69173
62068
81419
79110
80594
82298
72929
54864
80407
50628
67634
78156
49879
69103
64252
73873
74394
55657
65217
61485
64394
61130
63623
67224
72080
76904
50979
72167
74426
67365
71351
50498
75488
60300
68986
70296
53895
79133
79287
52369
51461
77796
51481
76997
59878
55377
82213
80427
66959
52547
53512
60372
50465
75878
76947
58329
51616
78015
82052
54930
50773
72581
81927
61960
72304
53043
76668
55725
77298
56539
78971
68171
71114
74685
74517
80443
49982
54040
73821
68055
49805
81472
68136
71729
52435
79601
78864
53254
78124
57827
80319
65773
55580
80286
50794
71892
60463
78736
62875
70061
55004
80733
78132
59237
80047
63606
78001
76310
64936
70125
64941
65661
75486
58504
74151
77486
67175
57108
57607
62726
62076
63739
75612
56162
78809
63257
67816
81038
78691
62156
64862
75265
76557
55114
79850
57287
56828
51512
82034
78014
72682
76920
78364
78597
70600
80962
49936
52402
80295
59766
63871
73923
50136
62256
78308
68696
66386
60829
55945
66591
72533
76558
67661
58895
56397
80715
51366
70489
50681
62762
54498
59035
62668
81504
68274
55895
65172
66966
52712
62373
66137
74432
79744
50468
61320
70058
79325
73270
51281
80595
66134
80493
58189
81535
69617
66880
61540
62984
55150
50691
50414
73589
74888
51222
78616
59213
51319
54108
61577
50350
54713
67822
53318
56217
51474
63505
54227
55696
50130
65382
55196
65635
80726
52833
56979
54087
82385
72444
82201
72232
52301
57261
82722
77632
72172
79253
54676
51945
73844
73466
67313
82351
74250
54775
59190
59562
53310
62322
58115
70667
73800
66127
55803
58356
78993
53987
62574
54157
65398
74412
64566
81492
66376
60479
81118
53172
54167
62337
77578
69850
80816
57882
62226
67780
77412
67623
57073
74394
58123
70959
74590
52802
50121
56665
52280
69423
69904
65244
73767
60793
56934
64438
74625
64819
52329
72609
82538
61433
74768
76355
58944
58568
79667
58789
64054
59922
76366
78054
74558
58898
68482
57137
77613
55646
56028
76524
65305
77755
59354
77106
61702
70452
75819
59780
68802
62830
60343
82363
63502
82742
70111
58945
62974
63068
74758
71297
62883
63940
63824
50588
62439
70586
51113
63326
79031
51846
50698
59760
71528
63296
50167
56527
68179
64230
55885
70524
57795
51628
71994
54902
71186
82067
55181
71653
77070
63805
67376
66968
53921
69632
78578
73649
58546
69689
67978
75679
63046
64227
72153
64333
69099
72552
74864
77977
74582
73398
75346
66824
73803
73878
65787
62904
59581
74553
58273
70550
77367
75028
55737
59344
70266
51439
74429
64654
56680
50232
79661
56797
51744
67484
73428
75499
77675
54745
64588
61306
67415
81101
61892
77199
72225
74963
82689
57194
53336
59984
55459
70075
61504
79241
67754
71187
51829
66744
51256
64921
72144
72798
76440
76798
72334
53722
53632
71347
72879
58427
78483
66649
71069
55123
54826
57465
62734
66828
62292
63349
82219
55552
68892
77502
81394
59971
62730
68936
74713
59267
55020
75835
76212
67924
78293
51180
58840
65221
57959
55563
51841
67639
74318
65054
82289
78959
73997
54573
76506
62441
72189
50623
82814
63087
68498
60166
79381
67307
62433
61015
56303
55674
79455
58845
61658
65473
69356
68493
81478
63364
79376
57436
65959
67444
72324
69552
70171
56905
54260
75541
67917
75793
78595
63026
62361
69064
70288
76539
52081
54056
52791
65064
82943
67266
66075
66533
75531
63566
63459
62667
51744
59712
58627
66319
57066
76700
56893
69625
74467
74506
74855
54680
78383
56365
77422
55477
65987
77361
70811
79621
50381
72355
82197
75170
82256
57222
68008
78780
55311
61347
71364
75148
82861
50464
80841
64394
54034
82516
74881
63968
74513
70874
64494
82974
72519
52964
61511
57647
78406
76498
79933
80780
81139
77060
64898
61871
52524
71660
53388
68299
58286
58983
67991
58298
63798
81997
80617
59447
74471
73030
71769
60493
54764
68064
63506
80399
69214
82655
53397
75658
56680
72405
55293
51448
74409
56818
75911
70455
62681
75804
69201
66169
64944
57666
57954
71996
52483
54254
71403
52093
59185
70170
55500
76328
70333
72773
59994
58068
76092
65222
72544
59309
61298
55647
66148
54193
80056
66837
56107
57120
55712
52287
77439
63533
77276
59614
75567
54266
79196
81196
79960
68547
68791
64120
63715
72282
83148
76336
55375
52691
56745
52544
69808
65920
59564
66970
63992
78880
71143
65046
74358
52819
78025
66685
53404
77137
53243
68064
53765
50652
81033
64815
80823
62323
54338
78855
65445
51145
60257
54730
64376
61045
61805
64757
58510
63723
56669
66222
79171
75435
75008
75933
65392
64952
82844
70909
51250
51020
70614
54515
53485
83146
65745
55582
61840
78068
53914
73839
59418
57694
72132
66875
82269
72738
65103
57486
81665
62934
62927
63427
57037
52155
74953
59473
59170
77367
61281
67048
72904
53126
64818
57021
67054
51884
78974
55842
56939
54958
61575
75097
74058
80385
63292
58026
52102
70211
61976
52915
80914
82985
61000
53248
54556
75705
75788
74971
82579
83129
75103
74597
68071
78695
58330
81894
50960
62826
73174
52578
80593
56073
60113
76909
69182
51355
81683
56383
61308
61502
69264
74251
60360
54220
71441
80525
76474
74507
71055
51683
61131
51748
60127
64925
65302
83031
62357
70935
56923
67308
71458
82951
62281
71789
53823
74578
67069
75794
82063
74788
79558
80253
59775
80191
53803
80039
54386
76435
75311
68123
75803
50959
81107
60258
55593
59576
73693
79806
76842
65272
68056
58651
69289
70456
75868
52546
68506
64433
54159
71504
57081
77950
57068
54630
60589
63222
59203
76451
73394
55098
82433
68943
61047
69642
61874
63833
73093
64733
82884
75524
57698
74288
64398
72157
67253
54302
77457
72688
53162
76593
79357
63803
70040
80760
55671
69475
54754
82393
71449
66982
66075
80809
76986
82193
52077
72826
50800
59635
63803
71220
63060
69521
80645
75624
55685
54043
71052
58336
69232
68319
76599
76667
57422
54461
58294
82744
52205
71387
79589
66704
82356
51610
73459
71433
51426
73160
62915
59400
59414
54039
82322
54502
63252
53965
79067
80711
81350
58046
58743
58279
66689
66679
65289
64054
63882
54461
62617
68070
69593
65334
62847
77250
80668
72293
76163
60545
77055
65500
63554
62043
63403
62636
57300
72987
80268
79393
73387
69238
79448
81580
79038
80027
65869
55073
65511
71947
72890
51234
63370
71083
78528
81883
52088
77847
52058
81905
59923
66362
74651
75700
78258
81692
68151
77468
53575
71418
58693
58099
72767
54684
83267
65743
54697
68579
76123
79171
79515
69026
55524
74198
78801
77998
63020
78900
50840
66105
77429
75300
81130
58971
76605
80314
54491
54770
75971
67022
75572
77484
54726
59053
75101
51554
57488
59149
77440
51880
54579
79175
65515
57762
78099
63680
66742
59673
53156
72616
51366
73421
70773
56552
70226
58637
63086
81493
59524
82566
53334
74538
67298
70745
72343
78517
67022
75376
62022
54096
80266
75281
69982
53651
68768
74419
72780
67528
55681
69905
59569
72095
67436
66686
74083
71716
61073
70264
60341
74221
51063
70783
61944
54168
76187
80936
63297
72821
56666
77165
55405
52095
66832
70471
73315
59537
57730
57983
66969
77270
79225
81600
73434
79234
68784
79346
60742
77759
59888
83395
75162
79082
73850
57222
62129
67584
56485
56897
58187
56659
73672
74497
58638
63874
78682
52081
61642
81063
55128
79531
52225
60882
77799
52302
66471
55991
79419
80337
66598
73635
78007
72215
62117
76725
63062
80707
76682
54602
65865
63181
68157
70329
70882
53206
56879
76609
64176
52152
78108
62527
72428
80098
82573
61092
62483
55267
56480
55463
79317
72388
58891
67511
66350
61083
54623
73396
73683
82781
59786
62558
68815
83444
52128
81422
55406
65681
64987
53924
75098
54596
80864
72128
77060
67274
77891
64309
82245
82854
74574
58042
69958
59251
67326
76771
79261
59000
66639
68176
51128
71549
60857
82469
67711
53213
80635
83129
55861
67037
61975
66963
70047
60732
74142
72594
57961
82443
53293
66155
60101
79295
66872
69721
74325
78469
52998
62479
77899
59605
59901
52978
60623
56138
60704
81797
70049
56497
73686
61476
56831
78944
56557
65014
78281
56521
75486
52253
58339
69710
53587
71471
55259
71767
58342
56554
71371
70306
72236
60451
61313
73947
74994
78080
57822
79469
69830
69991
55676
63639
62906
60854
64403
58562
54372
72117
68638
78098
82985
57801
77369
72507
54972
61546
66510
72086
54497
75734
61552
74356
79991
82951
66439
64946
67509
55523
52654
54413
62900
65716
75097
62392
60461
52951
73403
62380
57989
55992
80615
80704
75270
63230
70197
69753
63344
59650
64999
76707
74160
78982
66828
65696
60911
53156
69797
78465
71886
54020
76551
58707
77040
64082
52864
57915
59066
67823
67389
82374
66902
59111
60523
69754
77054
68132
79005
74161
81527
65505
59758
66727
51163
76385
65127
53201
62108
67296
53027
79472
70342
69578
51376
72807
80772
69419
82489
72777
64742
62822
51426
78775
77537
67627
58100
68073
60824
64931
69178
66698
76505
55277
64939
73417
63723
70862
55880
79533
62087
66980
68424
83112
58404
58268
51571
78192
72312
62501
65996
81418
64059
53669
52082
78375
83246
76906
62664
83124
77916
71651
60372
62125
77727
79888
67045
79922
72295
58167
60025
57308
69047
68569
75101
56401
77680
67300
74774
57366
79570
66090
74368
75685
56896
81682
51893
76224
74307
58765
68656
74244
61906
66380
60979
76225
78801
68401
57701
54025
83415
59651
54464
64007
55348
64869
70058
82066
52019
71177
74594
59394
61852
79393
52638
64835
56445
82710
54899
68392
70698
59773
75636
83713
57987
52807
68126
60271
70261
57399
66420
79223
51396
56730
70374
79830
55815
57906
55415
63636
82420
70003
58911
68828
73693
78066
82030
75531
56443
83738
53875
51975
56555
70176
55516
72914
59126
60218
67678
64863
72341
59916
62296
59812
74932
56419
62131
53232
69431
58918
71180
53119
53819
56714
57109
71244
68254
79748
52280
53542
63937
71812
63102
57862
78476
56672
83632
53408
71603
77966
67004
76088
69432
65431
52313
81335
69426
58568
71150
64766
59340
55595
64176
54394
61072
82614
54539
53240
61158
78529
54852
60347
66519
59582
52828
52428
81687
60708
76599
54162
82243
55468
62206
81058
75623
72640
81345
82904
61891
55856
62049
64935
83919
77608
51885
55981
81276
60767
58059
67979
64957
77712
55258
76531
65094
52526
80341
68611
73875
67412
54458
56017
58413
66043
70892
67911
69161
56687
68310
53809
59889
66564
53714
70804
67399
65540
56905
63809
72070
60909
63259
71339
56363
57049
56897
67318
73877
81726
60593
74832
59657
71127
75137
57220
79097
77538
66640
58572
57990
67468
68322
66279
51523
69034
53770
67692
62012
67497
74189
68446
69943
80072
54468
52992
74553
71044
68290
80875
54860
72788
61111
73309
73344
75415
70612
73428
72752
83403
77296
75996
79750
65791
76075
78885
70977
67211
58577
74712
84150
75262
71041
77867
59157
75352
70286
69172
57326
52346
70309
51706
81652
75226
72624
67282
80640
60283
76283
72169
79449
69917
53909
78621
70706
54449
58618
67601
67444
57871
53230
79232
81598
57067
52652
51921
70058
62213
72512
78828
70483
73889
81714
62797
77332
65847
74596
61014
76946
80491
67133
71146
54268
81727
67335
58679
62353
78216
53654
58579
68963
63391
77099
69643
64603
55896
62104
66168
80766
81720
77220
74707
78446
53986
60848
83465
76596
79827
67995
59794
54588
68943
56036
72703
63905
58011
78862
74963
83116
60013
71241
62612
84119
66209
59982
68130
73110
58413
82059
82503
82712
69463
56448
83342
75337
84006
69481
67673
61916
79638
75293
69934
68361
66063
60982
63826
57297
61848
71282
56217
60041
63049
61017
75132
69270
74366
84256
65132
78454
60499
67534
80230
80640
52172
69277
66760
52204
67923
76195
52323
61845
53352
74929
66001
71678
55956
72316
81672
62227
83614
81658
63280
80946
61442
76047
76210
59626
55967
57193
52114
81667
67248
76969
56062
59838
82173
65219
53543
62557
82771
54695
58959
52710
80177
66849
56355
80421
64708
52733
82508
54256
73749
70256
59713
66735
71298
76211
63327
70939
70251
71409
54331
80709
60205
75619
56887
51674
73556
80826
73299
58534
83724
82109
60998
56920
68313
72499
83150
74629
62088
68355
72772
55023
73830
84378
75635
66310
52399
59277
84138
66735
70985
77183
65296
70469
62898
66630
81464
68061
64312
75849
58357
54735
67944
76844
82032
77426
82632
69296
58487
64038
59849
59348
76312
66712
52727
61761
76655
59969
72051
60900
72636
56624
70307
79069
79544
75530
75304
58264
80426
68687
52496
64313
73141
62686
74573
60734
64756
64956
82534
56159
59337
55313
78957
69305
68849
72051
70449
59948
62172
57703
75700
56322
78524
63525
73184
70353
59869
51868
73845
63906
54580
59318
61766
81746
52026
58077
53669
60729
67579
81854
53020
53514
65385
52045
84062
81402
76279
67081
81532
59685
65379
66433
83548
58669
70611
58135
77416
65828
68388
83460
76931
69292
54911
59036
75841
54108
61485
79059
62807
76134
68012
72705
70224
70519
57346
54754
81794
83935
76369
61153
66113
63218
54956
57238
59474
53422
67881
57229
73634
69022
69943
54601
79416
65277
84274
67464
71273
59935
70709
62409
70475
78605
60976
60940
72044
72304
82490
60889
55235
70320
64296
76931
62694
61532
66142
63662
74878
63949
73957
58127
78072
72198
63166
75891
52606
80607
64630
64771
82982
68195
82683
72902
54377
77686
58798
83303
54742
78267
58041
64825
62215
71860
52643
52088
69845
67115
69666
83410
79304
53201
77104
71461
67025
56358
80480
58251
75324
83608
66419
77204
73184
69359
68646
73938
66969
55272
58447
58779
72952
63776
66088
57866
71480
59444
71403
68679
78964
81191
70047
78344
64280
54788
82993
55640
75158
56772
57030
73368
71770
80497
79184
78787
62463
75404
66399
58614
71619
63917
74299
83503
75832
58473
58671
61012
60989
74616
69671
58232
74285
60951
72830
72795
63318
74668
81937
80687
64429
64681
60056
58786
73663
82610
77110
56856
64235
54274
81998
82488
73679
62987
72601
70315
70912
80732
54389
59424
83454
65736
79488
63892
65639
83397
84582
55248
53610
58386
81655
66099
55167
60061
59517
80049
56405
73635
84556
77596
51980
60953
56986
66978
54949
82507
69777
76440
58551
72131
72867
67958
69731
84588
51998
76578
55689
83191
80128
76657
54332
54910
74508
75755
60532
77159
59165
68558
70147
75148
77755
56662
57547
73624
65004
61500
71981
59316
66892
74108
64709
61284
69216
65628
58196
57003
54056
67754
72701
82038
68083
53829
61109
52792
70263
55775
53749
73425
63777
83712
75953
81076
83114
54094
72846
59209
82411
79629
59472
66448
82418
81634
75409
65544
65109
61148
63673
77775
71622
54964
72234
57610
58088
64340
78779
78471
63330
63895
66408
60577
79153
83536
76872
57700
78914
77709
82623
71666
53824
66333
59636
83749
53931
65103
69509
58230
83242
60157
77434
82974
75298
69065
68216
74619
60807
84391
55863
65204
65522
72860
57398
71840
79348
55749
52398
74724
60843
83098
64452
55388
55954
61812
58370
63421
67485
69453
84232
66936
81798
65223
67199
79329
53089
55920
67407
55440
55159
54341
81170
82439
73297
68725
76744
63638
72211
83303
56780
75900
74764
71933
54279
74575
68234
70427
83555
61086
62707
54627
84098
75220
52753
75843
75441
78687
75950
73010
69399
75026
53857
75318
56114
73672
67751
83626
68997
79435
66613
82238
55178
75636
52877
59199
80878
83859
71120
60697
73981
71952
62163
59418
59228
55379
54644
55672
55542
65250
68399
60054
66616
65993
70636
81539
55169
53055
80155
64707
69844
53126
72451
63827
54737
60691
75863
73191
67555
59375
78859
63606
75962
63581
73061
70392
58108
66749
81495
63599
68407
61104
70668
68388
77083
80765
54721
69683
63718
72628
60886
70729
75039
71185
67877
69037
71815
55714
77970
57213
61517
64300
73955
74299
79489
74188
54483
54664
56523
59098
62817
57134
53085
60690
74862
64356
78886
62198
54663
66126
76360
58478
76032
75460
73165
77746
64834
70228
66453
57705
76389
66186
70035
52243
72706
84846
83770
81572
81218
58191
55857
69233
60219
56255
56142
63568
57725
60383
75714
72955
54503
61405
64145
72886
78016
65978
78406
71218
76291
69457
73444
68784
72953
70037
60447
63849
59661
84250
64460
68654
81629
74711
83095
57164
70797
77866
67828
74418
78944
82204
64088
66134
72073
75751
72872
84948
69438
75445
65010
71512
83471
65707
71259
63423
54134
84774
58456
62969
53167
58436
71969
56242
67017
78503
59747
69937
59902
70261
54837
70272
84544
70563
66126
81869
60692
60788
59253
68880
70307
84796
65592
54510
68622
54890
80353
53981
56579
74181
82598
67722
72590
55798
67616
70264
66097
57159
63999
77801
59446
76970
58619
66049
70724
77821
64014
83497
73009
63372
54752
69554
52503
55512
72835
83130
80554
62615
64864
57940
68808
80891
78705
84963
72786
56119
54705
76231
59451
77120
68561
72508
69598
72912
64301
81790
83861
71345
65534
55858
64391
61752
67281
71425
70849
60688
72248
77958
70793
78648
63679
65130
63982
62543
83745
77517
75172
68880
78524
77544
77839
54297
71747
67313
58782
62704
66227
77119
56666
64583
71304
70831
56767
63871
81200
64070
66506
55660
74944
79384
57427
56920
59366
70504
65437
55626
61982
62480
69420
67720
62505
82724
71126
81754
64700
64210
61981
80657
67957
82316
70332
84296
74770
57962
73088
74602
57317
74953
63577
74612
84867
83769
59569
79356
76477
74134
81148
77171
68817
78452
78993
55975
70369
72640
72120
69259
64163
53925
82436
59707
82267
67245
59619
72251
62214
66601
71795
62975
63960
71122
70807
66737
66025
76208
64587
60974
83244
81211
70964
59218
54176
54465
62843
66677
76746
66055
65500
70965
79714
81459
58874
60790
65613
72425
74998
81832
78283
69301
77887
60489
80370
57513
81580
60074
73563
63303
60872
77557
57115
69281
77677
78191
59124
72126
79252
64251
65485
54080
53355
56032
80992
82244
62120
76235
81971
77962
53277
81432
62153
60118
84621
62797
62233
76949
73919
63207
57151
73156
70608
70746
83058
53774
63181
59987
84790
70708
56450
75584
62418
65714
55180
72466
63237
78752
65718
62529
73461
69078
79746
52753
76904
54611
53509
62485
72758
79072
76024
65265
57599
57072
84237
77411
58649
55243
72319
74885
59596
76523
54765
58956
69826
69542
75112
83285
80057
82190
77003
71393
56955
68886
60490
56350
80144
57078
78158
81832
53298
84176
67969
68687
75777
53395
60452
65819
54520
66592
69033
75405
68640
71851
70014
67880
66435
72036
69159
64816
79588
59735
71567
53170
58541
72849
82848
67780
55081
60549
56593
74510
52723
84910
79999
56457
72623
56437
57280
66695
84983
53076
67444
60148
58776
60476
66268
54491
72959
84788
76272
72235
68334
65604
58795
53436
80756
81553
54954
75917
76059
79561
84469
56656
63587
79041
61469
57640
67439
82013
68231
74929
75263
83377
66311
73793
67998
67685
74160
66157
53789
58974
54507
75727
78399
77210
81863
81927
69814
67932
66192
82944
79182
84618
61859
74101
54889
69459
77440
81843
72363
69140
55073
82336
58102
67453
81803
76028
61593
74736
59810
81639
80836
81961
77633
58787
69184
60708
53898
79772
79452
75579
59515
71589
58923
67728
53698
71301
70380
64170
79315
53682
59594
76643
78903
77660
75462
84225
81959
72621
63217
84387
55897
76624
71390
82399
72986
83760
58455
69289
52893
83330
74319
54902
60819
70661
68120
75170
60411
55176
64726
76303
68668
74926
59700
53776
70769
79342
80213
53893
84996
82653
56590
55367
63358
56496
83026
59590
83613
62460
56813
79344
59560
60353
61045
59733
80639
56743
54142
76425
83446
62343
67342
58570
64483
64045
63313
69603
61046
69981
67213
65616
61001
72979
83799
66211
84152
56335
84232
83495
71667
83857
67691
56002
55633
73826
55480
83488
81384
85267
55494
62477
59738
60809
84092
67107
70385
83898
53897
83622
81135
61873
73300
82604
63007
56536
81462
53121
55728
75382
85480
65353
82243
53623
54583
84199
56643
85356
82687
59166
75637
61138
70742
78582
58320
81047
64520
64866
74638
79578
73284
76831
65155
64243
78996
73183
63150
59571
77330
72103
80398
77036
73690
85366
79542
54580
72123
73767
79140
53479
78642
55960
60623
66411
58520
60428
83711
84920
65690
85454
82913
75031
57834
84504
79323
83241
74036
76338
83741
56108
59220
69598
64889
54394
77766
65012
77940
84562
69469
54346
75165
64731
54072
82646
83741
65382
68595
63511
75920
63988
55578
69296
85523
74744
67811
65111
59806
56414
57372
70637
66197
66251
73314
79086
80793
63015
70292
61964
76452
56409
54151
77079
63317
71505
61691
54816
78728
68428
78030
66526
74282
72275
76912
60241
57420
63749
58007
64164
74869
82071
69940
72536
67645
57881
60325
57247
69655
57083
65836
73478
58735
60111
59296
83543
63221
55888
65122
57022
62264
66468
56723
69674
53622
62430
83332
74486
56498
73159
74350
83145
62728
58846
63588
70843
64318
77725
84869
80569
72347
53246
55414
69162
58620
67902
78096
69586
62756
62433
69973
80631
68436
63734
65705
61891
55323
82332
70463
67818
59760
81861
57297
79501
60926
78906
64916
59485
82623
54752
73323
83203
65228
65081
72026
56512
61812
65325
63806
85328
83595
67083
58300
56597
83204
77771
60536
53617
56259
78486
75911
66676
61612
82056
71206
64951
75264
67508
76972
70279
68073
62312
75965
53574
58451
70323
59585
80911
71422
84005
60820
71321
82897
75478
54143
84830
77170
73897
55144
76796
67091
59858
80965
69851
73871
79254
74967
72720
79797
77906
79252
74625
81891
55999
70373
67146
63192
76404
69521
61792
75203
70573
73593
55156
84383
57418
57991
73755
71107
63515
56289
53803
66741
65114
76130
81256
60224
59513
85834
59232
82374
61983
60468
81811
71639
70253
59721
57047
58881
54917
64180
54779
78314
83277
66645
53163
80029
77936
79546
67987
70434
71334
63563
59592
67921
64310
61124
77155
67303
54969
81129
67951
59098
66848
84085
73477
67818
54520
72787
76213
58745
72685
80656
55080
70556
62605
62865
70404
62834
67919
72193
84496
65205
69844
69390
59545
84366
57196
77653
71700
60846
78300
63770
65540
85402
71007
58941
69150
85574
69866
65641
68011
77030
62388
66959
63023
59137
60662
77971
67912
59591
53487
64069
79832
62884
77612
59026
73318
65301
73222
78332
84162
56763
57196
62279
72936
73902
82659
66933
60711
59155
59594
85493
62851
63473
84707
78616
84055
68672
77327
54980
60991
65347
57689
59756
81204
55576
60982
76095
76537
59278
73227
57760
73399
55606
63728
65239
67044
69309
74164
68102
77928
71288
78625
74078
79875
67137
66177
82066
63209
75650
60257
60812
53680
76175
67732
73056
55404
85561
65147
58750
66329
83104
80516
85291
68921
75336
84977
54066
79037
84591
80347
64470
57385
58270
64118
64268
61428
72575
61334
85735
81709
73966
68722
56916
71525
56402
67752
61447
72648
81454
83074
69045
61325
56307
82552
75652
72593
85785
55798
68544
63294
68205
67423
67279
71858
72109
64849
81767
69661
65362
56107
74494
62059
74925
77004
63106
63268
69685
71582
57163
77200
54816
55508
63566
68894
63280
63727
83859
58630
74192
55431
75753
61230
67935
64072
64216
68171
83916
77371
79575
57160
64867
66118
75199
62955
74470
72695
59264
64694
82400
57213
68882
83979
67382
67575
57263
85140
58367
70898
75840
71906
77973
78124
68373
70228
67052
63134
84952
63803
82211
78778
69060
63547
58713
71154
58386
82677
85954
56697
83636
67554
61946
65101
81734
80258
67225
53877
57922
62135
62471
82311
59507
64107
53650
65902
64684
76409
82621
54378
70073
81355
72923
59480
54422
84416
68317
80692
69343
59088
74601
75996
69000
85106
75052
67095
57294
58429
85360
60629
66157
71758
64753
73145
84756
57579
73452
72404
75798
54629
67194
57268
67682
83011
79388
55965
65461
71324
83351
68374
64270
66245
55810
59815
72035
53805
58397
64738
64658
81540
71908
81824
75418
76323
55396
81037
79627
79784
63182
66279
72891
66784
72650
55426
69563
68843
76813
85264
59273
62874
61742
70303
74119
85020
62389
81763
76716
62682
80758
56502
83834
53919
59933
59229
71984
59644
58377
75021
79680
65003
64350
62253
85507
65202
53589
62174
76716
76810
57815
79417
84091
53633
60747
53975
73523
68637
79020
64919
59853
58434
80862
70555
71278
81621
67138
78996
67735
59810
65928
53824
64155
83707
70340
55601
70487
56482
63940
54991
66589
84458
65185
82080
82673
59672
73109
82119
79096
73743
75020
76747
56621
74797
63998
66458
58198
79216
63099
76750
67383
70877
71304
78638
54277
80418
59177
54904
75805
68730
60351
73822
58614
74449
60820
84686
56148
85801
59829
83318
83903
63804
69888
66952
62260
68706
69245
66234
85018
64694
67570
66962
68471
75636
68785
76512
80484
70310
59061
82060
76735
86016
66029
57233
81439
67336
56792
59210
64013
60026
81234
81389
57457
72938
67758
64085
64842
84139
71172
56068
70306
61168
84940
77416
61378
78385
53676
69725
84130
73680
82831
73972
74147
81149
72439
71794
74624
56023
82580
56476
60290
62931
67605
64306
76788
74850
57406
77242
78039
55502
78139
84606
72919
64101
71476
83672
62077
72154
55073
77485
81317
83176
62432
79160
61747
81208
72068
82697
85250
71301
54001
75085
57373
65534
81318
82511
64306
81132
77785
63295
75587
69780
66761
66355
62623
74079
66384
74603
79377
71480
70327
83161
64599
63798
78287
61152
58837
69243
58429
84829
71307
83548
68118
61412
60485
60354
54700
85068
82705
75727
54183
57965
56822
71621
80215
76584
83939
64036
60744
85160
82150
79635
65047
67048
68510
83969
64389
62325
77555
82572
58826
70006
65540
68258
75564
73449
67681
61414
84943
83503
72827
80469
60367
77515
79449
59945
64396
56423
59532
77565
63045
65303
64868
55859
71401
71906
71268
86163
70441
72831
57332
81716
68818
59740
77142
71584
77146
84197
69851
71475
73656
86274
83031
56772
56441
85985
62930
55176
64529
74999
85120
65074
66415
76609
80372
79199
57044
71888
60304
83506
65252
63364
61504
81467
84990
72472
58984
79262
58313
79966
83482
82033
54543
65996
72589
69477
85455
60728
83402
66473
61325
67296
69033
80395
81389
62893
76028
86369
56192
70841
65034
61479
67806
83470
80703
85353
72181
58033
71457
82148
54688
60383
85126
73320
62332
57750
75524
57472
76791
57943
78762
58965
69289
63531
59885
84176
70376
79588
57573
68351
71318
69541
58554
76218
81726
64932
65625
85638
61791
61487
85867
76217
86536
71149
76935
79839
67237
60775
69542
63069
75545
81606
78040
84820
71181
58078
82742
74952
78727
64364
56344
70402
73150
65692
55944
57906
62509
83919
58102
63321
86246
59290
82733
62566
60457
72978
86661
59295
73269
71239
74330
68163
78686
83470
70334
86638
83552
75012
73579
56380
70899
66511
63739
60977
66207
53927
81500
72921
81362
66070
60030
86443
80688
57595
84558
80179
64298
72661
69352
56433
85458
82238
86024
59772
67821
61366
70338
61290
58442
69794
75892
70004
61523
83092
63992
62806
56034
58573
70430
61685
63062
81409
66137
80708
79589
59482
57528
74856
72244
57535
71192
71963
77092
83797
77209
62798
74735
59206
85582
59922
79989
60354
76857
64184
82640
58948
66934
54583
81966
68119
65462
68047
80864
82200
63983
58860
85678
64957
75346
63053
75886
61014
65662
62565
55253
62867
62451
74498
83084
68679
83657
56876
69510
61547
72866
57936
85394
83302
75229
69278
86060
67980
85772
75439
61593
66788
66728
55147
69939
70958
57092
66346
84225
64292
84608
71961
60810
68865
65535
64480
61163
62016
57755
80769
80424
85158
69527
75395
71104
62082
84372
63057
76932
73268
61448
72413
80552
79596
80365
59784
69915
71348
62134
78662
58132
61873
54407
67069
70126
82597
86693
73007
60213
57529
59436
83417
68865
74362
81664
80283
58498
78369
82693
79128
64221
63255
62867
85408
66614
80056
70948
84493
58638
56920
60752
66282
74192
61571
58108
69083
60582
81801
69838
79928
83345
86842
67556
70908
57529
67567
67781
74206
83714
64714
84119
83901
58591
79678
71315
80449
64363
73681
62903
64192
75702
80928
65210
66142
62556
84516
73285
55161
76125
73909
66400
70212
85544
63820
86571
70833
70137
67341
61134
63893
69221
65285
62642
65287
71732
62896
77298
61448
70254
79294
73484
86378
63416
62486
64221
54762
69089
66844
70348
56736
63417
63279
71493
66713
71970
79478
81001
66754
65897
73181
71427
61191
85974
72026
83390
65469
83585
81269
80534
70205
65384
63495
80013
63442
63423
81474
55711
79318
58759
56305
78071
61207
68450
83969
56675
64640
65190
74305
73734
63733
70576
81510
84813
83070
58491
57426
73252
82600
75121
69014
57193
55336
81024
71733
85408
60354
85617
83627
79593
61033
79477
81197
85296
77480
72705
68659
68260
64320
72412
67636
80490
55571
78199
85680
63890
86080
59772
72820
83018
70800
61097
55578
58193
68881
67551
64463
85423
65280
75382
77145
86692
57324
65492
84824
73694
70425
58686
78027
63470
71203
85485
59351
77053
57571
83813
75972
78779
64662
81922
84553
58009
71228
57300
67337
78136
69695
58285
80989
68641
55125
77431
67156
69814
65191
66763
56568
83305
59187
75456
71379
74283
63087
80897
62642
64807
73775
83491
72361
77745
83912
68917
72279
67449
81014
80536
62059
55301
54523
71185
75623
82014
61065
71964
55717
63753
86754
85123
64663
81464
84414
74800
70482
76354
55661
85311
71246
70737
64189
74328
58983
83802
82974
80444
61736
75091
86020
83101
59977
68256
57997
76083
81526
67022
70244
72972
74579
79747
63717
74276
59580
61109
77186
75061
61265
54555
69733
77264
59442
81889
75862
54445
82439
63648
71648
62528
59204
70285
60847
83852
78251
73713
87101
60220
79634
56281
58542
62704
86886
72718
73976
70869
70640
73543
55622
62840
59351
68510
65695
85468
80358
78145
79042
55754
55184
58730
64853
76904
84273
67985
67135
69901
65431
70368
55635
61012
64193
75239
56110
57199
85478
72337
69474
63422
74938
64598
59348
58528
77292
55987
74594
57738
69363
64983
65481
78422
83210
86944
82630
71645
71545
75973
56956
62151
65303
66133
79126
67746
75533
76640
81837
73522
60124
84723
72812
57864
62882
71242
83954
83542
59033
62274
67063
57602
73440
73485
81203
58105
72830
77097
84603
77766
67236
62099
69422
82531
85810
78136
81615
87119
68989
71596
77811
64224
63055
59678
78942
77531
70960
57740
81001
62018
76516
76339
84391
67693
54581
62026
62663
62556
58355
65519
68284
78156
65336
85346
66844
55688
66288
67185
57798
77698
78745
64051
73160
81186
77896
54521
55168
64862
83437
79490
56321
82955
67543
63598
74679
55283
86395
80117
66127
62247
71025
64985
69073
73111
73151
66457
65807
71135
74074
68840
73027
80996
86762
83549
85748
79008
85198
70252
72217
78010
65120
86421
70017
72538
65146
64219
56690
70587
59193
71800
71057
61442
73472
64719
61953
80334
78528
82850
71631
55568
75127
62341
66702
57629
55543
86931
56638
78849
62441
84319
74867
61462
59665
86830
72627
56278
66516
62051
87071
82926
73207
72250
78421
65427
58025
63161
59798
69401
82628
73700
78372
67778
65104
68913
81646
83924
59209
56635
79471
70126
82337
83386
78548
75419
58505
81843
68957
60712
65773
82924
63749
79027
78141
76707
77925
80517
79475
67967
80598
60066
67154
69319
68822
69277
69355
86226
67501
57009
86886
66239
72784
76046
83455
63334
71045
66417
66383
65421
85320
80631
86733
63584
86381
63027
69780
73243
80776
81278
58471
63242
81930
56718
59890
60083
80044
55371
77394
55634
77329
55261
75480
83845
74918
55306
66826
62025
78030
63935
68587
57125
71228
79084
84605
81061
63135
56469
57219
75530
86917
76071
76427
75072
59257
81160
69164
61968
72303
55153
75661
58775
71011
76160
73510
70391
80188
65929
63179
61004
64758
82094
63718
69346
63232
85679
77060
57765
71139
65539
62867
57304
85029
74279
80617
73226
78701
74294
83849
83782
60135
65978
80290
55435
79082
69057
77273
77947
71641
68660
67400
83799
67143
86885
63687
74539
86622
65511
78698
56390
61569
81058
56907
83437
85296
86310
80777
69457
80428
59968
73360
61630
79580
86219
71579
80148
71664
66249
63608
85883
86596
58035
71307
64851
60679
61709
60950
70762
57116
83004
68280
83314
56256
78492
55603
80562
86638
58062
83570
84731
75263
79439
85962
55518
57110
82511
59520
78364
56763
84672
55435
66398
85574
62381
63644
78886
58751
72909
61276
81670
75779
72536
87028
55824
82154
83481
55763
66445
76710
67525
59819
83698
79150
60299
84925
85519
71773
55276
83799
70282
80276
60365
56219
82828
83367
78282
62849
78778
79863
73166
83744
58215
68571
67808
74793
64263
73029
73536
67508
84455
64674
62643
75583
72988
80385
78619
79603
66234
60280
71498
82730
85318
62147
77848
82735
60269
83503
70579
84292
59381
82103
65335
62442
75253
81260
70783
66652
77121
66074
76346
81501
72489
81192
57921
62771
68451
72384
64040
59892
68933
79152
68114
57088
63799
58512
75210
66767
80489
78245
70672
74733
57537
61446
69681
75842
69400
82813
84443
61847
72101
70832
71470
68950
59577
80129
68886
81297
62381
86450
61913
61766
59417
75341
81388
70114
86343
65091
73483
84483
87016
81363
78216
76162
86533
84525
58340
84657
68408
63704
80028
56545
68891
69201
55877
79912
67585
69621
79323
56929
56292
60704
69463
68979
61855
82839
83071
83671
78941
82723
78338
61524
81746
62591
61124
61965
70569
59252
86391
62910
60093
68675
62571
76611
63627
80963
76711
79450
78440
79307
74040
76201
60911
69458
68553
78595
60478
58837
78708
56551
75106
84602
80088
67913
59407
78706
86636
67989
74132
62499
62482
63474
57871
65671
70896
79300
61661
65487
67451
78708
66901
62029
71636
58739
63414
61072
58456
68220
65117
80337
74867
75546
84796
81806
86452
55915
73095
76916
59175
61475
72624
77954
76511
86995
67990
76908
79314
84332
77562
85565
77290
69375
66098
57665
58968
84934
60193
87330
55852
61544
78438
82001
79138
60537
61652
57767
57023
56640
70434
58701
80797
72126
83428
61657
71940
81899
56762
80569
63161
75587
69576
78037
74523
56449
69222
62064
56683
68267
56856
74063
62060
62798
63168
85534
67372
59403
66834
66575
67105
81746
57417
79812
57975
61038
67608
73071
75177
75458
81636
76344
64335
66642
70704
83167
77623
58245
62297
59810
86454
82985
68227
83297
63040
56759
73171
68608
81975
84184
72415
69133
78337
57897
65634
86434
62045
84539
60981
78477
64503
75487
61818
85423
60218
68000
57626
80802
56933
73616
56947
56991
72673
69192
85578
83870
62162
74282
56839
63166
68076
78313
59681
64232
69767
56140
86743
79023
67062
64814
75809
82043
68373
70346
73190
84967
61986
87093
81775
55911
65742
81964
57628
81198
71827
62224
76629
82511
80199
61231
86468
57122
70130
80453
84673
55785
70621
62531
72462
79539
80875
84814
68037
60289
67116
61707
86158
73640
81840
62746
72725
64118
76441
76000
61628
83224
75892
61578
83853
58299
57034
75086
63346
59890
68081
60660
81576
85592
61992
76438
65649
65910
79588
60580
68361
60391
58468
64554
63964
71609
67467
61782
67574
67863
78831
61749
59067
68133
77870
63677
60632
60972
81025
55568
78201
69623
75667
84223
59325
69501
75155
77773
69222
70336
73095
68918
83926
69108
57572
74416
60983
87780
65884
82417
79865
67474
80120
58545
65665
62493
71782
61873
67871
79848
61332
86780
83521
73209
74878
82285
68839
59551
60484
59761
78935
80984
72319
85262
65554
78321
64213
67365
58886
87023
59595
87028
66821
68398
72155
66270
57206
81608
85447
79215
77387
76600
55596
69531
57395
79040
81498
81222
71952
80136
84067
61706
83371
74759
56434
81972
71590
85030
62814
65551
64947
55715
64895
67686
60420
81204
64193
65348
67843
63982
82166
70142
70210
83556
73329
81779
69045
84243
79568
71571
72479
62462
65561
70686
63946
82837
71177
61102
71291
58587
87976
71672
79269
67272
66337
78927
69085
56044
82897
82282
59022
67926
59038
84326
69358
72628
75914
83726
82224
74684
86919
73563
83452
73930
73102
87095
60444
59594
65003
87174
75896
71768
60635
68967
62020
85542
82264
73911
77688
79262
74036
58584
83328
74953
79717
70064
74293
86384
74912
81652
86285
57729
56873
71590
61582
55987
61161
59100
72713
79213
85697
57796
73092
71397
82974
86757
64504
63109
66509
68263
80317
78482
66321
80150
87874
88079
77811
70883
60929
74207
66522
62379
63410
62251
74843
79740
71103
86275
67154
79254
60665
73544
83762
64110
59785
74953
77977
69369
65321
72364
72232
74534
80276
84752
73105
82349
78138
66288
86257
61703
79929
56138
64353
58813
86921
73089
63431
76262
87158
83713
80371
56811
75348
61473
76263
63118
74862
72269
84341
72747
68671
76132
88080
69437
57317
68703
59612
79395
85202
55604
73479
79909
60101
57337
66652
84402
59128
63821
77333
69099
61339
70644
74737
78182
62338
83393
81287
74283
68123
58297
59866
67843
71586
58741
70957
59379
65944
71624
74009
66051
67441
58018
74460
61507
70541
75316
56308
67600
71785
62293
73965
63124
85527
74533
74359
79244
58347
70128
85179
81230
64120
65877
78063
71690
63930
58791
77096
80464
71573
74387
83568
83154
74366
64259
59673
70508
58489
79939
66385
81249
78403
85090
77302
60136
64208
62428
87979
74727
60152
72309
75307
64510
63853
67432
66013
81863
61168
70849
65449
67420
81604
62984
72971
86554
82787
86559
66149
69541
78705
78957
81818
80428
58094
71997
79576
58863
74927
72032
76213
59902
57359
63770
72830
67139
77538
73276
66507
76482
71594
78221
61527
82976
79886
61294
77071
78178
62343
60350
66409
83704
64093
85244
72183
66298
81106
82603
74044
87729
73372
80635
82622
76121
65177
72613
67164
63525
59071
66071
74210
79748
63570
85713
59099
55715
59481
65551
82599
73267
73810
73640
66765
69484
87845
84022
57234
86098
79447
66935
87754
73783
57216
70643
69870
79745
58879
82911
81519
57773
69868
66370
68426
63636
63822
86870
85725
74989
88206
77105
60920
67604
72492
72100
74552
78602
68529
65636
74128
69308
76261
62055
83241
72072
66113
62353
83564
73213
72103
67472
74589
83682
82257
67077
78634
78970
59144
63972
71683
63239
79254
69661
66349
70285
72061
88444
65362
61400
65001
58317
79132
57024
87524
60997
56834
69036
83401
81181
88417
72277
65787
86144
71630
73677
77782
66215
86187
58815
61926
86339
79352
70904
86103
87579
72300
70950
79021
78582
81348
63456
79798
62651
78684
70887
56508
78295
71420
80812
68862
59359
66548
73234
59234
56438
66155
88180
79972
66930
57076
80618
77394
80954
73826
79816
73147
82034
69598
72552
59941
85467
67382
61738
59134
84340
63864
80312
83157
84454
59840
87695
57034
65310
83022
85691
64579
81212
85467
86241
56033
77484
73005
71299
70835
61842
86762
68736
79529
74860
66474
58586
72523
75251
67663
62908
56746
68673
75929
68028
63639
71481
87029
66909
58900
74276
56470
67032
86792
88216
59591
56604
80695
78494
69248
69395
65904
64531
85303
78887
88072
60239
88568
58629
69000
68357
61880
70560
70051
64362
75239
62841
83563
85658
87876
58143
61892
66615
86773
86257
58136
59475
83415
83243
74060
88464
64019
61217
79091
80517
70386
82885
58050
70244
80626
82799
59972
73946
63513
85214
72911
59703
72329
74106
57527
63695
63829
65243
62657
60576
61843
61839
67547
64053
56242
83224
63754
65482
60174
79157
86947
57264
76738
83043
56254
76531
70333
56226
81640
57147
87065
71548
81176
80880
62376
58948
56805
62113
82895
56220
67061
79527
83607
56633
65721
61445
75009
68843
86615
71059
77978
70615
58856
62044
74576
78599
60388
88644
70020
81190
64730
70126
82528
56708
87141
60892
57963
86113
79963
60632
83034
61543
57415
86419
74794
81272
61722
65421
73835
82090
57629
73524
56799
61840
88106
85328
67907
65724
57372
88478
76653
76673
63876
88251
66455
64766
59550
68932
56315
73815
85635
60476
68768
75846
58015
82094
73843
61395
57446
78483
86169
63583
64835
79093
84484
59623
64209
73557
61764
70279
76110
63051
71840
73277
61005
75628
56422
83952
74666
81008
72063
84657
58051
84373
78406
57920
69605
72510
71067
67026
80389
59104
80946
81937
74417
66334
69681
84069
66118
60211
62203
82290
56418
70033
87366
82146
63644
83399
71028
66660
86899
78248
71712
63476
72581
78250
85751
61790
69378
68748
74185
83197
85343
85564
60895
71625
61775
84471
69520
70289
67311
67506
76303
88708
78400
73913
74119
62198
72155
85910
64362
60513
59872
79668
71942
66730
66352
75076
65625
72870
76508
87008
75558
75485
85469
61038
62536
62350
77061
56776
60231
65011
66869
73626
79401
73413
67537
77067
65930
83971
79729
79007
57071
77296
64729
76635
74072
65883
67628
63787
59412
73506
86620
83074
84953
88313
86757
74048
57876
80744
81339
75480
68222
62739
56704
78258
80624
82750
56827
86990
81272
67472
72390
80043
70828
60183
83526
65639
64062
78477
64736
87591
76753
75738
71786
83385
64011
81113
88032
70776
85484
84831
77657
74096
71774
71290
87097
69827
57357
61686
88487
83532
57720
77094
61762
62337
62793
80353
74767
81054
78049
69834
71606
80128
62776
88532
78831
86734
57316
59398
80951
84447
86647
62332
78279
56792
66574
79023
70086
58261
86311
83190
82878
84427
81331
59468
85069
86251
56685
74835
71709
64073
71273
84121
62229
62077
61936
85018
65489
64265
61323
74759
82768
71485
69214
63430
71917
65624
65719
87610
74385
74992
81383
86084
67878
79764
58961
72842
74063
69807
77248
75895
84054
59311
81918
80515
68966
75623
86946
68020
64250
57778
57129
61028
70805
75354
74824
69702
56500
82232
66945
79268
63232
74652
88565
71658
80585
64751
78713
57704
84400
83606
84715
79956
65187
83738
67271
64270
84239
86150
86005
70056
84048
81425
76005
63654
80749
62717
80606
59650
71938
60607
85395
82292
58237
66144
56568
70896
69005
72483
82259
66159
66264
88680
73110
80370
76013
61136
67564
86724
60537
80546
73874
87808
77501
88942
68328
75860
75583
87280
64712
74244
69056
58166
88086
72754
73839
79877
66200
78940
88668
75642
61448
65318
60975
67565
70248
67418
88346
84250
74902
81453
74252
67203
66336
82116
71976
71952
67417
71414
76661
60409
71853
85844
73431
71909
59441
72806
84542
69460
68222
87864
73245
84794
58304
68373
69918
57068
72202
61075
83220
87104
66029
60880
63536
76016
80200
76282
71289
59968
58465
70165
65398
78817
82229
63736
87085
71188
66829
85145
57682
75539
79954
86667
63928
82860
66722
69061
87307
82735
76067
78245
83649
74378
67864
83509
57678
60083
67762
57772
88471
87622
76840
72504
81578
64112
77066
72442
88492
63243
63954
60242
84498
61962
86972
61278
78357
57880
65239
74429
67423
60540
79964
67225
89099
88640
59199
57316
78796
59538
80645
76513
80236
63594
77013
59367
59513
57709
71377
75106
65339
60434
87463
60186
85224
79619
75874
60088
77851
68550
82567
72070
88451
59036
83037
71542
75480
79273
69004
67430
76308
70486
73193
81058
78047
65524
63633
57770
57419
56994
81205
64566
80065
80240
60340
62072
71228
69828
67055
62881
65716
80381
66521
62886
57566
69975
85453
66116
60690
66318
78117
81218
57996
77767
66312
82422
57048
77867
58755
75274
60808
80853
58075
63360
73256
79726
86818
89076
79476
60950
81929
79137
87240
64006
80629
61095
71383
73844
88405
88332
71840
74935
84786
79360
57246
87724
81927
88549
67135
57432
69076
67214
80792
71375
85614
58183
60247
86612
59161
79382
74233
70081
77400
82497
65853
60714
74756
61456
88280
72637
61340
74196
79722
69868
71900
88616
67505
62671
77457
71543
69116
64451
85931
67775
88547
57688
84628
65428
65590
68202
83648
82791
78131
70285
76934
76296
65276
84143
81710
72042
59464
57080
73035
87719
64344
86517
72523
83523
75053
84726
76876
65973
65784
65972
85297
58915
80850
57655
75253
65646
57517
62455
87360
64110
73866
88898
72248
60799
60141
87517
86170
81468
60046
72174
62217
58762
80466
67097
71590
84697
59001
60906
72416
70566
69145
66931
60558
68676
80075
77878
78651
69085
79012
79685
80320
66996
69735
76455
88857
65964
67064
61950
57457
58894
59668
86119
66943
77959
60992
57250
71445
60528
56831
83571
57334
80978
67656
77383
88041
72874
68663
80923
84235
82921
83971
69786
57193
82879
66864
70533
87758
85913
79110
69208
80602
85097
86337
88619
60756
69029
79114
74966
59073
58258
66086
69976
58678
57026
58990
79738
64874
60635
87423
83631
82447
78491
68274
86079
62819
83737
59215
64676
63746
78926
65789
77876
61438
57555
62589
58113
83761
83692
86168
77822
71634
72902
77142
57187
71751
86525
82801
61522
69434
67169
71689
58810
64751
56826
69785
88700
61141
87626
66346
73932
78171
65745
71367
61658
87044
83671
67632
60082
78782
72293
75475
61281
65392
80021
73207
71002
60114
57611
56891
80920
66433
75460
80703
66308
89171
81423
70049
75672
66279
60376
67883
69317
62337
64044
83786
64914
65301
87546
75202
83207
87970
80407
82337
58697
79554
68485
63089
60422
86654
84725
72114
70163
70758
81802
68232
89172
83682
81632
59824
82909
76995
79437
69048
76118
79645
88423
67440
71588
85337
72134
84636
72134
88966
85003
85739
75772
72432
73248
81197
61487
84212
82626
64704
64909
81938
63037
79179
66420
75588
82039
71855
85905
76686
71728
67899
75593
63447
84872
61472
70743
57079
86466
88100
58551
60433
59975
73882
57795
85283
77038
89233
66205
84955
61306
78412
73164
84141
74853
85746
56874
60450
71388
82567
65277
66163
75786
88091
70500
79190
61849
81473
89333
71704
61814
70595
62884
80364
74453
76948
86246
78467
75894
74502
88087
89308
60454
67901
75289
78942
87944
85732
75327
67620
68117
77598
72297
63640
77922
80576
85104
62275
57505
86717
61124
73955
73835
75490
61523
63934
63421
68803
83885
62519
79168
82677
63846
65951
83917
62589
89532
85325
86320
69769
59770
61937
87596
84574
65053
71973
77760
87442
66868
80197
74153
78459
88845
58753
80424
73447
85133
58416
57093
65293
76896
65383
76756
86724
82771
82891
66935
68339
73725
74147
67300
86857
68005
74802
76585
74798
72288
78659
88237
78073
83066
70405
78264
67171
83735
71193
85557
60731
87578
79338
82615
58716
63814
66877
71867
85213
59043
78089
72749
67463
89124
66440
74285
80524
81030
73102
77074
61557
62331
88602
70063
80221
58632
69674
66006
72541
60460
75476
73755
59207
76994
77715
65754
83351
81064
64223
81020
69542
59425
88832
63221
84257
71032
67875
65681
85434
68583
57518
62449
67357
74166
58577
62800
81702
71079
83037
63244
57937
71570
85978
75617
83570
83021
71124
60279
84390
71886
72053
68511
89481
73876
87897
62681
86697
58179
68765
78747
63547
87438
62521
68557
58381
86361
61072
86552
63164
88351
83782
60000
61479
76434
68946
69519
75811
58498
78164
84117
81777
82944
89640
77485
89325
81091
81851
59617
84743
61643
76829
65744
67959
84803
58072
62639
75565
82604
87681
76430
63623
67128
78988
75996
64967
72308
73572
79918
69060
76074
85692
86588
71904
67718
68127
66092
71737
81271
78287
72212
64804
64856
84428
57786
79063
62160
80691
74398
70757
84471
81865
79162
82160
83898
76760
62344
59417
61568
68154
79045
89276
66062
81587
79477
60379
83111
74372
71335
64983
63352
85820
82810
88038
89140
68562
66528
70081
75260
69617
64930
70557
85889
70035
89252
77917
72812
86225
65387
77830
84478
71161
85212
89715
78579
87522
71494
62026
60077
61564
77987
57390
70542
81323
70683
60982
62630
89174
84170
72606
70286
63419
57795
78013
85907
63237
81749
68407
87831
84768
62861
64116
88117
85708
64507
82001
86948
60656
68281
68117
65758
65841
84138
62886
69249
75460
77568
63229
82421
59776
83457
78295
80463
68920
73482
72621
88693
89927
77780
63975
73347
83564
62198
69709
57454
66777
61867
70590
85992
57478
72406
79140
74115
75211
68419
88231
80152
79918
76592
85281
86890
75130
83212
71634
62215
61201
63870
75862
70767
64898
79017
67795
60792
62046
67759
89719
80881
85064
70003
85538
59270
69964
83364
72031
64227
62322
88311
67481
79901
74642
70579
61324
85069
83561
82803
62713
59006
81901
76071
85662
79305
84190
67677
75877
70334
66206
80831
62940
88070
64834
62172
84197
77383
58345
64811
65711
85832
82764
83532
58596
66646
73367
59282
65828
58342
83576
62143
87219
70267
75381
88590
76398
68298
64642
72055
77060
78108
77523
66862
68450
79349
78831
57709
82287
68595
82182
75635
88314
62712
78468
72653
79600
60044
58086
72148
84179
58748
58316
79991
75367
84167
85328
76858
64431
62395
71575
68223
85783
81756
78501
86532
63475
60165
86134
89262
88360
80978
70986
73349
78889
87612
74304
87551
75814
68486
77350
70017
78208
77913
73872
77347
81279
77611
58151
78772
75335
58597
89412
78334
76552
67652
85438
66378
79990
73855
63232
71719
71033
85803
86366
77928
84005
61788
79785
75116
83692
89102
82432
76194
84498
79811
82666
74059
86370
81773
72354
63618
78368
59021
87218
72314
82238
76445
82883
60936
60882
70572
69556
64353
90056
75848
59881
73508
61140
88224
89062
61083
66987
74986
58396
78142
83315
66307
87298
70520
64888
83797
76392
63150
84768
70910
84233
66174
63009
71983
89183
88900
89329
71121
83643
74211
66943
65391
87956
73922
75296
78416
80927
84500
80588
66275
89633
60253
64138
77153
75010
80433
82217
59565
85282
73279
82225
73855
84336
89231
70169
72385
58168
67592
61114
68665
68668
88885
79876
90217
71431
89929
69616
80051
84350
66656
73909
59073
64952
69383
58431
58916
83215
65279
65501
71995
82295
86846
67642
85335
76047
85815
82318
84508
75766
75099
77845
61483
70752
76512
68801
76542
76009
63681
61996
80402
80169
73222
87504
70988
70792
83781
74106
61590
68435
65385
65788
74441
84496
60850
79906
62415
65295
79101
70888
71177
65090
88134
86506
85742
87886
84075
64796
70389
70114
65330
79547
71861
66632
84878
89220
75595
63546
78622
62755
74749
70134
68855
61422
74525
77205
80291
68819
65583
75416
72809
65679
82254
81348
80335
76065
84427
69936
73566
59007
73752
88732
63653
60295
84708
59396
62849
72504
67976
66165
58779
83490
60322
79648
77105
89115
68607
79533
63258
58932
62143
81617
83972
89324
58035
82467
87809
77475
71178
82475
85826
68177
77357
69564
89889
82551
88807
58756
79973
89174
64713
69858
58818
73568
83661
72951
72096
80108
74553
78848
88606
84013
90054
76515
77397
58981
58626
60167
78049
65366
64755
77417
76702
69113
60669
82413
73903
70003
59141
82418
58565
85573
71127
66856
77469
77763
84165
76198
81867
89543
66193
63543
68279
88742
61326
70133
63973
81251
67329
72730
81017
89123
89037
89618
80890
64225
90192
67029
73558
86627
74120
67187
65318
66413
81274
83184
77620
84532
71892
67411
82234
67093
71633
88570
74989
59783
89693
89904
67898
58959
88954
81154
58064
76275
74722
73038
80862
81520
90093
62492
78110
74543
86198
65585
81938
62006
77945
80354
84622
58780
62016
74791
62326
86335
74943
78832
80073
58553
64636
82364
61150
84367
84275
80231
65774
61868
88696
64579
72403
76302
71582
76139
73743
83392
85720
82004
70672
62728
65438
86437
87987
72929
74834
78409
90118
82603
81700
58562
84562
90146
77363
76992
61785
78733
68340
65778
59356
90167
71896
85788
64608
62243
67369
83562
76338
73724
68149
72708
72617
84555
69551
64994
74155
77549
70226
75746
83058
82371
86215
85783
86416
70571
60361
87908
68401
87215
77703
67402
89249
83581
68682
77311
79886
78615
66135
61376
65934
80844
66839
76903
76644
70759
72053
78912
59263
65190
78728
81689
70211
72174
71538
88472
80524
88892
82312
81106
60144
82271
72115
82968
71749
72037
62997
62740
88419
59219
78064
85526
85035
83737
87492
85672
84937
88516
76216
61032
89141
70390
70459
62999
61184
64147
74987
61165
58701
79550
85942
72751
62238
61956
65599
78596
83921
61910
76675
83077
73706
61757
69308
69139
74770
70601
75398
74733
80224
66763
74048
76289
75480
71363
86197
69379
78897
63260
89851
64957
75228
84503
84636
63654
80449
82694
60916
86965
68684
68794
71130
65655
65320
71230
60291
90208
71498
71622
79266
69983
58546
58338
79060
59572
57965
88311
73532
69638
61279
67312
65386
63664
83007
89393
64130
72029
68323
62668
82330
76244
64190
84728
78435
86293
73383
65471
60172
63908
75739
60662
87395
81957
62022
76146
60734
77865
73214
85113
83481
82760
90641
66935
70656
87664
64640
89074
80816
67964
58251
76736
77305
81160
72751
78200
70246
74372
88558
80678
66848
70280
84942
86339
60432
73063
80548
60388
75588
68103
89234
67633
73876
79600
65999
78361
65157
70050
65190
87620
65133
71724
63170
61513
80344
71930
60840
59682
88875
74991
82053
80349
66951
59316
60714
75411
62448
88655
84565
75166
70575
66551
70962
83719
73204
81190
63521
77886
62656
76017
61114
65550
83714
88213
76558
77519
81921
85330
90160
81630
83449
85116
71157
86346
68617
80335
59895
62160
64332
60419
90592
79114
79687
77728
78565
59363
82307
60436
74384
67406
65658
73474
58563
78136
77240
74206
72442
79802
61242
60855
88272
74644
73754
86355
86469
80599
68718
85377
70718
90081
74861
68523
62925
89230
60115
74411
70835
60845
74375
73183
70307
74417
65403
64128
60617
58793
89812
69423
70923
81779
84556
70097
77967
76844
84692
77725
73597
70634
85629
60275
78342
80814
75160
79472
77477
82580
88860
63167
69028
65357
60489
61618
69091
86479
74635
83473
67285
81227
72353
65458
72651
89696
75774
87369
78965
70030
80752
75650
89765
89581
60927
90189
64855
63519
84248
77177
59631
61827
67819
84357
58561
59307
89617
83635
69078
83985
62066
69725
75501
64517
79206
71308
58817
69866
78618
88007
75146
77986
64310
81193
74438
65095
88764
64695
74809
76572
60723
62960
79155
88003
84230
81061
87313
71088
84775
83466
81926
72925
83447
60430
79132
68031
71530
80616
89461
79738
60006
81138
80087
68177
75629
80059
78696
81504
88188
70999
84149
69261
66611
88314
88057
83900
82997
62918
69021
72770
72402
88288
67067
84892
84964
61385
68967
62050
81142
71660
74096
71286
73900
76915
71523
82817
61791
75359
68625
84896
65287
66264
65746
65626
70750
58305
84426
63446
63298
73360
78187
78410
84059
77149
62779
78775
67071
79416
65496
58836
79442
72896
66617
87623
64690
86514
89654
75035
73298
87614
89163
79727
80420
74208
87705
66155
79869
59245
79661
66169
78580
58540
87941
78513
90891
79272
87888
71828
84497
89603
86134
79870
75718
64653
68696
66390
63809
89365
73305
72712
67471
89216
67485
63285
84381
86808
83985
80553
73047
63782
65707
58893
72722
63938
68339
72797
69159
75754
76226
74141
82401
68050
79689
90312
84378
77435
62550
69130
58656
65927
89299
80174
72286
69964
75151
58458
82232
64295
83778
62202
67254
61970
80587
66810
76645
70521
84667
70200
65786
65098
73239
88633
60217
90188
90202
64539
59413
60849
76474
84682
90905
63214
70316
78199
88070
69834
65962
80966
67774
66229
80436
72007
84576
61276
77333
75176
77237
60282
68071
88873
67275
63217
72153
78287
71647
68633
60336
84445
91008
80216
86540
61952
59890
63731
77037
89546
87505
80675
72565
73825
89078
87660
64240
81785
86687
86570
87825
62079
82889
81773
77694
90647
65249
70662
79504
64457
60828
80866
60755
77303
77860
87191
82133
73747
83060
83773
68765
80655
81157
78975
75385
71188
84650
59121
87933
72566
73144
81829
58952
63976
90731
86265
71305
79340
89221
72626
82370
61326
58936
74319
60748
77906
87622
83607
65948
87403
69991
75125
67268
59949
84715
58629
68156
67269
80032
76015
70115
67368
81398
73972
81985
77385
86625
58822
69135
67983
75519
71709
81145
75910
85883
62983
59298
64725
62001
88703
86761
63088
82835
88898
58475
77838
86219
63710
90696
81886
89506
70924
90155
65653
88480
74559
64900
58891
77940
83837
88344
78824
63895
87918
89532
75289
84781
61875
85085
90983
78892
73592
75588
84874
74175
78925
90776
62873
78829
90161
65061
62149
83318
75760
60507
76103
76541
79792
60058
88983
60780
82886
77485
77791
66453
60366
69012
84911
85781
87034
65414
88050
90238
59562
75062
65825
83637
65597
78422
83894
60824
85799
90457
79076
85988
90692
87166
83845
65622
70509
67594
77140
85521
76872
80340
72796
67648
76644
59911
90288
75004
89989
88356
62045
85872
85308
75590
75677
74043
70331
63658
87885
68373
81384
82798
65441
78006
84144
76441
83223
80884
77726
68188
89513
60203
87724
72088
80967
89825
77913
83103
69764
60074
88827
75071
61072
60746
75863
80893
78694
62490
82799
85662
63814
77229
59547
69612
77926
61362
91099
62646
77797
87068
84332
88601
86784
78209
72857
90366
63112
62144
88276
74468
60051
70119
69893
74720
76915
80468
71970
75233
64740
87578
60928
82233
75401
68262
85865
58969
67738
59554
82030
77020
80343
86809
90622
70600
88000
90588
89016
71440
87559
82725
83710
81501
90694
90235
86091
67853
77806
84693
66246
88956
82047
78338
61975
86403
64511
60232
79481
72255
77221
84812
61200
82196
80085
87857
81534
67569
72273
69892
62897
79573
68013
90968
90366
66706
85763
61485
60276
64721
73961
83735
68714
67414
73376
83612
78683
62597
80526
77021
75252
78629
76014
72569
66666
70501
75463
70318
59409
80668
77082
75713
86059
77653
91232
64160
86269
71435
60468
77511
80169
72497
84812
60256
74039
67574
72621
75438
72053
70470
83743
82091
59905
60564
59359
78064
71972
63959
74133
84950
76769
58834
67205
90843
87246
91033
89353
83015
66851
84817
88383
89615
70673
62519
73471
67577
61525
61412
73744
80129
69644
68303
76443
76795
70345
79379
80863
79739
84453
81522
60199
89330
72470
62618
65785
86809
61763
76456
69265
69523
77719
76523
72078
70606
88789
68586
77802
65834
60651
66984
63535
79965
67273
76838
70120
67606
62579
78634
88662
77536
79701
73535
59749
78921
68312
67581
88798
89412
71474
85898
79838
81869
83586
62305
70791
80331
61468
88658
79349
85818
85537
82890
87156
78729
61780
80981
85488
66113
75560
80737
89261
60136
67102
85573
75320
87077
70733
62594
79517
80421
80962
69960
80858
85052
66571
71228
71060
69072
80527
84856
68873
65139
69409
88275
84294
68943
83796
62563
86937
89031
67344
88641
81994
70491
89829
61836
85894
86732
70816
82609
72348
63105
88604
74473
74092
81962
58971
80131
85019
74147
74965
81763
79116
77595
61200
75595
85772
64629
66673
65881
80845
59886
78930
85841
59030
74753
61013
74525
79672
88712
77047
77586
61764
62243
61032
76661
70523
80605
77722
79166
84870
88845
73111
68123
86504
71035
61721
83384
82480
68548
75860
66622
82803
71168
70423
69146
70905
60577
91411
61695
86839
76190
82554
76334
67837
91346
64205
83445
90353
61343
91631
71797
68412
62422
71549
62377
76675
63963
89186
65188
90905
72196
79525
70170
84851
89411
84870
81442
62684
69893
63434
89402
81257
70233
65107
88204
70704
87125
66803
65904
64693
75189
86914
74801
59045
63942
67886
79892
77255
80003
80915
86166
87599
88573
79628
78838
88245
86272
84424
80627
70565
67827
89888
89559
78776
64256
85415
70324
76099
73333
71299
90350
64943
79978
67196
85497
73001
85669
60755
67428
59546
82362
89941
60951
74714
86646
79151
59097
70689
71294
81412
70677
90814
73780
87997
89309
71691
89562
90529
91439
82592
62458
81189
88951
73415
71429
86277
81750
86576
75834
82579
66978
69606
72137
88399
81326
80002
89657
82105
72651
84639
59143
72803
68878
79757
63120
74314
79956
61514
84272
77670
69764
81581
88492
68224
89108
81637
83149
84292
87503
68898
69710
68503
84693
64402
88313
65835
88547
91279
76812
60752
79828
60695
69601
72973
73064
84860
65486
66415
82501
91740
89931
61473
67899
90068
75858
70717
82380
90353
88332
84322
74476
80231
91305
85767
90885
75654
76687
61966
69950
89193
81592
86684
70653
69745
62037
80937
61610
80882
66488
82899
82103
84011
87664
73976
63453
85116
68790
62467
90024
76755
65288
61318
60469
75368
87827
71562
85563
78762
86486
68387
91720
79992
60677
68679
64845
60821
66475
80351
91741
68182
73236
77855
60850
67486
63722
66323
80113
69388
67486
83835
64686
60019
62985
73177
76595
67467
60756
62408
65661
91110
73749
61327
69512
62757
90554
80374
79053
90475
85291
72281
70152
72722
81579
71930
63294
80541
75007
72603
89343
71150
60883
77901
87017
68538
69977
64131
68973
62521
65843
63082
90582
73762
65171
67197
63366
62166
72609
65364
61315
60635
60445
75196
80691
80525
76101
86797
65380
72464
85241
78776
75919
78729
59421
87072
70750
74382
79935
61355
62571
59355
82041
79384
85579
62534
59801
64275
81099
62965
60800
66566
87673
79054
70088
59443
89447
70447
62890
79616
72747
67295
63262
88209
70698
73285
62275
89244
90391
91608
91650
76665
62902
82391
77038
85369
71142
69690
61807
81017
78302
75496
65056
62391
67255
66090
66421
78308
75819
79712
69537
74106
87964
65523
81335
88911
85079
61578
90127
63339
86299
77953
76267
73750
88789
83351
72794
88886
64686
83942
80477
64984
89415
70169
84041
65037
69955
82393
72300
71415
65287
72840
79603
62243
77757
76850
85771
86297
78239
75968
86855
87602
61298
65903
75586
66474
74064
72321
80005
66038
80555
70451
64683
79448
63887
75758
72387
87728
64295
66753
82933
61333
63875
72719
65385
69796
71320
87429
60772
70424
88201
76111
83380
77468
80677
64396
70991
86109
64176
84991
65335
59490
64486
69127
66720
74016
62781
81105
71765
79177
81259
65484
65880
88038
90920
62301
86216
90789
62005
59861
61192
81524
67997
80032
66590
80462
75579
91582
81753
83029
85116
84344
82487
80162
90214
63563
78469
81241
62169
67881
79816
87424
83221
68577
92124
77841
80765
82907
91867
87501
72859
64264
81473
78932
82275
65817
77645
79603
72380
76527
66730
90557
77884
91731
75598
74461
64563
79336
64163
85546
84204
76125
82916
63228
62255
75239
73930
72766
79370
70383
86377
88773
91090
81672
88404
72160
77924
69923
80904
91697
61616
88582
88200
61115
62329
88570
75844
88123
87894
85700
91455
88764
66045
73175
88945
89446
72896
61128
59755
66711
80472
84482
62521
91701
68066
69563
86668
88130
80679
88871
62233
69040
63520
75243
82492
62839
71610
81876
70369
69606
60886
61129
69284
77366
89236
84734
61751
86117
68305
76651
70404
70978
91118
79485
67348
61636
83155
60171
86064
72863
64052
79243
61766
63257
62483
91526
89358
82970
86663
71497
67820
66691
77755
91614
75545
88001
84793
63802
84990
72610
64105
83128
66272
81511
66132
68038
71106
63258
81582
62174
68743
88098
80404
88761
75608
61460
72594
70591
88133
60620
68968
82881
65583
62653
65806
75754
62181
76421
62581
87283
67213
69316
72848
83863
78406
78895
71955
88391
65547
63968
71035
60702
87514
81904
64334
59671
88598
84552
72100
85886
63275
83380
91622
68772
82544
74554
80342
85207
84561
81321
78543
61073
69549
64884
71246
91376
77437
61121
90034
73318
63927
64958
88896
82866
69234
85300
62058
90895
74314
88926
68945
89003
69894
59643
77192
73050
60792
87714
75291
69772
72101
60502
70864
80509
76326
81754
65708
61867
71886
76358
82361
79501
68237
68443
71175
66690
76948
81172
67569
77576
60602
64765
68001
73518
69919
79048
59863
66892
62223
88478
67045
86769
90409
87475
89343
69917
60608
77853
92337
91824
75393
91878
89777
90915
69206
77664
81879
90486
80523
69816
88170
71529
64048
68814
71069
74991
63166
84804
87129
79840
71933
64214
68925
71662
79140
89321
66020
77530
82498
77670
85862
90344
73950
92360
68129
84368
79066
64116
83641
77942
87710
68937
78941
84636
89970
60537
76876
72662
87338
70295
88728
68735
63753
68849
91178
67435
81376
76063
77319
78876
59766
73948
76242
74041
91436
79893
84881
62267
66017
65856
68788
60266
78612
80879
73811
88840
66888
65957
81079
87756
86957
79080
73244
81554
65788
91799
75445
60752
79779
75134
81905
75084
62754
60456
90365
68748
91317
73972
89738
85390
85299
89195
92112
77882
71222
59857
87250
81685
75900
79354
76260
85175
77197
73824
62571
60799
62110
90738
91365
80261
62134
65838
84521
60112
85007
64753
86511
76746
74943
78734
78482
76272
82583
75934
74261
82126
88652
75800
81509
86315
88532
63266
84701
71809
78355
67366
91919
72880
91063
89895
74434
65522
86881
77654
70455
86290
76037
82656
85425
76761
81555
82955
60211
81354
90583
67201
63884
66319
60830
84971
64913
85938
65050
79554
60074
63760
83079
89954
78736
78731
81423
81761
88148
63616
86507
91934
71076
67705
72396
78237
72010
89507
89977
60050
90101
74370
65209
72379
73788
65763
86643
61043
91872
89362
85524
60037
84049
86350
89137
90942
84852
64890
81774
59846
61860
65301
64158
74672
65527
75116
66603
82127
60866
79374
84152
66379
72799
87425
82182
69109
80941
92211
73492
60632
66265
65459
87691
68624
71388
75809
66648
69856
87109
76260
63899
84222
85689
70554
60864
74801
79032
73813
72683
60446
63521
85508
85914
77407
90105
79919
74886
68822
92008
68328
64970
92225
69124
74238
63558
71950
64851
75891
89158
76400
75658
85040
86623
84914
82843
88568
90010
60364
84591
87451
60629
78644
88432
90732
89445
86006
73291
69620
63744
83975
77812
89832
77019
83414
63722
70233
92175
70437
71356
74027
71489
79383
86732
89032
66434
91274
71763
72213
71796
82342
68517
66982
87470
72118
75447
87086
61282
69687
65246
67129
90685
62511
71641
65053
65167
77505
92178
66349
77484
65533
61985
66865
64658
65021
71570
78867
72396
68141
67816
81883
62614
78058
63201
87261
67905
75599
92412
75825
71385
88907
89401
75876
88070
84471
70944
75373
88368
69671
78852
68323
76006
92480
70281
60269
92033
69705
60260
70777
64004
79684
83298
88881
91207
67774
81580
84906
69205
92069
73033
67423
63762
90458
84196
92127
75297
67079
70096
80322
79620
72499
92489
74721
67461
89235
61181
69319
83797
81699
63435
73826
87796
92790
61898
73726
60368
89162
84365
87669
81841
92768
79013
81567
85844
71307
66920
72208
60502
92422
60401
81411
75349
83210
84072
76945
85841
60320
62084
85543
73560
73909
72269
89910
80738
75372
75303
91692
74618
66232
78348
83364
85022
82729
70681
81625
91881
78598
68172
63585
73327
79773
62860
89368
84329
83671
83433
91994
88338
76815
64550
76917
67280
69412
91252
80989
66839
61901
61057
76194
79754
71469
83633
85408
79460
68008
70827
72950
74007
78580
66328
73785
66611
80499
62631
91369
87688
73152
68181
64163
86415
79752
89835
86169
76038
75931
72648
67392
91611
87874
84704
68168
92235
63700
68101
67281
87371
88452
66406
70108
62247
87677
85845
70399
80233
81457
74573
83806
71676
68333
62003
61654
80273
76721
90588
66939
83266
85824
80336
62277
90997
91507
77645
84998
68100
84690
78479
60831
86939
86629
74063
64116
91745
74184
66186
79389
77274
70526
77699
72287
60428
70535
69131
79962
91616
76341
81920
80387
77516
76091
60436
71637
87983
77575
66511
87748
66812
62546
76504
90739
77851
71669
74608
87974
71692
89342
91199
86778
75086
69379
80723
71636
83199
65718
74342
74647
65348
88250
75871
65818
85227
73909
70684
61529
61519
84647
74863
79466
87420
73850
69990
76211
81300
86490
78544
85595
80242
70726
61436
71422
79756
67943
89284
73125
76062
90017
75722
92405
66181
90345
81410
70054
72424
91094
83825
89143
77598
86778
90420
72416
68556
81522
80067
60361
74446
76732
60535
75641
69593
71625
87370
70545
86110
89939
73183
77242
78513
65905
84674
74460
82026
61545
71664
83601
75788
91333
85914
73433
92644
91817
65062
88079
85044
65891
75639
79131
88721
87364
90478
85994
62602
64430
63408
81435
77706
61807
64682
60923
69632
64333
60371
85940
89532
80098
82225
73409
71580
88491
76319
90021
84585
75867
78669
91613
85756
90229
71688
62995
78757
66073
71356
88212
87245
71710
61111
61444
92377
74850
92975
75857
66386
75358
73607
86501
86851
61438
80078
81184
73955
81071
67721
76293
85620
81593
76978
90163
90219
71375
63744
66327
86225
92644
66921
63073
78313
67905
67046
91828
91155
90325
85878
84642
90864
73676
77413
61399
60871
85859
61902
92308
69416
84986
86111
60768
83919
87146
68188
67322
90314
74650
60646
70801
75999
84045
72318
66103
74024
77630
81093
82836
89344
70511
66437
91863
71971
84158
70901
87026
85520
70841
86841
68615
82354
68019
72489
64797
89152
71704
90195
81432
83042
84477
84547
83688
67221
89339
79618
63744
84944
77374
83676
68618
90984
77017
87398
78553
74801
83548
66496
68767
92390
65961
79896
79456
76746
80899
79471
69798
66960
81000
79520
68983
70520
69921
72606
72324
67772
93079
77821
64419
61226
61032
68532
76159
88850
74170
67361
67726
71266
66000
89933
68676
67344
89051
61298
72327
87224
60690
74682
82786
70023
63492
67914
73981
92759
82989
73599
62413
74267
80840
85623
85768
89214
72677
75476
92508
64455
92859
85692
91616
71168
75839
81956
76107
83287
60662
80975
69476
88004
92935
71825
70841
74220
66964
84057
84116
63814
62026
84079
72491
72060
71991
85881
89111
63764
75484
92100
64775
86351
66692
87617
60598
89425
76500
62158
73242
70787
66210
87479
69599
91190
83979
65149
92179
76937
74687
88022
63523
66700
61088
81140
81158
68005
86924
91146
77752
81459
82806
86541
63978
80754
61372
80824
90872
80543
81588
63442
67867
80220
61064
91827
80608
81237
88645
62213
66776
64292
70958
69576
83857
91250
86102
87960
92614
90463
81518
78131
64211
80164
92635
73014
88427
60919
78092
69927
78477
69680
89354
66488
93364
85161
67152
69194
86863
80490
80862
83889
71280
76678
73865
80951
62152
66880
62101
75491
71123
90994
78213
86011
70224
68400
87602
79047
63732
61608
86299
89240
92511
87116
82684
65289
77647
80692
74658
89989
81940
83645
84733
66057
76868
77687
69751
73003
88495
91966
62596
60764
72085
75430
67706
85354
61207
92573
67748
79945
72172
73547
89233
71698
80213
69949
61874
67148
72531
83395
74789
90475
68631
90518
76235
88982
80314
85182
78752
91821
65582
73395
80204
74123
78197
71107
74485
76424
77328
73139
83288
64322
90555
76201
91160
78238
63575
91466
77397
92681
89896
65823
92545
69380
91712
73277
81519
82399
71227
72997
89261
82116
69165
87017
92180
60920
64985
61328
91293
89182
69668
66748
70775
66877
88521
70538
64598
68418
73805
66234
66061
77513
68918
87568
88415
87896
74104
74745
78610
87660
64816
69234
90694
83833
85908
82726
93189
78124
66346
83670
79131
84979
64057
69630
82472
70079
61310
79030
81395
64265
85791
77782
80385
68883
72677
65885
89447
73072
79013
77332
62940
61126
69119
90734
73490
68307
78923
81075
62535
64942
76241
66141
65559
87631
62776
83139
89748
69714
62530
80116
83352
84728
83638
83686
91994
61807
91549
70608
90944
79955
80560
68564
80116
70772
85010
77537
61882
69338
86075
74968
62465
72198
81460
89325
79159
85115
77322
80977
81378
74877
73085
73742
78829
80153
93432
79410
89919
64613
75974
61999
89235
62217
62082
73858
62083
66814
73423
89491
81125
84886
88906
62428
74331
65725
61629
91470
84006
62334
62870
74736
63547
75209
66711
81354
77209
63347
84942
65537
80601
66174
67528
87363
81671
68763
81666
90981
89264
78317
86432
76875
91964
77072
78177
79369
64126
90202
87507
65095
77962
66656
82115
81130
92615
73660
75512
80369
88901
76814
69921
80540
87888
68673
67851
84436
66629
79888
75543
90055
62884
82120
70636
77011
88935
70479
86633
68517
80786
72549
91613
89762
92684
76842
75899
89221
78509
86496
91656
69706
92568
61683
69335
69708
87499
87606
71415
77994
76276
72816
87467
79086
65414
68375
63770
83185
67597
86619
90696
76025
92351
84071
64837
69925
62547
68579
92581
93195
79638
77757
67375
69791
67899
87081
80602
81751
72562
86246
65525
81548
78269
87235
72101
71204
65663
73315
63636
77422
90070
78397
76008
87629
84267
78310
89202
62617
86792
80019
91432
92354
73513
90330
78806
89782
61141
87992
77584
72197
86383
73944
63083
64579
74056
61458
91629
84655
82615
80947
93633
63249
88428
61180
70191
61417
92161
87661
75724
80837
69074
80707
73710
91123
87823
82111
63843
62040
86799
61865
76131
67232
91367
73365
69826
83608
66108
61797
86378
77271
87125
88591
71689
65700
61300
80032
77319
91668
70759
92289
92091
93555
77914
69881
82654
66277
69359
89844
84288
71501
62097
68611
68537
65390
67333
87715
84323
85585
90689
85954
71430
77542
67458
74111
72404
65773
73881
78642
77911
81175
90501
85676
67751
91241
84551
76480
72416
65250
80626
65282
63699
93533
69122
66766
89084
70329
77038
67980
65205
71734
86785
63027
71080
86306
62053
61452
64906
65974
61313
63161
61703
68923
75397
74613
88824
85872
61250
93597
71900
75056
70464
71792
82310
92240
92682
77331
82963
90823
69581
76759
62239
64785
92705
82879
86073
76757
61223
87869
76691
90309
90836
69437
93182
66245
65164
79204
70422
78160
79603
78490
86458
87832
70656
87750
82112
85997
85843
85464
70118
75232
77000
91661
85259
76200
82252
68462
93599
92741
72687
72859
62552
85987
66875
64710
82214
89600
84164
67330
84330
90321
81153
83646
65123
68066
64858
72076
63464
81918
68226
73256
79709
75342
83207
70837
71392
73412
63016
70729
80067
84923
88806
80300
68415
87255
91486
78685
78950
62259
75861
85718
64090
67771
74005
92945
64445
83670
86904
62539
85096
75849
93250
85256
84576
82520
89523
84055
81669
78125
76381
72023
73869
74622
86580
89082
67505
84331
71140
72457
77222
76453
66663
63337
67151
75733
67286
87196
84657
76604
89727
77450
67495
85142
84281
64642
66775
93253
81908
83324
71652
68011
66452
84385
79846
88280
93184
91405
91415
88933
77173
69587
80078
65695
67617
73537
78258
69865
71149
76902
69671
92251
76442
82898
87821
83119
64015
82589
83114
76382
63729
66731
88036
75014
76661
84013
79284
91919
87666
92779
66263
68750
83643
90562
67015
66921
74411
71912
74985
92861
64001
69496
70920
82812
67566
91050
84994
64603
88941
76129
68545
71403
88531
78444
72045
87045
85927
76805
62688
89452
66483
79262
74843
78510
65627
87262
92279
89419
67374
92902
93278
77849
90811
69336
83514
71143
68262
61850
89070
78689
85499
77527
65541
90164
63425
77639
88807
80754
74195
65585
62547
89911
76267
82990
61705
63373
64768
74031
88263
82061
77010
85953
63607
77767
66499
77712
79015
85220
68328
66858
90169
64906
79456
83206
93020
84096
76772
69573
65211
87059
87968
82871
87796
74680
82753
83873
62539
88306
90960
62142
62112
64374
85694
79363
73118
68750
70848
92839
70966
92603
74973
92643
71243
82590
64836
86519
80815
75288
70500
72813
84815
92849
76471
92577
91050
63030
69086
75137
73096
75942
89587
92562
62952
93776
93211
81972
70714
81205
86362
77094
82126
65971
80044
73548
73613
81509
69457
77744
66279
90949
69480
86472
92940
73747
88255
88311
66911
79355
68586
63317
81959
68722
72594
72115
83592
68961
83984
83162
63667
68741
63802
88084
78937
81429
92797
88302
65893
65702
89389
76859
63210
65101
83224
90204
93274
92419
74593
93375
84730
87629
66444
68262
70546
65052
85717
68394
93289
90353
92614
85631
84848
72006
86024
82041
69822
89130
74362
65103
75068
93483
88960
68000
61858
67960
73118
76979
82338
69191
86085
62467
92002
89717
65260
90363
78640
84844
77411
80382
70514
66890
72804
72618
61659
87616
73068
77662
72421
77111
68808
76537
88187
80826
66291
64997
61685
76560
83487
85845
82250
76968
76050
78282
78209
92603
85043
77788
73321
71212
62693
71223
68490
76467
93971
73444
78171
68154
77068
90570
80822
71303
72082
77428
85128
63516
86061
78612
71373
73051
77766
70856
75196
79086
64368
89373
74814
75622
64905
90322
80037
87074
90370
66526
84123
71027
79099
65203
80216
86013
85651
67781
65561
69985
64766
68678
71373
66073
82904
83764
76049
77475
69560
64918
68958
93153
71945
73987
89729
88768
92437
69987
84300
85784
79203
88826
90764
73171
66883
71074
71995
71250
87463
84311
71926
76556
77620
64505
78001
68984
90777
85070
70057
82222
89888
81479
64154
92745
87938
72836
74546
88847
76032
70425
64454
74964
80047
92051
70981
77851
80660
62006
83306
73727
72176
81033
88885
66769
93277
92437
63387
74243
79130
84073
89725
84804
88868
81761
86999
72941
69766
90792
88378
70556
72561
93052
89980
83742
79247
92593
82094
85139
62869
87801
71246
66508
63256
94050
81854
87032
79009
62240
77045
72576
83971
79245
82293
87855
66796
73070
91004
83094
74171
64120
68479
66479
90769
87059
92116
64448
64171
71005
92335
67458
71663
80498
84047
76931
85188
90859
91001
90569
85031
93604
63014
76216
76796
65987
69753
66358
74145
76021
88051
62988
93385
89851
92394
81551
91272
80486
93239
89217
88746
70302
79152
67890
84297
83753
64470
88298
65183
68650
67407
68491
80664
90152
89238
86131
62891
69393
83313
65952
80491
91775
82851
72215
87897
65337
83043
93062
84861
81917
75790
87848
76853
64893
61977
69097
62668
88999
79177
72651
62542
87081
69670
82568
85403
67125
85421
92025
81339
78721
65093
71862
72817
69267
72948
93567
84755
81467
70867
83418
66968
80481
80575
77182
84467
91648
69458
91632
84384
68211
89361
89068
72060
71664
67303
68614
70617
85842
72403
72337
73938
80155
64733
74432
88284
69049
81486
65803
79262
62216
62752
72916
83203
78617
75700
62795
70285
86066
73923
62863
80620
72213
81815
87062
89551
75909
71803
65870
90618
89863
63856
92548
81816
89574
75553
69126
83155
66681
91673
80260
67747
92328
74804
86972
65507
92077
87635
71767
92330
78872
89684
79117
65496
66838
68930
70416
79087
84722
71112
85928
86053
68828
66284
75802
81591
87018
67322
89295
63871
83804
79549
85938
80329
89636
66805
90586
94307
84390
70150
87145
78579
64956
74734
78004
70541
63997
88697
64420
71301
79935
62392
79964
80514
91226
79023
65051
83668
82223
84558
75108
87048
89833
79523
86109
82617
67203
73293
86646
70825
65163
68148
80714
89104
68901
94583
67786
79155
88914
73638
83096
65081
73074
84786
69809
82234
75016
94241
91983
66714
81854
82694
70158
62869
67497
86065
72781
74010
67789
72483
83159
77533
90084
86597
78531
86696
79451
92889
94616
92145
81822
80176
63669
93106
72597
88349
82416
84085
82542
64171
78718
75950
89502
91915
90387
82766
78370
86480
92233
87701
65547
84575
93254
83240
64313
90528
62617
67939
82279
88058
78694
62192
94568
92031
63171
90777
83887
65123
84321
63578
91157
64947
67183
92091
72919
86083
91323
91741
66270
93673
81179
92370
64324
73448
69643
74161
70163
70575
69271
63210
92752
74948
76412
90456
94008
85755
94602
92821
76489
81899
79948
81170
91524
67234
88043
64103
62322
81048
66384
84967
86629
80610
63369
90488
64896
77736
68462
86690
72185
75737
90756
71141
90398
90397
83745
66128
93078
63500
94161
69455
82410
83613
78841
83653
87620
67297
62394
73050
84854
69105
79640
75031
77117
78629
84060
85552
64967
79750
85430
76320
81012
82310
75303
91387
84442
82159
69022
92416
85259
85786
85090
90222
65050
89953
62895
67994
63963
86998
63908
69949
66283
84534
69213
91922
87024
79128
78940
82081
91938
71018
88621
81493
87819
92190
90953
91861
81034
72737
71228
93329
77342
74893
79363
94619
83041
64287
84664
81337
83923
75499
89457
72376
93145
72526
76645
84739
80646
66341
70736
85620
71832
85052
83993
92521
64326
67338
63410
74267
83257
93851
68929
75819
89432
77005
77693
88702
93640
77503
70746
89931
93107
73095
91880
66162
85065
85795
83064
85520
68357
82866
70914
69968
91442
66277
82627
84356
93869
93616
70954
74100
91116
88133
78581
64245
89407
65602
69528
79550
83798
78633
83934
77432
83204
80146
78290
70932
89666
87964
74720
78177
73847
65833
79672
75486
70647
66635
67955
82125
76489
85881
82297
62344
68781
72967
88994
67608
91229
72533
65819
75268
70164
91462
93836
77671
91981
89843
77303
74565
85965
84641
75748
64031
68579
76273
85947
78021
90095
81751
94065
62828
89377
82893
87654
76544
75651
74953
94094
79548
89402
89708
66256
84983
66313
83452
75179
76353
72214
88212
73503
65966
82673
90650
82635
94578
70098
69746
67411
87214
63522
83697
89092
86410
91965
83477
65979
89732
69751
64371
92930
78344
91741
69104
92029
86080
82749
64052
73349
76589
88296
86876
72978
67831
85430
64495
64222
74881
76491
92948
88775
80961
65433
86530
84597
66383
89766
79287
83262
75963
71567
86253
89670
92452
86606
86602
87531
89734
94136
84695
73312
66132
86857
90291
70551
71111
64036
72201
92773
91253
66390
87103
72417
70949
68955
80752
84493
64738
68835
87581
63160
75854
65750
63775
93602
69433
75669
79840
84194
75378
72067
74955
65157
82909
93380
62977
82552
67782
83524
90702
81832
83573
64507
84571
93287
69891
76912
66085
65042
62572
94076
85677
81904
65508
66641
93170
86366
72559
73914
77596
69417
89004
83365
71930
76860
83953
81118
93358
81275
83613
74781
73383
81134
74666
76099
77776
84002
91522
89057
84231
73164
91156
79866
76497
73392
87590
85514
83276
87489
84205
76870
68709
84874
79323
93478
89162
75980
76472
69409
66083
93289
79860
63927
81149
80000
71996
86965
84742
64218
85067
69301
87808
62597
68099
84964
88560
91326
87484
65032
83222
88853
71388
93377
67618
62667
94375
64782
83877
67967
85081
90900
88006
68361
84338
74011
85814
72871
67666
63450
83558
75095
66309
76788
71415
90499
92256
83138
77682
79843
77133
75859
85817
87456
84067
80049
81597
87477
84922
87654
88050
63387
86269
93247
94976
76069
93120
92240
68412
92073
71188
83512
77910
80992
84825
69287
71635
88079
83284
94237
90814
70119
69506
87284
93083
85418
91307
72352
77981
68880
68281
85558
77337
77929
73931
70187
81209
76419
70534
69982
84725
76750
76715
74585
64319
67774
92911
67028
68734
89969
76551
85883
69438
82066
78594
65522
83494
89981
79579
86293
82474
69028
62799
77188
69378
66865
92140
94303
66522
83693
80235
86606
68683
69472
63039
75717
64906
75578
76654
87174
84959
70385
92064
71783
78937
91564
86645
72021
77505
80736
85532
85657
80844
73272
87842
78170
91028
88891
71303
87651
63561
68137
88599
87335
94500
85157
91895
73730
94621
67737
88703
78274
86238
74199
68935
78950
79223
63228
76933
66854
72019
75162
64918
80307
84459
88470
65498
68287
80057
76750
90309
83904
77808
87039
63027
79857
81770
78311
78588
68762
62946
94630
84425
84114
80483
85866
94758
82178
88576
81483
66520
72555
73158
63092
89200
93419
64751
77444
82720
89788
81752
66612
81614
64509
74806
88121
70247
68789
90372
74092
86902
74261
68800
64296
85749
79869
84822
94963
77922
69570
85341
88417
73494
75823
63489
72246
83411
63177
84288
90059
63644
83543
85082
66995
93385
89762
78466
73373
79706
88442
91098
70012
66956
84217
72862
70118
82858
70412
92831
63418
75302
75310
73460
80390
84200
93047
67564
69928
88294
72150
67399
66611
64501
85659
88229
91540
92894
69432
72766
66293
94645
71752
63956
68705
84582
73168
94182
63145
66961
90309
74535
89351
62872
81359
82478
75266
86006
72013
86383
94097
63698
85145
95082
67203
77011
63629
65826
93470
64823
90438
67281
79111
86559
79655
63706
77922
91949
94497
79103
81465
63057
72754
74708
79394
66784
82988
69235
79644
67303
88504
64626
89531
85182
80282
77330
75141
93920
80183
67257
63899
76793
89172
64419
80028
93505
71712
88788
77766
91401
83829
65105
86366
64403
78939
81807
76370
65063
88782
81708
88862
83043
84161
87261
71660
81875
81762
80808
95231
76226
63904
85587
64593
82767
80874
92188
91515
89027
69946
81322
86230
69921
88403
82500
93408
65279
68679
93505
95457
85909
87867
95167
86990
90900
63086
84632
93805
65849
94328
66706
88250
84257
71376
90326
64138
86879
94097
73124
92014
80460
93310
90948
93658
64670
70467
88896
74118
93756
64254
83920
91413
76625
82685
77718
79605
82335
91849
94603
83334
66583
70500
87354
69246
81062
90576
92972
69004
77905
72400
86435
81467
76164
92147
78219
95514
64679
71117
67501
87066
80627
84872
69158
89655
67460
88988
88599
93786
82607
70106
65951
71038
65429
74415
89606
74770
63480
73639
81467
90783
94798
70960
73089
81323
85524
79265
78437
92381
76389
79226
92659
81250
88779
81133
74537
87950
73301
70302
81580
79815
85226
91048
87738
92831
93916
85216
78688
64576
94912
67933
85741
80653
95614
92728
65190
68998
86180
64400
70587
89964
90880
64209
67706
92710
83821
66102
69059
89188
93677
69005
68796
75010
84728
80955
94405
91439
69908
95359
85423
85454
75942
84987
79400
93212
88584
88432
87674
76180
89563
86985
75638
66320
83871
74331
85418
80688
65153
82539
63707
68607
79987
75248
87983
72660
76674
94107
95145
80247
92516
77845
67930
74629
72017
67720
78038
89878
66581
87648
92774
90524
75362
85075
91004
70159
81258
72862
67564
91463
65965
71826
78680
72105
66576
92496
71404
87557
90416
83409
75596
77759
81653
84521
75467
89133
84074
87052
73694
69953
72652
67729
91088
88424
89825
91958
90551
89777
93578
69156
92582
94514
87708
70581
77860
85160
72428
71988
75229
90461
90793
64228
63384
74831
72943
82243
84585
76430
81304
79759
67624
70630
68950
84874
86049
67774
81919
72315
90125
85824
83239
85877
67906
80826
67316
79579
67110
65604
68398
76580
82921
73636
76438
81628
95348
67438
86649
83947
64668
71024
66692
77850
70300
68684
67802
77523
73922
80743
67172
86056
82024
89602
95592
93464
90406
95655
73822
63757
94278
74695
75519
84136
70776
83617
79774
79297
86471
89445
94907
83114
76236
63386
77014
77492
68642
78781
66177
95733
76570
69931
94905
91720
67759
72001
95094
75668
85948
74689
78977
83282
85356
80503
66694
85833
73458
90141
68714
63388
92027
81533
87262
86535
74337
65493
84533
71782
91554
87935
78450
71799
75920
64977
84390
77536
90826
74563
63609
95092
71530
73423
88326
64178
73856
88990
65004
86158
85696
84448
77729
69749
78199
87804
70666
81547
72388
78057
95305
83511
78852
88283
70871
82401
79502
84259
86994
94202
72865
78416
65944
63805
89754
70555
75668
93237
69738
78466
78168
70144
95048
79282
76780
65618
85923
91946
69478
68797
76635
90526
83643
66863
77872
77081
92629
86460
87675
69351
89574
91037
75804
69810
86011
71033
77747
66283
81364
90340
92179
65132
65779
68902
81907
76123
69619
80701
67047
82769
92699
95013
86159
81083
90419
71254
79630
89473
79254
88975
93630
81638
80009
79826
72483
72880
92363
88239
63773
82312
81262
70598
71265
70307
70372
94088
85033
65186
93789
76093
80939
86967
68433
89163
92872
82186
91992
77493
84359
67419
81986
75490
83393
72936
79972
69280
77726
84113
70960
67432
68928
63546
85001
78820
77373
87665
86357
72366
70483
90960
89555
75355
65111
70821
73262
91832
81519
82257
65747
63315
68737
89070
71168
77629
68587
82101
79390
65039
82805
72350
90705
72235
74371
74696
70477
91204
91792
83228
92779
74785
95447
88366
63740
66205
64595
71267
70109
91379
95210
91225
88396
68920
84198
73859
67321
74793
86436
71188
69216
69671
88208
77087
74071
81280
86865
70908
82147
80880
72256
93677
86096
87400
78879
79361
89729
66061
68104
64825
72068
89476
71587
74986
73833
65901
93084
77410
75605
92461
68692
89294
74194
82673
70871
77404
92009
86512
73231
94364
67187
83440
84023
95276
80172
76811
63633
74644
78089
89267
73564
65903
76876
68340
72193
86476
68053
88313
66957
94931
85819
71122
71011
75948
87323
67700
82483
90268
69040
93185
91430
77681
72100
65866
70491
69409
73510
88467
85399
73646
71485
81558
88120
94028
66908
89034
85867
69062
85302
68836
84895
93982
72403
95646
76346
90484
69860
83640
85642
72232
78164
87101
93950
73283
78879
90376
82582
68115
82023
82822
74392
64534
80837
83902
95365
75546
74717
94862
94283
85921
75317
68151
71356
80010
92743
67612
93247
82670
82388
88006
84933
83273
78716
67372
91647
89562
70540
85041
82127
83020
73495
66415
84732
89749
85320
68659
88105
72991
84726
75208
71944
90661
87161
78329
91083
63585
90556
65745
90331
89316
88212
68005
94157
90181
80208
79189
88210
90877
63890
73166
72941
78098
65885
91859
65066
82163
65134
70654
68366
88483
66000
65537
84490
91162
72619
88370
86963
93161
92509
83783
94583
70428
84427
73309
70792
64868
76793
82752
80157
95862
76761
74982
68058
87982
94561
94012
87948
94456
67040
88870
80154
63728
70546
81856
92089
84040
82802
84203
76638
91242
77135
96005
93049
73055
69154
84983
79840
82672
80031
84341
89609
79115
95242
74881
89725
86888
81228
86577
87689
69739
73286
86451
78391
76621
69477
87950
80509
87415
71543
81450
86963
83758
73149
90003
65610
67445
74305
81018
64444
92975
86121
70781
65983
69509
73677
86952
71102
86919
96070
63803
89737
70934
67143
89005
92748
79105
84081
93682
93886
75374
92001
92666
88474
68988
93901
66682
83283
78118
67279
69102
75268
83051
75904
74975
82597
84651
65737
89441
85637
72533
95606
66017
79604
84159
65676
86301
63808
93781
87517
89460
70884
76278
67289
94560
93691
83099
71847
73025
78843
85562
82037
86620
73887
78058
80396
77603
74533
65351
93351
90295
84922
66072
86533
81323
68403
84271
86973
65035
72445
82833
70354
79004
74071
74455
85383
93542
91582
69076
87924
71024
76201
91768
88026
69579
63863
75508
82484
72657
68006
72223
81166
94383
95301
95001
92954
78369
92844
67630
84609
74365
77674
79101
73335
79347
93311
75737
71442
92947
80332
73327
76636
68751
92103
87465
88487
81987
90739
78035
82464
67442
82064
89085
85927
70739
86798
93600
90846
71884
84168
84868
78720
94845
80495
87776
89077
88064
78532
74692
82723
93039
67339
81844
88198
87591
70588
84885
87683
86476
78203
93390
65273
82574
95818
88487
67098
83626
71422
66804
73593
89907
64751
77048
90467
71186
91124
86404
94835
83276
70799
87391
79201
91011
69220
85738
91931
63936
79600
84996
90903
75375
90231
68908
66023
86443
81214
64485
83470
95932
70395
90207
84754
75486
82570
72275
76498
76100
96225
90415
85274
89181
71238
85875
87413
80982
79040
81243
74562
78560
81611
77502
71690
70707
68943
88118
71697
93523
68563
65409
96555
67474
81390
80679
86993
83286
80127
87389
92788
80924
91678
87594
72465
77757
73811
96456
69382
86768
66309
69709
72996
94481
64693
73611
70149
91425
63980
75828
86688
66061
81009
95554
68890
86067
78528
91285
93152
82978
91064
95198
65266
86689
82580
70845
85890
67060
65308
68646
86461
96346
75292
90377
76009
88026
75286
73266
94640
87871
68660
93038
67259
77922
68992
82415
95107
72615
77911
81905
67940
90314
76315
90014
84724
91356
83241
70959
74130
88456
90891
71765
69954
94619
93934
89303
89784
81604
87126
65148
89010
72855
85520
74795
85387
85208
74089
73297
74253
76023
72093
83075
91784
68823
87954
87653
79136
89811
84422
91082
68715
88323
90246
65564
83260
96187
86626
83199
72377
78165
66781
92209
96436
88881
93545
92340
66616
90105
65170
71472
70241
76586
95609
64915
65905
93648
72580
92666
75809
73873
86100
73940
85813
91884
94199
64068
92499
79811
92511
93896
64789
93975
71955
87833
95581
77076
80933
90962
84969
75341
69476
68947
82471
84296
93906
68200
72778
89405
67929
65574
70301
65051
64697
65686
93463
72140
93637
70038
64816
86714
94415
82811
92660
93074
87649
72443
66134
73800
77870
86603
68038
69723
74311
79236
78598
73306
87186
73291
81209
92327
71801
86705
91965
81787
71391
84824
77114
80938
72280
74968
66683
89512
84377
82016
67965
85580
91693
87969
87110
79573
90986
67559
91896
82603
92580
71817
92838
80231
72096
65668
77414
86420
74827
94051
72872
73911
68268
89442
72390
85134
72216
91858
67292
90518
96421
95935
83929
94927
87521
66769
74710
91843
70595
92784
86183
71109
64481
70443
94896
73079
87268
68699
65018
69007
93241
79875
77191
86490
92170
75515
66786
64897
95597
89678
69625
88971
75483
68576
87343
92323
71395
93780
77230
72219
74527
95276
96250
71218
86888
87602
88268
82322
82246
78103
65053
83485
70570
90715
71809
95977
90848
76908
65206
79241
71871
91666
77693
81039
74019
80138
75176
95054
65181
78834
78453
77541
71528
78693
86554
66681
85663
91750
77473
69825
81326
94722
83190
88264
74247
96305
90175
75758
86806
67070
89963
69424
87158
77031
96526
92586
88165
84871
94572
68186
83573
84338
95955
96039
72325
84577
71727
87330
77808
72847
68056
92683
85252
91746
76974
87831
66230
87886
68456
94448
78995
90103
82473
88318
89338
79253
66644
80869
90505
74909
79010
88399
68565
95902
82802
80107
96862
94056
83808
78006
73154
75124
66584
73849
71216
80256
86893
67218
66848
78202
74917
86520
75585
96927
67095
71034
84659
87780
93433
65607
95607
80277
77683
81843
86052
87868
91383
77368
75995
93380
73941
95163
74364
66014
80650
64273
91162
76452
72537
90306
89261
68732
80542
81677
93959
76352
85598
64300
72202
80796
86690
96217
94487
70583
91654
86288
96457
88853
76813
66839
80868
73916
76215
77500
76936
67221
86102
79070
75179
68886
76445
70446
73926
82462
90106
73783
95181
87840
66086
95388
76645
90756
88314
87969
87378
86090
73860
87277
85806
83441
93530
89999
93537
64919
76590
75326
69197
89185
92579
64741
93641
83997
93023
65375
85201
65574
76641
86398
82299
64904
85141
73811
82733
73317
75686
84137
83726
73880
92948
83667
65722
77719
65926
86952
72506
67998
78433
86731
65075
65546
77977
95792
95069
87811
68552
80603
81975
84061
79741
74475
67578
77248
72918
86232
68043
71175
92753
92153
69428
84455
71135
87625
73429
66513
83258
93034
83799
89881
69753
90346
71330
82519
86754
79814
69968
84238
65023
69420
81505
94347
74484
88197
72496
68624
75279
68787
68517
82994
86177
83607
72365
75136
79116
91863
73447
66149
71966
74974
71585
76880
88733
78116
87554
83985
66083
85167
83592
82311
96300
96730
93878
74360
69742
76373
94982
86208
89961
69229
80165
96174
69182
92557
96863
73899
73924
69637
88664
81692
90585
94731
87550
78730
92662
88063
73403
68096
95239
78836
79343
96181
95353
76907
89245
89067
75412
83041
76645
83991
66571
83085
91826
86850
88785
84451
90932
81071
95535
73052
69265
74174
67604
80121
94295
84752
89004
73222
79670
87276
90675
90268
75372
79586
78092
68713
96128
93870
69645
83635
66611
86623
70430
86427
85172
85432
94722
87199
77331
69334
70260
69219
89336
91667
96374
86961
96405
89387
69862
65470
84441
84381
68178
80303
66278
89684
77837
78683
70342
65671
97154
83283
90457
91102
85961
68640
67474
78294
70520
92875
88035
82022
72892
71331
84726
72675
74664
69690
74910
92193
77516
77233
91405
89307
77322
72245
88647
90452
79781
93898
91607
68415
72603
84039
84672
66780
82229
65186
71606
73317
66268
90478
65934
69288
64558
73122
82420
75509
65105
77980
85596
65082
73351
68710
97083
87917
70403
86327
89974
83754
86524
81981
68634
89246
75519
84889
93263
86435
78473
92076
90503
67116
67541
65937
94203
84708
89331
81642
69464
81682
65818
92896
95157
83392
68927
78949
90825
87580
66278
74172
92507
76574
85305
89404
66809
71275
88151
81745
71149
96890
78574
80323
77165
77813
93708
67643
68626
88674
77618
84483
91276
94210
75947
92429
79507
96505
93211
94775
87584
84400
84827
82637
94942
81016
80772
77647
78811
77424
93770
67445
80772
82856
71052
72561
75728
79494
66856
75380
90811
79465
75540
82547
87798
72077
95659
84267
89309
91695
94276
83555
95145
95985
81417
89969
72423
81535
94983
87039
90153
93811
76673
97295
95483
66934
94602
91965
90392
67752
73939
65860
74974
93251
81089
90052
90112
94075
93378
73027
86139
94120
70370
91505
81355
95910
77977
71344
74846
67708
69095
72915
79177
95293
87715
92454
65082
76844
74257
76719
85421
92451
71858
78260
75619
73014
76896
68990
89360
96659
71322
93020
73557
68524
69916
79850
72429
79257
97458
97170
95787
66999
92751
69460
82596
78230
80473
69315
79657
79890
83528
76624
83448
93887
84079
83147
90930
65163
95769
92967
69520
70558
65496
77182
97106
83077
93210
88660
87417
95376
65533
70944
72502
79224
76389
91401
97186
93253
75083
73965
74671
81263
82264
89255
67167
66628
69554
80786
95540
88457
89622
85065
72935
93540
80167
86449
80477
79994
92421
73018
72662
84052
72738
89697
82536
76551
78929
68474
79788
81428
92704
83884
93111
91277
80488
92733
77643
92281
86562
68367
73295
68474
93308
79979
69245
68269
87853
80382
87643
72146
69893
66849
65644
72109
79560
83550
81575
69035
78396
74799
78376
70857
89985
73480
88870
92594
72865
78488
83237
77351
96104
72781
82796
66980
93558
92950
86458
82753
94866
81004
93493
77526
78145
84627
96675
75106
80279
77853
67292
71854
70222
66737
68223
78381
90133
79626
90597
72999
71466
84034
77907
80918
92971
85073
93556
85329
94506
86993
79878
82663
75775
74500
82131
86478
88802
88599
90595
97341
70201
94888
79344
72534
67246
79495
82970
76808
84613
70585
70620
90932
73004
94659
81215
85262
72980
93221
84301
97223
84928
71204
95945
67945
71708
76748
79645
94466
90895
87094
96148
66308
78419
88327
68297
96492
66949
96057
83552
93218
65912
77086
76019
78880
91599
76193
72783
94167
65739
82128
75745
81486
71009
67991
75627
92813
92048
67790
88571
69305
90865
68983
89374
94848
69520
74304
92241
75960
84218
79952
89272
77890
93079
94015
97555
72757
93242
73318
90605
67384
69111
66394
65046
87600
76341
80307
83796
69148
81667
90130
87894
82236
79792
69218
71913
87929
74645
65885
87407
79361
85814
73554
79500
68146
95114
80422
69666
80825
94102
78490
67200
84475
81985
90315
91350
71860
76387
91647
79852
94173
84767
84894
65812
78548
66163
70527
71006
70327
93197
73061
97546
81936
88672
67018
91971
90040
67576
90587
67082
83701
94986
97475
91760
82662
71504
96812
71944
93985
96787
66051
81564
90010
81034
88444
85279
74183
75874
68951
73955
88321
92830
69985
77324
96814
94369
96573
91717
92829
72585
77412
75441
67121
81343
83819
82468
86210
71372
91269
97172
87744
82287
79176
66762
65817
83948
68532
87389
90205
86694
73841
93665
78625
74992
93272
88924
76705
89121
80693
69369
80041
74982
89035
89601
87477
88797
69913
81414
75351
83551
75996
69986
90329
93341
88917
71648
85027
75246
88140
87992
87264
93799
75093
70337
97757
74925
78162
72674
77745
76551
82233
73929
76707
73399
72216
80864
75208
72075
68694
90749
84588
78255
83003
66394
78515
76741
66482
92484
68736
70455
76110
79383
96662
77004
75916
68073
92670
96122
87896
76422
95656
77692
79058
81693
96597
67492
68945
95288
96947
68849
73640
72689
71626
92260
75689
73315
66968
94992
94696
85600
90616
86129
89282
95842
89289
66302
92829
78275
97355
77569
84336
91696
65740
65447
95111
94555
76677
90707
85376
89840
93375
68664
91546
80587
81210
97831
79919
86888
75470
96933
73086
65690
82003
74305
83118
82560
73919
76325
90128
85173
69006
90346
91813
86472
92263
95665
69344
74476
73724
79215
91820
96240
75826
78472
76977
95089
81282
68256
85715
79694
96158
81581
78332
73052
94040
86353
75548
92251
97216
73576
78190
65833
84621
75485
66044
70710
87999
77761
85093
74552
67714
68510
88286
89888
93524
89864
96119
89676
94058
76150
80032
66302
93520
65360
69355
75277
68305
76361
81427
88538
79894
74735
80702
88454
78866
73344
90751
96354
69149
69632
75167
75175
92894
95112
71709
88168
69743
79073
97395
96196
97724
96850
79515
70496
69932
82101
83922
65557
66180
97744
79772
77029
78856
81123
69128
82996
73443
92542
82741
93492
89800
81045
83989
82338
73946
65494
68721
84912
96713
72506
75309
73794
91966
73947
97742
92508
65658
84741
74809
95451
72250
73871
79293
72548
90589
78700
93780
70555
78792
77181
86822
66965
78090
73641
70991
94863
88124
83760
70114
83168
75179
81212
70446
72748
97978
83130
79680
76251
93313
76391
73641
78281
92602
92974
85633
66367
83934
70833
87211
97827
94091
70694
79195
96363
65577
92004
74454
71639
70349
91197
96377
95200
74845
68111
71165
70636
92918
70038
65529
73155
72330
77572
92584
84038
89294
80468
68589
91743
65619
78299
93588
73268
74482
84768
65755
73888
88942
67053
80433
95459
75349
95654
66621
76952
72231
79066
79138
70632
75450
79640
92418
78334
91101
93444
91585
77242
78652
93865
93195
92842
80260
73745
72088
94774
94919
66579
82094
97562
91681
78189
88296
78106
81052
73235
93495
91888
81745
79046
76582
68746
65744
92391
96098
96114
79298
81038
76665
80782
65741
93399
90338
88585
79288
79996
93502
89233
88016
95401
95197
78019
87946
91147
77956
88035
86889
66603
89965
81617
90146
83194
91792
86584
72703
89772
74785
74505
70017
80330
67162
77608
77129
73091
86138
74341
84792
71748
78094
74669
73430
87688
68975
66177
97008
89072
75404
88232
81030
86678
97001
95265
89316
91295
68072
73052
93966
87055
89160
69034
68705
83169
95723
76273
95352
93528
70876
87460
91213
73872
90512
94706
92320
91992
95340
89406
77725
72516
87176
67280
73145
79869
86963
92874
76253
87772
93111
68189
83142
67767
65758
78908
85932
66043
77236
78161
91681
85243
97295
76208
98109
95880
77645
87497
76280
92354
66525
85985
92375
92205
67585
72131
94411
91912
94673
76466
85846
74458
71300
72099
80879
81997
91883
79785
71848
88383
70974
77489
91662
78103
83995
96367
77392
66389
97996
82328
76708
73838
68297
68946
77287
85206
82557
77033
66435
71262
86349
90051
92566
70592
84183
77718
83793
82552
87927
89304
80030
95958
83984
94071
76805
70226
77577
81867
71632
95263
92309
68553
68205
88067
85048
93305
72213
71525
80263
81834
96171
65704
90671
88548
76007
80055
95544
70814
77235
88801
69515
68785
70869
84712
71090
75021
82895
93524
88800
74154
95747
80397
80177
93890
79643
89385
98098
92222
89256
88579
87716
79214
82697
91277
67709
68860
86415
91367
82480
95523
68063
88368
81966
87068
75415
67996
65965
91353
68916
82630
92584
91126
71475
68168
94503
67821
95862
65930
85696
73609
80106
92887
79710
87453
77671
66742
72769
69877
80855
77687
68166
90509
84635
69900
69225
91137
97066
76570
82824
75845
80891
71504
93546
94358
89510
89592
83199
89264
90438
72395
88553
87362
67105
91146
77116
84895
88715
75722
92546
74166
87047
95120
89091
85572
78512
88605
70467
69960
78807
93067
83659
85176
88046
95129
93228
87410
81828
94788
73026
86133
91218
66199
78774
94289
77718
74691
81350
75484
79421
71794
77897
73511
72295
86105
96749
70576
88293
69644
89028
87257
67046
84759
76543
70553
81107
91210
90105
83058
83831
84052
71287
77475
82019
71316
90926
97182
78993
85035
74373
88764
67655
75094
74909
68912
74558
76027
88718
93754
75780
70273
92404
84893
80543
69093
82859
74322
72307
96778
79574
70526
70502
75089
65830
75170
68161
79978
90969
75281
75865
82794
84224
81576
92784
74013
93830
70585
71382
74909
75886
97864
89811
83235
77788
79482
77642
80926
71767
66122
95382
84354
86733
81022
87480
70243
90583
83929
76468
85442
74559
82579
78392
78759
86720
69126
84607
90736
76300
97962
78197
77416
82452
84035
69660
69531
72067
96857
87342
74217
91275
73961
74500
93018
68069
89434
87222
89265
94483
68530
89732
81988
67049
83978
68980
68362
70987
92224
92733
82934
91960
81387
82788
95619
80392
78996
74405
89489
66289
73763
78228
85871
71632
85911
86404
97337
75302
79866
92840
71012
72545
84884
79480
97687
90718
86368
67926
97212
72235
86204
89970
74840
76305
91492
78059
93463
87762
69537
86327
73388
81199
87230
89540
71895
87469
82876
98271
72903
91545
78407
67030
70051
98634
83432
71513
96100
66470
73083
67878
97253
73448
77540
70630
91709
92832
77054
94801
85068
70394
68052
76441
83604
68932
92436
67334
71242
95659
71360
66013
94637
96837
87591
75911
92823
96085
72980
80367
74578
75978
69445
66604
83372
70920
85534
83296
94286
70891
94367
70624
69193
72969
79764
70037
85234
76856
86539
93858
74736
66385
83467
98118
74643
68147
86403
92420
97640
67082
87937
76546
97034
66769
77220
66992
87866
74261
89556
66985
77106
67836
77872
79326
94775
87943
69960
81137
77166
83732
75917
92639
90608
81447
78598
95202
89888
77673
95812
94614
92989
92657
90007
84826
97331
81603
74626
77049
94903
73622
94573
80522
68498
72411
69530
68756
97085
88314
95066
79734
92079
98015
76161
90630
78963
72117
74519
77689
87293
96241
80464
98435
71998
70547
66494
85950
75894
94632
81862
77136
73290
72468
98385
73161
97814
70286
87747
90186
94340
93164
73265
90092
98142
92321
79311
87135
82848
81284
81831
87506
80338
91603
79761
92179
77972
75639
95839
82168
66939
76937
95576
85501
74779
87574
91624
81198
97125
76831
94613
68936
89396
69348
79413
92443
97314
68963
86622
86578
97184
66843
71199
89782
83526
93973
76781
69264
73319
97829
85472
97230
72937
94830
88864
92744
70227
83492
90522
96899
97832
71574
94199
66517
69748
95339
82894
88522
92580
92715
75800
98503
68762
98306
71653
71149
79617
97729
96590
93760
70622
74790
66731
78089
97384
80477
76806
94585
80666
70854
71375
68494
66822
96505
67024
84027
73068
66312
78692
68803
87947
94212
66532
72038
92855
94658
72291
72511
85164
94174
75163
71021
67106
88577
96550
91505
79266
94048
83698
91863
78999
73605
68847
96793
70312
92242
68362
94912
88901
87363
87391
78028
88448
66547
87722
92502
85535
86498
87807
90740
84975
71541
88764
75357
77403
70718
93627
94669
89660
94334
77516
90539
88307
96232
77666
74730
77238
94632
97164
77741
91431
80292
89639
84142
67371
98050
79187
86496
78585
84970
92963
78675
97649
80525
91801
87896
68016
97126
67793
66279
69601
69823
68220
68925
83541
91000
85392
80585
90327
70916
96062
81737
72249
78516
91685
76593
97331
77368
88261
84044
88430
81763
88118
76197
77275
70446
80665
94888
88393
93184
87248
72069
92215
71468
74986
75989
89830
89019
72417
83072
80563
83565
82440
95710
73124
95994
92607
66332
88129
86685
73193
87522
83365
81875
66464
79154
77268
85857
93735
87700
74319
95892
81951
68208
67814
81612
93438
67515
84174
69180
77502
72405
85491
93675
82898
80818
87695
94462
84318
85817
81660
74042
66983
71657
81863
70853
79561
72130
86533
69932
80296
95587
77290
90026
73000
97904
71575
79528
95649
69942
93748
89216
66701
93074
78143
92038
67716
68878
94243
81737
84331
90702
88077
82710
79080
81835
87035
80318
73496
93981
94998
93849
97157
87390
67905
73675
74322
94796
81394
74182
95673
82064
97600
89105
97208
79997
98110
99143
81926
96826
88456
78946
70220
90916
85787
87353
95378
70254
86634
89672
85495
73994
93614
94640
79270
69837
66941
91006
92677
79566
76190
71472
84016
75023
92188
87670
87973
87903
87705
66869
81473
75646
83429
87761
77931
85123
86991
92332
78223
92539
85819
91626
80078
94035
74357
71800
69107
87544
79813
68428
94889
94396
68676
74222
93164
90620
91373
84279
81854
94719
88567
75096
97051
85282
76899
90399
70702
93490
72145
98934
97477
78362
74391
92205
80131
93630
95764
87289
85588
91942
96578
76732
73382
71903
72587
82182
66519
77470
93662
91612
81769
67111
77825
69561
70269
79725
84009
82387
70143
92155
88264
72607
68382
93586
92326
77975
68607
66580
86323
68923
91314
72352
91932
68950
78949
97279
69916
92034
87767
87615
82197
70126
83472
91549
99167
91231
83024
83625
71775
72565
90693
78756
85084
74032
79232
78125
98703
81586
86826
93725
73849
72519
90867
88751
90746
76962
89676
80612
76446
97386
85974
79909
90298
91893
75546
79402
99000
79699
95354
93980
90159
83086
74087
72438
78903
95280
96469
75313
70011
83462
70636
80800
87183
85284
98049
75161
69764
80425
76484
84565
76218
88772
97723
83865
70390
78455
72175
94614
90292
69787
76517
80143
75455
83877
85967
81081
87038
92583
95748
68071
98449
77338
79790
86118
90653
91354
70338
69030
88675
72306
68662
95003
87064
86426
70510
68579
90608
95742
80375
91561
87037
93249
70519
82121
79671
90946
86500
68533
95068
84638
94709
77207
97018
70262
68566
91192
82377
71794
72736
80160
93503
91653
88328
86527
95071
74739
92119
73803
72658
91921
67226
78891
71480
80460
97818
79508
73920
68077
94222
85681
89590
87068
87440
95881
94429
82594
82382
99036
94270
70131
81154
90701
80447
92523
84900
88007
87351
67800
95709
78873
86721
94009
90944
86755
92432
89797
89781
89782
79490
90671
87733
73847
90999
79657
77245
89604
71267
82471
93948
68634
93730
94053
80719
87927
95884
75051
98928
84283
84810
76624
89195
68244
89320
76797
71505
68506
68650
78259
85295
70008
69540
83599
71233
94157
87941
71885
76644
94546
91060
84108
68810
78780
81950
82640
98545
96996
72526
85453
98262
81701
76606
76387
89702
97029
87148
93925
85557
97304
83761
98078
66930
80674
67406
83350
74523
98172
70088
70161
74605
86457
70903
82265
96415
98696
93913
70205
72655
82652
91564
84954
76349
75339
85691
71961
90807
94388
71544
81273
71508
71205
91339
67343
92005
89084
81066
74187
87465
91724
93674
77820
69312
78978
76372
85014
95202
86344
67324
87987
81361
80297
87758
80857
85004
81782
70506
97915
95302
92905
84018
86338
91670
73609
78752
97677
95984
67661
70366
86454
92756
69380
84880
95127
68165
90868
92148
80972
74749
86722
71982
98619
81119
97682
78813
93778
70573
73582
88818
87440
82427
97516
85186
71623
70116
78347
67162
68256
89083
92255
78098
98271
98692
79982
69221
86504
87781
80473
87551
72066
70231
68031
80408
94428
70369
82142
67073
92110
70535
77563
68348
68960
73407
85508
85841
78480
87588
80757
78750
84560
90734
79992
98927
68303
73634
95568
73230
78841
88454
76791
82077
73537
76888
85510
98913
97438
89535
84438
72289
90323
82434
76517
68912
67828
98680
72059
81415
96038
86592
97677
71190
85158
96817
84193
79388
99597
77076
76915
91702
95954
72465
81176
79860
81168
82792
84833
69298
93833
89954
94914
98854
83436
96646
74739
85813
73555
99599
77463
84747
93968
67998
69148
68714
71081
79661
97762
81730
79137
95812
71839
87683
93049
84079
67330
69679
71287
68847
98710
98227
99494
97712
76266
70263
79774
96379
98031
82612
72581
92269
94369
93318
88022
91048
87785
96578
73057
86344
85954
87305
71060
76697
84124
90781
87800
78471
79613
90484
99070
74325
83054
96779
94460
82578
94613
91261
68211
90441
95391
89428
81043
69241
87777
89247
74497
76740
71102
82757
85975
74859
84683
94872
87277
90490
73521
98861
94807
85568
69203
67564
69166
98562
80817
75363
88468
89073
90124
87391
83698
80472
70092
71870
79236
97818
93342
72063
95768
69980
89185
87323
68882
77951
69443
87832
87476
69713
86823
78043
92828
78980
90699
74686
96142
68191
90919
78178
88180
72627
73624
67143
76195
93713
79677
94873
77152
90682
86305
91469
76451
75735
69787
73069
76059
72042
86387
99760
77425
70789
94022
93774
90321
74298
72748
71954
78503
99282
68247
84913
97190
96193
93823
89178
74511
84698
72124
93326
81712
68032
79795
83506
85547
91805
93236
69347
93176
75542
88483
83337
76205
77438
86614
81455
92669
96329
80191
69650
91903
71364
87499
76279
83249
68100
73481
98498
87997
99100
82447
68677
96763
92052
92058
67158
74294
76054
97524
73764
70067
83305
99355
74187
83439
98980
77599
75813
69417
80795
84684
95459
94240
86174
81033
99549
76574
69731
71552
90279
73781
77120
68863
88933
90313
70301
80926
78816
72783
77482
74915
84953
84563
99405
82210
92573
79296
72031
68713
79833
85340
70935
95771
96176
89490
74438
68250
71947
71540
93381
86570
77104
67840
82860
76628
92055
92834
83397
74889
73976
91643
72385
71944
69801
80353
71593
70914
77863
90023
89879
83195
97523
71070
86437
95347
68767
94939
90790
90054
75560
92219
75028
89425
88966
86693
74954
74198
82562
98959
90099
74785
91080
89284
95427
91116
94525
96356
87909
71681
85138
89644
74804
67486
68378
85239
90669
70429
93144
75653
84388
77780
95197
94076
90935
88891
74961
94636
70401
84300
98767
67479
91152
86576
87670
70193
75800
90903
95292
70116
81768
95848
88582
98263
72990
87834
96758
85104
88983
78689
70020
75544
95530
82574
83921
95038
95510
98864
99895
69278
79032
85632
81701
85187
96514
88572
71466
84938
99368
84049
74831
99946
94108
94334
79786
83761
90685
68151
91440
90384
95948
84615
81355
86298
91807
78778
94125
77193
85145
72826
82147
99842
70745
78392
71725
71962
92594
96974
67597
99096
80987
72034
69662
84476
76776
88717
67751
92865
94201
84924
93296
84960
69810
90583
95444
80149
99179
95009
80920
85093
98216
67680
88571
92256
73803
84285
77454
75684
75016
67565
85830
91554
92186
77841
84560
83109
89140
72923
78884
87312
75451
72307
78685
82406
76338
71321
97992
75408
70902
83083
98747
94683
84011
79913
72360
96833
76534
80983
75761
75625
81388
92323
87806
87281
99019
80424
92558
86634
68712
78769
91466
74916
84713
84258
90528
93228
92212
72212
92110
70932
84136
81856
71997
78834
99338
78366
69649
78891
92866
67662
77310
80754
92999
71734
85341
91787
93144
80237
67711
82773
93293
77655
68417
76807
99565
97938
74464
92090
70561
78225
98319
78888
77801
86151
89927
72883
79149
69767
68447
82601
96791
97769
93788
96966
67583
75247
74890
91130
91815
99241
83404
88941
86057
78869
88368
94657
90413
79243
75462
83351
72031
79448
89011
91988
81953
79530
78977
76325
98684
98732
74169
99904
87901
82417
72372
94317
70398
79126
70318
84677
72354
82595
82972
86714
77701
96819
83519
77912
86035
81109
73978
68299
68184
71089
86753
83488
86712
99823
97682
85584
78560
83924
76872
70522
91388
85294
92333
72560
77610
97523
70128
85109
70447
95269
76312
87365
75370
85496
69016
87638
75270
79671
84259
77918
72563
86244
98753
72725
75030
75295
74531
94012
79679
80200
84019
78558
92508
93288
70128
93910
74605
84173
90233
85649
81848
92661
74343
99093
95422
69550
77408
99906
72557
72570
88810
74584
75159
97592
84092
92346
88227
86785
70107
91890
73859
82001
87716
90356
69350
82023
87076
86439
88750
96238
98416
92833
95140
84444
89010
94258
97898
78747
93122
71333
85170
78951
71158
83138
75182
82935
84794
90008
94919
72799
80483
99193
74898
88885
97472
85573
91136
81394
94450
73452
91093
97692
79870
93742
91739
69026
67745
74917
84823
82440
85220
70150
80444
73923
81391
92580
81055
90727
94754
92213
89323
91647
69986
100057
73046
72764
74673
89944
88851
77267
77314
75179
94665
90400
69963
88767
78661
99087
90075
72821
100204
87868
72942
79597
84083
86873
72319
88836
77650
76241
92509
73243
91253
92074
69505
75547
67765
76208
96415
76981
84616
77008
87291
76015
88948
81346
88702
91612
88522
84971
72713
83882
98960
74625
92937
96227
81855
70384
96076
87532
91823
98172
74003
86226
80591
77096
78184
69189
67737
81367
93361
99045
93381
76722
78726
90045
72637
82633
75200
96525
81234
89597
97234
68173
77997
92957
68189
97134
85128
96847
74750
68451
94110
89266
85355
99296
95583
71233
96190
88674
90857
75515
79120
90735
90164
94017
72522
95519
86412
78719
84280
78299
75077
99086
82399
80997
76202
99929
70161
72728
98102
96319
95294
73842
97031
85689
91789
93903
69007
87741
91947
73079
98701
83810
84707
98267
75579
69700
90608
100380
81865
91946
89871
90573
81163
88294
79064
76282
76143
90493
89421
92265
85041
85896
81844
77343
89554
95962
75938
97574
90310
95843
100441
89486
94829
70996
93011
82866
75844
97156
90399
76733
85341
84243
83308
69228
70668
86349
73572
70421
69604
97489
68411
74472
68577
71410
90631
82293
69863
68189
70610
85614
77931
86268
92141
70830
92016
72475
71560
84603
77238
94666
95872
91912
99630
88194
73336
94526
73136
78347
86059
76732
90352
93340
98048
82461
96943
80197
80608
88953
78126
86666
93252
79406
74216
71249
71314
78048
79488
95998
70825
91326
91641
100316
99258
79111
71205
75967
86107
96205
78176
70887
72150
72698
83070
88360
90055
94352
80129
95560
77286
94517
98191
76969
80417
80878
81572
84519
76014
70699
88453
88900
93151
71428
90997
75395
93814
99522
86826
90385
99644
82849
68226
92074
86797
98260
99955
97979
71862
68810
84800
89540
74434
93104
90355
68097
84368
72503
95239
83017
79785
70807
93797
69174
92753
72148
72850
68230
73820
80191
78630
81089
76611
76353
84096
93212
87671
91988
71352
77214
88309
76114
72149
88449
99611
75762
89664
94171
76474
82831
70521
77950
89964
97324
79625
92700
74024
88502
93112
83119
100115
76168
86271
68375
95385
79157
93888
79877
99005
87681
100661
84505
70573
68784
94503
74567
83098
96004
74848
96127
78278
88193
86626
69261
82143
100595
72025
89406
91531
96050
69455
80324
70724
73893
93087
77659
87910
74245
91308
79149
80518
83299
71122
85107
98310
78189
98717
84446
87270
73197
99385
85557
95965
78226
84522
78399
98473
93427
73533
92643
86179
83665
76223
74382
81302
89500
91628
73941
69073
90681
95658
74076
91259
73731
71800
82166
71975
83472
90017
77837
77224
87477
94901
79173
87591
88652
96313
82780
83827
85556
95902
75349
81815
86298
82288
68565
97458
70519
83664
92877
71171
72538
86308
69209
92996
83560
69901
83944
73273
77089
99226
68766
84616
84837
100539
98806
94155
70198
81400
81324
82404
83647
94562
81114
86928
86677
82122
87649
85824
92478
80178
76938
78372
75504
68225
90605
81288
68762
74619
71058
70243
97577
84463
92759
76589
73732
99122
73105
75762
85208
90317
94454
73893
91291
99699
93115
94646
80843
95798
79609
79590
96759
68602
72021
92251
70273
71977
87520
85487
80546
71592
94780
81102
98478
94986
75777
86848
92314
82692
99678
75459
78267
100897
98564
71773
76240
85175
99647
82736
78147
70682
79462
80207
87212
78351
96374
99024
73623
88196
96250
70435
68743
88446
80430
75938
79419
74578
96355
84584
77359
85272
84645
88167
72806
83805
91548
90549
68711
99608
94128
79143
68486
78047
78192
90145
97380
82523
75061
69548
82873
100346
76290
100297
78417
96483
89519
75014
86101
90927
90695
72782
93644
84566
70318
93445
72801
100839
92807
80213
95847
69757
75092
96450
87834
83694
88287
80133
92200
96197
69338
90391
75888
84723
74178
76428
86025
76225
90377
83234
79238
73481
82035
88218
71800
100262
71361
88262
95541
75561
77709
90084
83416
95437
78965
99114
87177
79022
78203
87458
99071
78133
80044
68920
76610
75991
92416
97810
97718
82943
89218
90143
98389
75592
82352
70387
70460
95728
74789
86994
73321
88202
75893
72202
85187
89074
81753
68998
96346
81030
70668
84897
76785
94611
80372
93752
89530
68878
89477
100611
83808
82821
97379
69925
98122
77908
92358
90881
79647
76316
72739
88656
82821
80753
72969
77936
86319
70611
97353
70911
92950
99552
77145
79017
79366
90055
81402
74302
99677
83712
78105
87560
77072
84027
98547
79707
79086
86678
68733
91245
86313
89362
95235
76904
82962
86344
76047
94142
68900
69208
79244
88765
100676
71715
97835
77411
92231
83642
99334
68467
72629
100885
92548
95176
74444
71177
81532
95722
88008
100980
87965
79583
74338
93115
79117
85572
78743
98166
80976
75932
77482
90473
84332
91111
90988
91319
88906
88695
97723
70994
89952
86015
85577
93622
90253
95469
69791
70871
73028
78841
86625
79959
84205
97790
90067
87805
97416
100361
88476
69475
72340
77744
88010
83694
76335
96678
81431
81155
93566
89740
75114
89720
79695
88585
97953
93513
82941
94236
86670
86157
72084
72881
82751
73896
78646
90483
78467
82881
97214
91618
78249
77431
88994
89509
73355
72911
89630
76065
70092
87921
78223
91210
98909
88341
100125
87993
82502
92216
71068
98304
80035
96531
82868
73530
97516
93133
81216
68838
79738
97008
96245
79861
92999
93722
92996
69409
68854
91381
98177
82817
101139
85608
96324
72026
76699
90127
89616
80697
90815
74217
76594
82750
100069
90705
81900
93883
99824
75312
90579
77822
98241
92528
84598
70250
92669
82868
100672
74957
74001
83270
81056
89581
100980
73808
91750
77668
76844
94800
89969
80558
89492
82374
77447
89217
95580
99375
83588
98908
71889
81975
94135
97891
69727
73771
90249
85354
83284
100525
84319
99152
85222
100267
88002
86414
74872
77714
95422
89103
99097
78526
82567
86083
91214
86838
73059
94831
77841
96918
74691
70983
74777
69196
100787
77758
90716
87047
80757
99613
84179
96877
70505
70482
95869
72205
75569
80779
74150
82580
94225
88324
74601
92227
86684
80413
89204
83360
84365
77744
87819
99692
79859
75425
84560
84182
75409
98231
90817
89582
94340
72106
95234
80476
74534
82301
96221
69202
70963
97549
97927
99263
96554
91115
95268
97734
93942
96871
89998
93294
88270
82669
97874
100507
96090
96661
90620
68669
69911
77301
94869
80583
76028
77626
96873
85475
100446
97911
73486
72291
73745
80700
93089
98683
99536
81515
86099
98862
101086
87879
80676
98055
83182
89806
77295
101385
92737
70985
95655
88296
92174
97825
91872
101242
74278
77300
82833
73320
75480
81640
77336
71721
88594
89919
85374
77361
89034
77356
100093
75877
77212
88805
94399
71891
89013
80378
90601
80800
77039
83173
82904
70465
73277
79842
100522
70894
77130
82433
92929
96596
79453
97145
88835
99723
92544
71231
81062
90183
72417
97495
88874
83794
94840
86891
79335
80186
81642
69402
100936
91975
94126
71570
81688
99247
96878
75489
70908
81933
77744
88968
81985
69648
82613
78033
85976
99440
100513
86371
99743
86567
78557
96276
99299
88541
100538
86782
95266
82852
91223
72917
101141
99045
95940
90232
69101
87706
71527
72389
81118
72126
74399
77490
83674
96258
76712
90009
76447
88770
99775
83412
76019
74295
92294
94602
76846
98030
78761
77768
84218
98169
71106
75220
80983
75364
72314
79550
101090
72811
91121
91959
75094
86761
70497
78758
79443
76436
75006
101497
97630
94824
82720
93369
88874
86753
87203
81634
94997
96621
84622
99313
99830
71713
94452
94398
92694
69035
83736
95628
83068
84360
74452
91103
92014
82039
74556
75406
96820
99629
79486
81944
85535
88394
79629
99131
99530
84620
91134
80323
93088
77890
80050
77217
77982
72964
92085
84028
87130
71842
97510
80908
97605
79450
92888
93284
69677
88910
100217
100239
78342
84277
80881
100127
71401
82256
93133
100994
82525
86943
87901
81878
72918
77398
97626
85758
98939
98699
81868
97014
77612
84785
86059
93539
76740
73545
75461
90223
73883
82007
100703
72403
78160
72723
91423
94773
83397
98402
98218
83893
91242
72836
82825
78531
98751
74383
76753
85555
92436
72988
70403
88979
74387
85312
92465
78012
96897
74942
71010
74663
69057
77946
99896
92290
98202
100145
79312
71171
81082
69736
74986
82941
94074
79778
69962
96305
100707
90070
93022
87398
99825
76576
85792
82108
84632
92855
99390
94525
83973
84767
84344
73141
82086
69792
94026
81091
88172
96246
99788
101169
86480
69450
74198
85121
72724
72545
97639
96712
71371
89364
96072
86720
77467
84736
79340
99608
79682
70526
94619
89614
75479
96982
76240
80448
71250
92591
84447
75711
76623
81866
98522
93798
85775
81648
86198
94826
87744
74281
71850
75057
98558
79151
73432
96360
93337
98338
89391
100176
93337
88957
71056
92760
89471
98377
94511
92401
90062
92305
77629
97694
72650
70677
75460
90186
94848
99650
73682
101087
81926
100962
83929
93204
70404
75537
83286
81031
97651
78320
77489
76299
90789
96925
92260
85315
91782
101346
77408
73072
90657
89644
85164
87687
98662
69183
84816
99719
93738
93225
70001
77577
76911
95860
82877
82968
101350
71072
90634
88388
86706
76753
92217
87026
99695
85188
95841
98806
94323
78343
82986
85860
87635
81770
90998
69282
92073
76721
71239
100034
92181
74123
80861
80911
74882
93384
71966
75494
73387
100294
98363
85192
70109
73004
72593
94124
79102
86491
90061
83866
89550
92962
92500
96885
92525
75057
84194
83481
69150
85457
99184
69798
96842
96082
84316
86810
91336
88004
75972
70182
94811
75882
81714
88378
70780
72043
77439
93155
83290
77259
88305
74070
83232
70554
75943
73293
81014
85099
91703
90385
92234
80392
90773
87000
78544
90980
96311
88402
89543
99793
75638
100223
74239
83571
86584
99523
92184
71669
88780
80700
97932
75898
76309
87635
94448
93143
90347
81553
91254
71167
80062
100277
73143
72126
87932
99587
70575
98219
72373
96222
78857
76120
73214
101529
81053
87243
98451
72075
85560
95282
77376
87137
72859
77266
77697
94648
90054
71745
83176
90860
92790
100053
86463
75306
100844
96860
88559
89293
70384
100877
71456
72679
81942
88255
92450
76573
83264
92761
75147
75193
80996
93578
101026
78330
85903
85434
88444
82606
82986
74048
88933
71427
84861
83925
87682
93339
81009
85320
79284
71646
72346
91252
92094
95892
102004
102000
80299
94387
78573
82437
77930
97141
89124
75621
75196
86702
80753
80921
76880
89181
99493
95036
98091
92801
96403
75239
98382
85806
96463
92140
101011
95967
100533
70855
72409
97550
90029
75985
70752
93954
94382
80567
74870
78057
101121
76075
100692
80166
96328
86233
81987
71148
80830
89757
89859
94476
87744
70131
72812
99851
79501
99247
85078
81528
77642
83182
86711
92284
75849
92748
86539
80819
89482
87895
71929
73786
88706
89668
70451
93194
70172
100321
82334
100996
79870
71627
97715
82508
81677
73953
101413
101723
74035
81400
82627
79696
87136
82641
83361
79367
69838
96584
73586
94317
85130
81613
80185
92051
69680
71192
95521
95745
100597
98585
94376
72012
97259
79662
78339
96747
97921
101273
83134
75078
71753
71729
100772
77328
78335
98391
81374
75479
95686
90156
97631
76505
99508
80898
83071
92442
75153
99344
79077
91571
86236
98409
74155
91501
81423
80175
75453
79758
87589
77571
85890
86515
77656
96193
69823
95071
95791
70506
72120
81939
92088
101730
82072
101535
82194
81372
101906
84727
84015
81810
76873
85449
86488
93625
81133
87566
92402
97844
88743
73440
97023
101384
84408
88971
77288
75280
72669
89062
82681
79346
84853
84708
76589
86865
70117
80742
77996
87876
97596
96083
88466
82951
100627
83179
92146
87281
81592
71256
72475
84646
73867
87942
71193
83854
91303
85557
69503
86150
82629
81997
77412
83413
88414
87153
80044
92257
93712
90326
95881
81699
101699
72790
94016
94424
85260
91584
90929
91641
79698
71027
75538
83694
73519
101675
83067
76415
91544
96794
99239
100491
94529
97595
82553
83196
89531
77283
81085
91898
75231
76441
76209
86111
85360
76839
86723
100715
85500
85745
100253
95418
84739
99974
70495
98162
86364
94069
71467
74177
75219
95074
93671
82823
91927
95064
97598
88399
100052
93281
71656
85380
89628
84564
87340
100834
90379
89327
98723
79146
79275
74533
101694
96538
78357
90297
72330
91292
99801
78348
70451
81470
70304
70196
91592
88802
79888
100173
86205
85174
71408
92436
89782
97895
102285
95666
96259
102034
98140
75989
77158
98172
98784
100613
73757
102146
80078
89910
76572
84691
89968
101529
78235
79068
77127
94904
79568
101380
84980
74178
74494
101658
91225
82211
88494
81931
100091
91736
99644
75097
95146
85506
80790
88008
99429
76601
90177
95835
81784
98594
92061
92798
87271
80580
89961
89733
101135
95511
90249
96341
89739
77662
85511
76897
88405
87479
99673
81113
91437
88561
91106
80157
73023
85661
83387
70008
90880
79976
90546
70411
80473
100776
75411
90119
78087
97332
97703
79904
87362
81273
71291
75070
98204
73930
73698
90229
95277
84984
70205
99127
73453
70179
93946
88264
94049
94415
72027
91123
71546
90938
76921
93436
78266
98286
94856
76757
70296
70802
90460
90772
84262
78853
81964
97317
70385
92846
88727
99132
83752
101645
91364
99726
97537
87190
95630
79681
94553
81600
79872
92833
94107
90713
81053
77844
82402
77596
100867
78416
93282
84869
86929
74443
79876
99556
96551
84595
86096
99761
78892
70304
96400
83487
71126
72263
72754
92915
80549
76656
81519
99991
87857
74986
101674
94314
98854
76861
72475
75355
89997
80864
99628
93366
69965
90540
100131
73789
69873
82321
82818
93819
87723
77960
82603
92245
94617
97224
93512
74466
95560
77885
99818
88701
90231
95798
91632
85016
90397
87390
98731
80083
72109
95469
96192
83917
84888
76831
77773
80441
101139
95974
85071
75189
90140
74459
95171
75992
96439
84091
79115
85514
86142
91280
101140
102553
94552
75245
82870
79881
78217
82782
85467
97707
70379
93663
78564
77937
75642
78604
81736
84736
73494
91097
73342
77831
90757
86915
93726
98511
90040
99015
101443
82452
93007
101201
75059
82708
88927
89975
83010
96997
81778
78375
93171
86027
88527
72478
96609
97866
81404
84827
87773
102073
80002
91604
82393
71192
91120
86119
75781
77155
102178
69907
90039
88231
88259
101224
81808
86037
74769
78396
88413
89941
84704
98720
89147
85789
78050
87315
90623
101633
72741
93685
76756
99725
95965
81470
70182
91281
89700
84847
76735
77756
74623
81353
94256
94060
73699
94141
88435
88517
99576
70053
84174
78849
100316
79281
78586
89606
102059
88100
87941
80958
82686
79808
100213
95139
77233
70270
81710
76825
81898
72323
71574
85249
93526
79696
86646
92171
80822
91961
99876
83531
93083
87320
76895
84880
73325
95810
71802
74737
73138
83130
71869
94120
75661
92581
83720
90404
91269
93182
85177
98649
92808
79755
73168
101979
94512
102416
94033
75819
72517
83138
93418
81872
96642
79870
94678
97450
76444
102203
84225
101380
81024
73534
79981
102120
78556
92301
89044
72247
87778
79909
70287
97529
78921
82031
99510
82161
92052
81521
99209
72052
74134
98113
84238
78972
99382
88512
88828
74233
81008
94340
70872
83303
97692
86038
73054
99749
82419
81246
84770
77573
95311
84059
81015
80800
91954
96024
75408
95724
81162
72923
73701
76176
75187
78239
92632
87670
70974
81348
97689
72226
88049
77318
90183
82755
75662
74668
98904
82824
75225
70913
77370
95157
90196
86536
84538
89590
82253
82284
94630
98931
70170
92598
76078
84516
94884
72386
78480
72679
92706
84852
82805
83920
95527
98215
74645
81088
79071
84582
95778
80953
74645
82015
78436
98416
94841
93844
102305
100516
95393
76116
92223
98223
80717
83818
88108
94427
83823
73108
72318
81654
95339
85559
92759
102825
98331
82256
92940
77061
87062
88238
88966
91999
95282
78943
71912
78174
79431
72552
78961
91218
75574
89273
73893
84679
82218
80991
80295
71515
87838
82172
77034
81356
88480
95604
99336
90709
88276
94954
87794
86843
92091
83691
92490
82083
83125
100840
79629
75430
92997
80362
78965
73127
94997
77185
83230
99556
90170
78589
77415
80716
84152
77793
100635
88721
95049
87189
95825
75901
86874
79963
72592
78473
99927
94596
76343
83884
79400
97764
95772
83057
99580
102275
89972
91468
91717
102805
70643
70446
100611
96685
92980
89687
79686
80173
90714
72556
85742
90881
97016
87753
79798
88461
98606
102936
96881
71907
97557
98338
89491
94522
86877
78566
76530
83356
88373
94184
99022
74462
89963
73420
90127
82645
96469
99875
78287
85959
98287
84613
77336
97312
73669
91104
82415
82534
91156
97551
82577
90479
70828
94639
82940
92370
90136
89646
80049
92571
72065
95780
81593
73539
101840
70887
81382
74975
78867
80986
80731
101015
81186
95749
99918
89946
83586
84587
74253
99024
78985
82583
102719
86928
96195
75769
91757
101780
82325
95856
81345
93417
93216
79016
99341
92331
72040
75430
77582
72241
85430
102049
84723
74885
100667
94228
98585
77847
74997
100625
97305
85682
95959
95704
85252
89006
98596
78504
79341
76904
78108
94165
97704
74991
94426
93211
78034
99584
102525
84274
95249
98613
84614
102050
84893
97401
92033
85721
97280
95679
83176
74363
92186
97780
82756
93689
102503
84529
90005
75109
71557
79414
97268
98949
94192
84756
72567
90406
71441
73257
70997
79282
98679
72785
99146
86533
72804
71003
94013
93309
100491
72634
99361
73040
94744
101501
83481
83491
76273
86914
71135
71640
91195
81894
99174
76455
81953
97471
78782
89200
97488
98830
89657
92495
98246
102895
74956
94834
102477
71187
84919
91943
93250
94576
70760
99385
72219
72247
81821
89469
72745
102407
96970
75176
92441
98912
81082
75875
85441
80730
87416
76450
72730
74391
79216
75057
84872
93302
77778
101775
93794
84361
80951
73984
73902
76362
97159
91614
87084
92937
99354
87856
73111
97321
80157
93822
91943
88716
78136
98275
76890
93260
94317
72803
74484
71084
96580
93823
95556
72270
96549
83207
94634
73382
70661
81968
86870
89518
70469
87270
100434
91867
97238
72291
71875
96336
85922
71169
70508
84307
97831
96588
74611
88317
84069
99932
78696
70965
72699
101986
82307
93663
76173
81536
84269
75856
80488
77534
91586
100101
100713
92154
103062
72085
74523
86591
76854
84197
102687
82906
71408
95131
87249
73929
77461
77525
95528
82228
91005
98074
74718
102913
75980
73105
81361
74659
71668
73072
76458
72498
93563
99768
90044
80321
82687
78624
100911
93676
76407
71246
74845
74672
102075
74317
96892
83584
97607
98108
90750
76180
81211
87363
76597
84613
87975
82892
100027
74263
95494
88303
95249
96085
78856
73005
93190
92388
89493
100194
87386
73873
72206
93429
99364
91436
101334
82514
84081
97945
94993
81818
86062
73764
81579
81304
90184
85269
77468
89848
76049
93060
93035
88499
80358
96623
79601
95438
88079
71690
72288
101956
81126
90454
79236
81217
98107
80885
103240
91280
76792
74045
75643
84311
86529
100747
88532
98818
99678
94938
82484
86397
73116
79252
96812
82598
78704
72615
75711
71682
74142
93660
75113
91054
101657
93029
93024
88985
79980
90036
73241
81393
75352
84628
91662
88539
85951
85618
95423
102503
94401
88315
88822
90563
78116
80365
70736
88751
76793
72742
93177
95792
72316
70914
73399
83849
75325
81379
89642
98407
75389
101393
72018
75612
85211
88773
77393
103054
99632
88960
92530
96945
101559
90273
95595
80434
99441
79415
73951
101557
99015
97556
72999
90818
92274
80931
72274
73147
97432
72699
91242
83986
70711
98483
91641
73144
84167
95736
78796
96473
98843
74078
99831
95942
87945
77556
82458
92467
101450
93211
96994
92066
76579
99480
100562
70943
99653
71143
73795
93742
71795
101586
100521
78594
73826
98627
88345
82415
87909
99415
89608
95778
76362
70835
101462
89744
91006
77083
75147
90412
102776
74049
94560
73309
76885
81114
77953
75951
81600
88311
76945
91337
71189
88979
100718
75167
81350
87400
80823
88296
84477
78344
84108
88019
79235
77352
78485
77813
87776
100415
79942
96390
78020
73552
83809
100302
74149
95235
84412
72922
79530
81915
77636
86387
75208
71524
88386
92241
78635
84171
84701
84875
99799
94003
82656
85842
77711
92773
74430
101599
93173
78215
83668
92586
88820
78832
78829
73437
80475
80955
81419
87304
90826
100762
101477
75798
101330
103277
73388
75648
72536
76564
79762
75456
99386
94209
86157
94729
96310
84497
96984
80693
94471
89628
86460
86783
87248
78027
90637
98930
80318
93097
76535
71841
101609
96381
72699
98457
73852
91864
78900
95124
91414
85994
75487
72559
86640
76953
76058
80222
82751
86485
85228
74975
84060
100133
101766
79596
79650
93062
94408
95605
96023
72822
90631
103181
86735
86860
76302
71396
86030
93386
75874
82165
86829
102133
78283
97920
102847
90404
79887
99003
71796
100952
73473
88005
92221
92619
90810
97243
93872
81356
95015
89806
89519
77001
92356
86964
75332
91310
95910
84702
72400
83054
81343
92171
97381
82910
91486
84187
96112
101834
72949
102279
86939
98371
92959
99790
88817
100150
93665
93235
80963
99651
94256
84325
93387
81611
96436
85503
85264
97099
79308
73841
70921
86249
92882
75070
84869
85581
82592
71529
85195
95922
76627
99625
74877
83005
73551
99556
81602
74893
98179
79451
79011
74643
90862
91171
79798
80036
98145
88404
90362
92620
102279
81797
91907
80230
88612
71927
98135
102889
81562
76560
93975
74757
92849
93451
102114
92911
73111
85743
83446
84729
72742
93373
82072
97893
80486
98798
91575
83067
73299
78108
85964
100057
73696
95232
85252
92427
92731
83868
76449
95835
82515
92345
85917
90602
71320
78996
92817
101632
80897
98773
79574
83873
97364
99776
72938
98145
88482
72111
78357
86137
76560
95424
88908
77081
95966
77259
71509
102144
77217
72087
78892
91979
76499
88397
95142
82058
73358
77100
90964
83737
83093
89983
93098
76718
101524
89036
88672
103470
71593
83535
93209
102085
77602
75686
72003
80693
71817
98510
76350
73326
92894
88910
87744
87136
84259
76210
95352
103437
75294
101435
96497
80354
95578
85461
86714
85063
93551
77129
89540
77429
81795
83636
96011
95623
92177
78136
95096
103380
97513
74993
97798
85629
72824
81195
74021
78146
90698
76498
98140
95386
99533
92969
98097
100866
98392
87743
93773
82581
95083
72864
90076
82909
102457
97736
84531
81641
83811
89309
75701
73119
102407
95773
73463
72276
94457
86933
95778
95642
77648
86419
87449
81497
83493
83807
73180
90146
101271
75814
87213
93119
75538
77879
93553
85519
81106
94834
94424
92433
94882
88572
83904
82750
78314
95288
77143
82204
84712
71411
101504
72976
89406
79583
85113
102771
76205
98883
86202
92393
78112
103408
77856
92398
83180
86647
91978
84658
93270
85913
100932
79399
82774
80895
80226
95064
79514
82732
89455
83452
82126
91055
93959
75595
101659
71581
85314
86544
74477
90430
92051
87296
98042
102407
81647
73546
81280
86472
98865
80751
80333
91175
84413
76884
83717
96845
79459
73878
91680
76511
96135
94237
73010
96816
97407
71668
87023
87221
87357
75863
88430
101817
99886
88334
96045
79441
86881
79866
79190
90259
83692
75246
78912
74499
95884
103872
81721
94286
85131
82335
97411
71483
88039
84646
89756
98014
92080
95922
80578
94991
95666
98417
75959
103706
74836
77244
102338
83128
86976
73767
99574
103742
102980
103382
89782
74517
93176
98450
74105
89450
89506
86299
76235
71718
93910
74944
79765
96801
79714
85806
81565
72594
87017
100998
73808
92363
101837
102322
78528
72995
80466
100600
80105
92723
103681
103119
77880
73541
72011
81650
71502
91401
73583
85428
102913
90506
82078
102803
102051
88161
83548
78095
86151
72488
76073
80573
99266
89650
90721
81815
81455
83321
103777
92054
102838
81368
87019
78979
103373
95867
98764
91914
97854
102035
72635
80400
85291
84814
91525
92230
97872
92678
82791
77822
87433
90809
82619
84286
84628
77497
103896
98835
99351
92068
100147
95528
99301
86679
75722
102039
92285
76703
81090
86783
92116
83312
77902
72919
91988
86362
100820
82946
87332
91000
78155
91043
75434
100139
98792
78386
73806
96198
94201
73680
84609
86411
83473
77527
79870
85719
81253
80566
98640
91545
95606
73980
72085
88328
102128
98482
90241
103318
93650
99310
103846
89375
91856
92069
102642
82279
89078
79297
91257
80579
101517
91507
84852
95510
72770
87499
101002
81151
103813
87686
75087
94033
92976
78631
101643
97476
81257
95305
76988
87530
91593
84787
95838
86884
102078
89005
87401
93781
88621
88082
76444
89367
88924
74663
79097
92205
92176
93995
101393
101241
99570
99247
102273
79791
94519
77736
94141
83978
103808
100931
78860
98366
88575
98552
90580
75437
75740
90978
76056
102109
72151
90446
80447
75818
73774
77586
76055
91320
72641
82976
98585
101548
78964
92122
93935
86428
93909
98472
74547
79427
83199
88392
86650
73338
83646
86118
95889
72548
99571
75373
79110
83944
85050
89500
102122
84324
94923
90204
81366
84127
81310
90577
90668
96000
73939
76975
91807
95230
89936
87119
81142
75480
85420
97282
88076
90246
80972
75941
100124
88559
85195
86133
103995
90716
79519
72997
88102
86573
81658
103470
97598
103883
92143
72039
89041
91357
72406
98261
101787
96703
86513
72900
99981
89391
99664
102678
100557
72266
89841
81116
72189
93880
96812
102691
89536
84771
78414
78864
96634
79853
83077
76592
91480
94754
84220
98313
85649
87211
83782
103157
93931
90565
92672
102448
97664
98482
103858
80687
72898
82862
91895
99379
92605
84517
89054
72735
102556
103203
76943
96902
100975
87052
104242
100873
92203
75661
74508
93920
85746
75986
73451
72630
100757
85754
89797
75962
86872
72904
97436
73971
81909
96411
73892
80339
91363
82080
103592
76048
75735
94022
75434
101551
87692
91122
73418
72034
93120
74741
85097
99091
75135
75707
93837
86977
86179
100420
97159
74891
93596
73944
101332
93450
103021
96503
93250
89316
77303
101008
72531
95134
102522
79987
79334
84658
89433
100615
104212
83426
84509
96576
77657
73163
85693
97228
87796
96445
76573
96397
73616
99786
91604
90188
92451
85533
75826
75948
81431
77966
72578
83036
80552
80755
76684
93073
99213
88248
86622
84148
102362
98354
86348
89431
84517
91184
97078
78702
85223
85075
95241
77500
81446
103072
100744
103051
101969
95956
100685
102304
73324
80887
79882
93806
102764
82996
85525
76170
85221
73448
72996
101471
93410
81145
82773
76323
77588
81769
102257
82186
71984
103467
96881
89529
89746
87349
88641
86781
84262
73174
78277
88509
76168
84554
82458
93485
103018
87436
82206
79685
90935
84331
88370
74098
91637
95456
87614
89483
99440
89247
74742
97030
88213
72172
98652
89196
72732
72624
101766
73994
80746
97740
102818
87786
102325
92845
76855
100609
99433
80672
82350
97706
76746
84072
87568
80211
100059
74895
78865
72054
99455
77049
99662
72652
97247
76607
81875
75197
75275
96314
101600
90138
88804
87389
101613
97038
103737
94280
72939
93778
98864
83099
98509
100769
73704
86024
104263
92524
77660
85165
96981
74702
97675
91552
78848
82370
83926
72139
90333
88212
81833
82170
95702
87957
94557
91954
97196
89619
103005
94789
93885
77192
96904
83363
74627
101394
85207
88179
87134
76579
103232
94690
81043
91770
86490
98235
91284
94034
87361
80697
99202
79833
81980
102425
72176
78563
72861
96754
76266
80864
95081
84937
77877
80651
77881
103904
82649
88549
87008
73168
96477
89058
80462
72919
98130
94050
96181
79987
98195
101090
102634
92464
80586
76404
103181
82878
97974
98668
85612
88134
87980
95325
80037
72702
74716
94020
80395
102652
93142
93186
92747
73800
74829
81168
98384
88628
81178
94318
96611
102640
74115
89820
80791
98649
101822
80717
79716
97810
89521
79513
85138
86230
80124
101234
95832
83468
81977
99993
99014
104092
73602
89937
88416
74754
76340
95253
103692
80545
91123
81798
95534
85593
72431
72103
92689
91483
96101
72012
82057
75068
74856
76240
78038
79433
95713
76039
87244
94491
77781
74099
84273
100971
86758
95419
97895
78119
102941
100952
97354
86724
87526
87698
73052
96727
94300
85419
99616
96991
91847
104282
87491
90981
95331
104059
92417
89928
76388
104708
102471
100434
86326
83003
73749
87054
93961
102694
84647
103390
104333
93507
101844
80712
92410
86906
79926
90257
88660
94544
84363
76685
81645
76893
78427
75445
74539
72704
79580
75386
91787
84817
96530
80601
79590
87895
93754
89904
86260
81276
82793
89168
76302
93757
95601
102611
91960
96294
73732
103344
83294
89854
83996
91404
87774
95039
75161
74067
80455
81353
77868
92808
77408
86998
95093
97241
75629
75569
93800
72567
84397
75427
98805
89764
93479
82606
78568
95246
102055
76414
82702
92251
86531
87325
91545
104709
96674
76518
103109
84328
96063
90940
81596
101913
96747
92796
96183
98938
73041
91183
77671
97419
73278
73093
78739
78595
79969
99327
72194
100768
102735
95339
74651
96187
87241
95765
88779
81183
91714
79420
94503
88347
84892
88003
73811
96214
79155
92969
102946
84451
83740
74427
103422
96789
100271
104200
104843
79253
104258
77718
86663
96817
103736
99283
88053
73463
87611
84046
78970
84739
85957
72743
84999
85653
89317
84677
91832
103015
81984
87494
90876
102717
100182
88892
86775
102333
78598
76822
100644
99969
84308
75484
88127
94827
78955
76448
100962
98104
103134
79409
86894
82008
89395
100241
82604
93181
99490
85929
96180
85107
93978
85564
73358
89007
95365
92698
96024
81194
82253
104854
93095
100848
82463
77625
97009
74483
97519
89784
96555
97702
97084
101924
93294
73415
76181
83809
100447
79740
86108
89561
101647
104610
100810
72817
101664
94306
88371
102333
89898
99845
83851
82031
81500
92169
76074
94742
89703
82036
94412
80389
95895
82792
78812
98960
100419
93176
82930
85631
91240
97082
98714
86204
78993
93597
85079
76879
101114
88701
78823
94348
81396
94709
85705
75147
103051
101621
88573
97497
96871
99220
99851
96877
92400
81319
103750
76254
99254
78226
77650
78803
78351
83294
101860
92090
86018
83468
91849
101821
100451
92457
79658
103665
105024
101539
87054
94673
101756
75995
91168
82156
72378
76027
75443
98778
84604
73098
76803
97908
102284
97598
90813
78405
90268
92177
73410
83515
103721
73878
97576
95394
100773
77710
84354
92499
85716
91575
84066
94761
92279
77796
101148
103349
89896
94546
78028
87603
76165
88122
80026
89788
77968
90275
84284
75965
95062
96634
102845
95143
101839
98276
75645
80104
75526
99539
99706
81435
100985
102616
102605
104315
94403
88632
83576
77470
80760
74049
95838
74080
75857
75486
77715
101661
81801
94570
82390
104995
98694
86978
96348
88934
104380
92830
94672
87670
101583
99361
80279
83887
86007
75182
99928
95919
100265
74750
82364
77582
96116
98671
81266
78153
97577
99999
80247
77822
92478
84282
73620
77151
79476
103696
104488
85217
91320
93035
89127
93492
97095
101535
92259
73336
95766
81890
95754
84142
74353
85342
89200
104044
77538
89733
81935
96213
94804
80037
78541
86473
77432
99772
76157
77145
86376
73613
92839
97150
96907
102643
88716
82186
83640
82294
84069
81630
75678
98076
73964
92766
84579
88705
76317
84514
86411
100650
76862
101102
91676
82455
76829
90341
91135
84119
105113
100601
75178
104801
73059
97958
78588
93663
87302
80352
87912
100813
82981
100682
90966
100099
80900
89256
72902
103311
94795
103319
74551
87559
74758
74876
84679
93214
92655
77754
78491
79732
74224
86824
105089
93363
102884
86466
80852
104663
75678
91038
76193
102605
96812
82466
97287
98112
94300
83061
84708
99504
77952
73779
80814
73156
81263
74341
75422
82913
91340
95408
104212
97275
90763
82636
76599
83883
89520
87096
104155
76930
74330
93740
85417
83358
81153
102864
104569
103290
88828
92843
104963
97802
103494
98654
100023
81160
98945
99986
103401
105097
84283
84527
90673
82899
95089
78542
91922
72818
84561
84338
104921
83849
100676
77170
92104
88935
103212
99514
78708
95066
101610
80948
90988
103368
98596
76928
82971
103547
94533
95979
82160
99645
96197
77471
80060
82085
90026
74263
94555
74032
87375
88278
93846
101523
103524
104793
77896
84304
79670
101194
72640
86664
101168
84470
103527
73232
102050
97025
100258
100551
97218
81240
94202
89382
99569
99432
103291
75800
75327
78734
98649
86028
77872
101838
103130
74313
94145
85447
95087
84610
104358
96742
95268
92331
85718
84187
77371
80139
100425
76361
80148
98961
100352
83906
96081
81771
80199
102898
81719
78805
80439
77338
90710
91951
82046
88001
88172
78675
80739
101030
102791
89637
87812
100600
78698
94572
83170
102857
83506
83168
93600
89025
103481
93827
94216
75791
82235
101685
102735
98725
89271
74115
98970
97445
95128
92353
73664
100886
91413
93784
101202
78812
98006
83808
84953
87271
74840
76914
85598
74154
99730
91575
94768
103631
75993
81221
98785
103465
84993
93100
81298
90602
90309
78539
88688
77334
75880
105193
105343
89143
78493
99841
92055
86355
82853
101724
98476
89627
91575
89445
82002
104805
76196
99258
97663
81628
88763
91007
98195
91638
76266
82935
74391
75047
103463
77141
102594
95573
100366
100303
79170
92555
102092
78069
85049
102129
97339
97089
78853
100604
92750
84975
91076
81378
99248
84750
76567
75601
90536
88536
73511
105312
98624
82751
88294
74182
103334
88776
92312
76105
77266
97692
74385
78202
105321
76253
76096
81056
88290
73782
88172
73202
96487
82870
95678
96265
96510
76766
84608
98196
84328
72952
101028
87630
101449
88747
77064
102957
86026
100557
104696
83164
84220
102008
85237
104300
85566
77664
90804
85575
73184
85859
103530
84325
76872
103522
75591
87234
99029
88656
89920
89359
94659
77192
90130
89255
104783
81764
73604
103622
101915
100619
85228
91893
72915
102538
86516
90825
94481
99367
86174
89037
74622
73713
82566
105405
95035
102812
73064
99573
77439
85644
73953
80168
102017
102448
78202
104533
101016
92817
91362
76791
91808
78123
74619
86653
98465
73211
99096
81657
74155
93913
81670
74012
87556
93448
94537
100706
102534
103180
94503
89482
73026
83131
97003
94537
75625
85399
99555
104255
87661
104795
91563
81450
83555
88788
77741
93786
90028
103666
91625
80741
86484
80415
93682
97819
79290
87503
90937
92860
105201
95321
77710
87913
99431
81157
101604
83673
104516
94822
87125
101197
100117
85226
81510
103878
93738
91055
96395
83317
80188
104344
78830
84851
83796
79009
102764
95922
87783
81263
102112
97332
97606
103724
88485
102266
77110
97169
76374
89920
102618
102212
101848
84583
80602
84581
81819
90419
94910
77155
96540
100022
73883
101397
88751
83596
105458
78086
86395
78537
90581
84752
73414
89648
95819
88364
91251
83622
95478
100488
88776
82918
103667
80090
103285
85621
74754
105205
93650
78553
81127
73113
73833
99590
81168
105616
97204
92185
81271
99830
84520
97864
103114
92633
94578
103705
104650
75778
80128
90579
85233
77841
88515
90674
97367
100304
80691
79199
100566
101313
98708
98591
100716
73209
86392
79691
84450
79665
93318
85888
93611
101915
101241
84247
80399
84210
104812
100696
84873
93525
78932
92650
80493
98901
104142
101262
94925
104653
85787
82190
82846
77298
92008
75375
92439
105514
90963
79982
104026
101922
79532
98347
82518
75802
104824
75551
80876
88964
89404
100179
84304
104654
75640
101332
87731
86908
79217
95586
96287
101497
101683
87912
82594
87727
81879
90417
82094
100821
73986
83800
99776
104328
104366
90496
75072
79518
93229
86086
102568
88247
79722
81780
73961
73236
87923
104567
85771
80813
101684
80148
90131
100221
75653
98902
100393
73505
89960
86987
84218
89249
84363
83696
102236
101774
98581
81641
87088
73805
94111
73845
83085
80818
87679
83490
79131
95441
97613
99517
91324
104208
76192
87053
86642
78465
82969
94145
76413
91247
85667
99494
102083
101943
102392
81437
81525
93785
104552
83917
90352
85967
99286
104341
96225
82846
105731
103364
81069
104618
83471
92557
93456
99790
84540
75701
84740
80428
97526
94607
87012
83906
84496
89642
94929
105535
105297
88009
78421
97300
79663
102291
78150
78797
97498
88460
89837
95138
74108
99524
82536
100681
86719
99279
86349
93199
90769
96628
104848
85799
90148
97705
82599
77378
82488
77504
76267
100448
99996
90843
73282
81125
92914
101797
98043
81647
74420
77380
82425
103143
77428
88457
75028
84566
79976
78954
102076
94714
104997
94899
90591
75290
94123
77304
84237
82198
88994
75982
81115
88130
90339
86587
84357
97012
95546
105834
88023
92124
78186
98723
97613
76948
82546
79483
104313
91000
98319
98376
79525
99256
85122
73944
105402
96172
74131
82019
85344
93543
93910
90813
100455
103822
77101
81104
102246
83051
84878
97866
105889
76093
88327
91027
98608
102354
102399
74754
73822
90200
75454
102480
93776
86385
100656
95565
103143
98437
90085
104145
84454
91228
100445
87798
81240
85484
90755
89476
89900
93039
104311
86957
99875
98745
81296
100347
86508
85961
97698
102022
105101
86174
105852
78186
93956
85836
103349
83320
91950
98638
100521
79660
85225
105246
92350
91103
90229
103171
93164
103230
80929
99882
79484
75003
105251
95225
96015
83651
100295
82848
75235
83567
79052
83953
84306
87166
99850
79217
91035
84675
101465
81583
93669
84827
96431
84692
99457
84962
84616
96892
75888
90342
81291
93892
80421
89500
80490
100004
102795
105426
85770
99968
87882
98341
94692
89593
99143
102004
103595
98313
74857
74389
84526
98639
87459
74054
99201
94375
99375
79206
75863
105982
92951
93541
102067
82789
92154
85241
103872
83043
101645
75538
92156
96144
103520
87057
75932
77407
104547
104500
102445
94012
79272
85589
81015
103895
96746
76501
79782
85439
83023
76499
96940
105266
97002
99233
93921
91700
80260
75384
78572
80862
89500
76906
75495
80377
103340
81561
99262
88267
84398
85671
98776
100145
76511
78701
86778
85230
100547
97776
95080
91971
87401
105104
104013
103360
103152
103043
78172
97625
89162
98690
93112
98236
92992
103362
95249
79074
81846
73766
98832
98532
85041
78515
100086
102417
84886
105284
86400
97085
74805
87167
76045
99931
97285
87815
74754
77135
90673
77043
81262
94973
78292
88448
93674
75430
102913
92418
84932
103284
79623
81185
95836
85587
84211
92481
86221
103939
103254
78658
85968
96619
90696
101482
89822
79921
77996
104095
73877
102791
101302
100826
101981
95560
85931
101848
80715
84803
74216
89107
81478
83159
85030
81392
100200
93376
89340
80698
74918
92464
78245
101583
80308
74785
85252
75673
77603
85482
73701
95168
89293
93713
75398
99358
78706
95841
98134
90612
76195
101436
89852
82139
94175
97330
99739
77565
77821
101330
104789
103812
89033
105919
100878
105811
85746
89095
90738
84980
84004
89265
76345
93394
97649
95381
81321
105129
86005
76913
81501
97594
90810
101432
98630
102211
104665
77997
105967
98478
81634
89905
99077
100617
91006
101337
78870
81462
74579
99780
103577
82788
93224
81324
91183
91198
97098
88762
86056
94305
105262
102815
81481
92948
91223
94688
79052
90931
99706
105841
99241
100205
87777
106118
103188
84656
81165
85926
97095
77024
106143
100865
84353
97231
94585
101891
104015
73834
74528
88617
86282
85040
90212
91156
91297
105193
98372
92124
104856
97428
103948
82342
88401
97185
93888
99705
79499
78688
97725
84301
89896
101050
97438
87397
88883
100127
82525
77535
81185
84927
103866
77962
75607
104701
98017
75255
84717
90144
89159
105683
82866
81740
81621
90227
95600
96690
86344
86961
85617
81923
85720
105719
103233
89386
85271
88217
104374
105274
89373
83304
100654
95397
83938
106372
77336
91568
92651
105841
81590
94755
94761
82797
80672
78661
100382
98561
90765
98823
105793
85207
77774
102784
93604
78539
98075
101785
95188
100420
82194
102922
87040
80581
89853
101765
98910
93375
78932
91440
75979
87210
82307
93273
102322
102995
97260
99430
101934
93816
89904
96522
83315
80018
74666
93375
76650
79602
81469
92528
75931
89359
101712
92533
85328
80927
87830
93381
90615
90596
97555
93799
87753
104905
100572
85546
87721
82989
95774
98966
98639
79871
89569
75554
102565
90763
91918
80552
93553
104851
106543
74261
96053
86946
75383
82789
99155
80541
81410
85199
87925
85147
81757
97340
74540
98038
97865
97022
81112
104355
101820
74175
75207
78014
99625
80055
104865
105065
76545
100387
77059
102103
75898
85234
81770
93348
76431
91585
83027
93032
103496
85001
75680
97931
75323
77207
86334
88667
81747
80445
101381
85851
105168
96712
87007
94174
77711
81457
85805
78805
103564
99864
96102
102118
102053
90989
79105
76990
76705
80497
94870
83879
102000
93405
92992
85341
86196
83296
79941
83485
105857
79695
90617
78336
92513
83609
96223
86151
93084
76793
95250
99959
81078
100719
93667
87527
81464
82672
90052
105623
77748
85853
99429
101507
103683
103858
102172
103096
86481
76416
82826
106599
106076
98717
77948
100920
80248
92185
102927
94688
97239
88693
106264
93686
77959
101136
83394
91138
87740
77026
105337
84184
78032
87660
99335
80676
83080
102639
87037
76869
77977
92125
94805
101215
97130
101517
81237
75435
81692
90674
79543
79634
87752
99854
80646
84475
94471
75747
84043
97633
76728
83627
104425
82472
105725
75144
102342
104625
93575
101630
85675
97196
92180
76896
88046
93485
74293
77704
74318
88578
74325
89291
101918
83781
75511
85805
100006
97837
95039
106704
86726
76329
83124
104883
88284
105776
87620
79513
88552
77394
103561
105542
92142
91796
91978
84721
105372
94202
78917
75255
85293
96997
98091
74701
87181
101791
84717
80440
103614
94773
106550
88768
87674
79493
89400
103266
79386
94871
78508
75653
75958
84273
94740
79151
89230
87717
102724
80505
96424
98798
100128
102208
98235
91131
91559
75550
88652
80203
87345
77720
85015
102842
87284
89753
88240
78491
91341
99616
88938
89862
97342
80437
87672
96883
94899
78369
81234
80264
81161
103902
81499
87344
74832
93901
85952
95213
88528
96935
99235
81263
101451
97206
92025
85093
90754
88389
94896
94867
98042
74837
84117
99109
94464
87185
86390
104259
79595
86404
93955
98533
79265
105482
86010
90089
84317
76804
75524
101731
86959
87632
84186
86324
92868
85753
95659
103902
101863
105386
86466
102038
99144
100969
86372
99227
82684
98433
105463
80071
103238
79296
76394
74339
80405
77795
74960
89152
92109
102991
82766
104195
81738
103938
79416
94145
106275
81352
88439
91596
102443
105138
79662
90828
97598
79044
105885
100625
104506
93166
85061
80935
102475
91454
97356
104363
97644
88147
84004
84062
75050
86293
79464
97144
97451
80291
93190
88127
101360
82061
84387
79831
104023
94020
96315
102236
76900
99534
76040
81966
101056
92350
101542
82572
92802
84580
83316
89701
75438
81985
88381
91754
88827
97213
91672
76136
90074
91421
106124
101845
83891
78767
86264
101289
82290
87623
97842
96367
99394
81903
82799
88475
75928
93403
105315
78110
103028
78747
80553
96312
86244
79508
101220
81037
104137
100785
101415
103292
78045
90198
103954
87980
105717
87958
85566
91367
75396
77989
83548
83500
76897
102288
102552
100863
95178
102955
84676
78084
76968
86859
91314
92876
101140
77366
75233
103663
104987
87640
79452
77915
76734
104248
77536
82155
100925
86186
95293
84796
85654
99141
90622
91324
98376
98583
100428
100867
90716
104088
98576
77671
102822
81885
106584
81866
88137
81422
99324
97719
88697
106778
83585
96942
98437
104873
88381
104635
82452
75603
84412
84557
79534
96015
95843
99398
102271
99822
95827
104015
89688
89097
80017
89454
85495
95159
106083
99546
77704
106756
103677
84238
98668
101727
94812
94492
86840
105363
104819
94788
76545
83961
76165
94661
85975
88299
81106
104691
105871
95099
96885
94090
83398
92261
98189
77890
107042
85315
91035
84899
97243
79360
89131
101659
93306
107151
82871
104014
80865
95453
100296
74925
89996
99076
82526
87370
98070
104897
98962
88810
107007
99112
100474
88668
92844
91542
96333
90378
98991
102120
84167
76238
105545
98282
94415
74759
77101
85010
104536
94443
83591
106863
86149
84767
77373
101596
104208
101509
105845
85625
76012
83541
84055
86620
92201
106351
103188
106883
88345
93423
104487
89869
96945
80130
91099
75178
97841
76793
100621
88401
107016
101276
95027
82225
78833
83137
104861
97769
97891
78621
96251
77819
75048
105305
94240
90750
79179
101224
96517
101908
93240
103705
81681
83996
96799
104168
104855
94761
82841
100122
96673
97714
91790
95497
79340
104459
99926
79036
88115
86675
74526
92346
85936
105264
98446
89632
77025
104696
90025
93938
84616
82225
102388
89775
100341
79996
105434
91432
96391
87117
103503
88977
76913
86174
81844
81881
95930
101861
77818
98871
87176
92995
99339
86278
88477
102654
88165
87762
83490
81713
76552
106163
76195
95426
79507
103129
79708
98965
100522
84329
77747
89855
87962
103304
99077
85374
88896
98996
102821
77479
77095
88155
77090
101471
95216
103334
81609
79438
89591
102806
79723
98961
77619
95059
76897
100015
91742
81601
83404
89295
81238
93523
90657
84264
100548
89380
103142
86968
80635
88132
87734
76345
101923
75343
78987
89681
104854
89157
105533
87049
87690
89749
77893
95360
88049
84347
89287
96481
80285
78732
90064
90514
101032
97936
75484
93614
79635
76431
75163
75446
79021
89903
100852
87171
96054
106301
94539
93567
94149
88713
99071
87829
105319
86519
103479
100966
91401
98771
80095
94526
89752
99941
91629
102214
103782
77509
100585
84859
99792
78321
80044
93662
94750
80413
90984
75117
106666
80458
105960
76371
83269
82458
96281
86108
104918
82915
96970
105899
92740
98562
78512
80303
104342
102514
93357
84051
87641
78749
100177
99701
76866
93553
97698
79002
94485
102327
102168
80096
87749
78496
76012
92468
81117
84641
95379
95428
86814
86145
77701
93111
85866
77745
77890
81948
80609
93915
81047
86817
105033
83645
103709
90758
95667
105272
88580
92753
99163
101028
77070
85698
96721
100199
79070
90761
85334
77766
91507
105783
89225
88059
78320
103923
86083
96903
101278
104046
78527
99017
86579
88601
98814
75216
104789
85397
82281
81262
91994
90730
85689
88461
86354
84733
97812
97222
104519
78524
82296
78128
76739
83612
89949
97910
79251
106949
97430
86573
103115
94859
97657
94564
89610
93089
98879
103036
93951
87433
98990
105018
95020
87119
85237
77594
99306
79223
93143
104166
89518
88628
79883
103048
105610
102875
104675
76829
106999
96406
79917
76618
100305
77405
77143
107475
83107
96802
91094
86633
91429
77132
82119
80836
98051
88935
84951
82418
82144
80410
89953
107503
82843
81241
107479
105333
98513
82907
88675
101653
103075
92111
80590
97927
106681
83915
92320
83775
106118
89093
82825
77632
81614
76741
104191
94261
82022
96026
93481
85182
96316
75981
100604
78344
81047
74899
84900
104352
103839
83334
100645
102793
87839
106710
102466
84108
100234
90300
92574
85199
79932
84912
102945
95913
78595
84956
79005
84405
106718
101072
75441
101925
101892
95607
77038
103513
93992
80970
84537
87729
101372
107459
106096
93599
94964
80149
104529
100864
88652
81690
97943
92588
102988
92045
103525
96843
93387
76921
89320
106091
81394
89585
82489
84176
88642
79874
107392
90635
79320
103654
101983
76879
100592
102266
75662
104831
105897
76275
100034
83851
76552
85196
100820
104189
90430
78338
90911
102351
101166
102532
91946
100480
92458
105445
89479
82791
76029
76885
88314
95814
106287
107215
88798
94242
75140
89492
83397
86354
82630
86231
90975
100823
98244
104378
98717
102891
101787
102777
92949
102620
106804
89829
81577
91675
75790
87061
92771
84112
80446
78424
85412
94257
93620
81517
83582
97747
93887
100087
77406
103744
98772
93995
100846
89481
86667
86476
94265
88990
78826
86105
93457
88859
79334
107141
90797
88421
78887
96743
77463
75510
82444
85491
103878
78581
104431
107561
80902
79114
91562
75916
76449
76144
77401
76374
76344
86860
102754
86250
95218
80189
107699
105738
97753
86068
83019
100938
91776
84102
97020
91332
82921
78143
92271
75534
88487
91578
84072
95337
96832
96622
98123
99131
104405
103947
85984
101312
83973
98246
106067
102140
81678
78832
91263
100852
99893
87502
80747
92445
94569
89509
106005
86037
104483
81428
84335
100753
87440
95142
89512
78743
103410
78504
107692
97261
91972
75576
106990
98513
80668
97183
85861
76266
104406
104673
76756
101759
82671
87442
97871
79335
81583
100074
94971
88896
93451
75804
95509
91492
88521
101348
92726
84505
94181
85087
78549
105352
106036
93472
103437
88817
77639
91008
93856
91036
88210
96565
91965
98835
83149
81191
91134
101262
105883
95871
99125
100783
88170
85504
94056
85615
84634
106906
79002
99417
84193
79420
96972
102134
87534
80875
84420
85896
107596
88081
80397
107002
94090
76311
79679
75288
94361
97845
79745
76028
94581
107145
101451
82632
82951
103015
77937
97435
106571
93169
79709
103101
77230
91111
82331
75549
80826
76736
105116
96254
93684
97785
91059
93933
89861
83117
94308
105462
98073
101990
79838
94487
78213
83251
98246
86517
93612
89082
107574
84942
91939
91664
106758
100783
98579
85255
81994
88295
102623
104647
102939
86459
78855
97760
102811
96347
81229
75295
105267
92693
97558
92000
104479
92873
92434
89250
99117
91805
91935
103777
76481
80881
81771
85792
87069
90518
96729
93509
107487
81210
76455
107305
94155
81447
94797
99440
89547
102446
79016
94102
95284
96989
84823
100043
98123
82169
79718
76545
94216
103464
103977
77123
104474
94445
89451
76360
91946
95961
107209
83016
101732
102656
94808
77582
75572
98987
96398
82511
87629
76876
99167
99898
93168
105655
106150
93776
100459
82574
85959
79478
87008
86525
78994
104008
78919
78504
100715
81585
107702
100834
88744
87480
102880
79136
91451
91293
90077
84141
92817
93221
97577
91807
97210
103218
75502
98825
98249
107414
82566
90738
96638
84265
94267
97158
86050
83738
80722
93452
106419
104322
101193
81688
87105
76095
80476
77442
103576
77823
95566
105878
81951
80539
84069
97549
99328
99239
97719
82237
84873
77895
77988
79756
102355
94531
80548
86058
84641
80478
89411
77824
102538
99300
85353
106211
104027
84611
99295
108046
107959
82267
96015
94927
83200
92760
107019
86400
104059
100544
97489
87225
78510
107016
84430
97476
98829
98540
89248
95057
88534
93887
81440
77675
90170
104191
86432
103851
97213
84268
89969
92332
86495
101594
75945
105918
104700
80902
92194
92639
82289
104358
91334
105191
80384
100995
96522
102658
86902
101963
78777
93283
100234
91874
95731
82743
75529
75770
78453
95192
78640
80099
78363
91972
91737
84644
98722
88013
77787
95306
93363
94226
75563
92544
76317
87597
80455
98144
105827
96046
105300
95113
86390
75465
78213
76146
102595
91979
102720
86526
81520
93650
81788
78160
87267
79550
83054
95968
77189
81507
86372
89038
95685
78336
97777
97143
95583
77045
90186
105031
100830
87600
99568
85710
97119
94697
100751
82197
102041
80783
89894
95282
96282
105474
96105
85530
103635
102402
90468
86455
101335
86760
104800
81722
81248
106899
102410
102067
107283
76198
77010
96478
99717
96497
85906
98880
76541
98604
103792
81011
91004
99307
91397
78271
103930
96974
99775
77546
78579
86008
83587
89936
77858
96963
96151
94006
94605
87218
80832
75867
82881
80552
95399
81104
84831
85591
85633
78858
101847
93178
77551
77366
96116
75847
101155
94668
98969
92831
92485
96103
91210
96137
102677
92116
90605
98142
77777
82024
78930
99654
95065
102807
105458
78434
90257
101315
100980
92491
92423
85586
99702
77244
99286
77059
108169
78987
85450
89986
89213
77790
95428
85818
86496
76699
94816
96106
105665
101920
88534
101243
105401
102709
81182
87953
107565
83774
93528
102240
91597
98486
105066
98113
75616
107992
103915
86916
82116
88223
81216
92680
95792
94961
85764
90634
104637
79127
77742
89659
102437
79985
90477
77077
78282
96872
78679
84846
100602
103331
93123
95566
95345
94078
94707
80126
81183
104376
80631
82017
100908
92267
97741
83079
87610
81986
94925
89984
84458
98534
107077
77934
106401
95161
99936
99806
95372
91847
99404
98905
76513
103930
98459
94005
82280
78989
103146
78257
83003
76482
105665
104002
80586
89048
83899
91687
79649
100407
77543
97091
92782
106479
79725
83500
90813
104800
89205
96896
87559
106554
94788
87416
106091
77993
107688
78527
84923
94921
78999
91012
93754
92768
80147
97230
97956
85708
91984
100879
100207
106298
108057
93437
95057
83737
94320
80797
107778
91855
84853
95136
80963
103594
86921
90611
76831
76313
107698
96658
99953
94492
107073
101533
106662
83449
90547
105389
95684
98609
81110
77672
92587
81330
85805
94291
86428
85838
90772
94440
91639
97644
102183
89577
98633
87549
103009
100595
86149
76978
106881
98646
88210
105068
80690
77604
95494
102645
81002
107656
78898
87789
81043
104793
78942
98311
95465
83183
91733
79221
79651
100918
88357
90784
79701
76288
95008
104989
77077
94112
80934
83676
102365
101300
105767
97699
94896
102722
80099
99003
82688
84231
82420
88042
93904
85771
94735
91809
79382
77433
99975
105077
76643
94126
91666
98259
108485
85136
86992
80624
79341
98081
86921
92928
80013
89684
107319
85416
86020
81183
93636
79541
82749
81873
105236
77838
94164
105382
90438
87527
99707
95384
97079
82744
102557
85369
108616
107118
104513
81471
88418
79456
86832
91295
77623
94084
79962
82653
77258
90467
93814
98530
84273
76874
89833
82831
77721
77635
94185
101969
95372
104003
76258
90869
98671
104613
85016
103358
94031
97239
103567
97205
77277
77396
81704
102721
105398
102098
98316
100087
95208
78780
97613
93875
79026
83682
101323
103144
91020
84336
78677
96820
86631
87068
81425
84280
84534
108452
87838
95910
81581
106872
97399
99739
94025
92339
83995
80432
104848
91984
87147
97356
106650
91035
81875
89276
85456
85477
103340
94341
102132
104060
103009
95864
87394
106459
78033
97032
96917
106781
81653
93785
85484
101560
99267
90265
77742
85863
86098
88211
89421
97128
85566
96385
86759
78824
101710
91426
91666
93372
103508
107277
97753
86609
96597
89669
101378
93670
83178
86029
76691
88568
107750
79614
100500
105214
78393
103766
95509
94295
85525
76179
85875
78209
88655
87361
105944
101259
86279
91664
99073
78541
98187
95529
94276
89302
92281
86210
80081
104102
102692
107504
92728
84766
81465
86205
101931
101812
91043
77947
80261
97643
84907
77400
101516
87043
80228
94258
100467
95596
100934
98732
89636
103297
105241
79233
105020
80371
95253
78104
86614
87683
98375
87641
79756
102773
87094
98240
78395
100929
83911
82607
92935
85131
91998
76809
91423
102741
98374
76540
101826
106612
85075
106014
91395
91712
98501
79548
107465
102800
83056
108142
99097
85478
86298
84719
100504
93670
82981
85036
97355
104973
90734
90267
93090
87967
86900
76750
89525
97249
104381
93000
105677
89993
81525
91535
80166
91763
106073
85891
108787
77717
103891
105453
76195
98613
104038
92507
83555
83289
98125
98860
108516
76416
101215
107239
102750
81039
87606
96977
77525
100878
81040
105150
104603
76180
105461
83495
77846
78720
79259
88701
80323
99306
80006
82109
88187
88282
79603
105797
85493
106679
101111
78310
107661
101634
93796
108090
108099
81220
84460
76343
83207
104004
98185
108293
88116
104830
78876
94733
86874
86225
89172
79443
88640
107128
102609
100357
87593
106811
93577
87636
94295
77030
98411
77698
103886
95995
101187
101180
92250
81828
105694
102187
82131
89835
83310
98758
108192
93741
92719
89962
90234
107980
97355
83372
98930
82725
104188
108782
105782
101058
84208
100400
94864
80592
101617
103209
86831
98771
79301
95894
100778
85400
86355
82643
95938
99947
83720
106664
82664
101003
79225
84069
84223
97755
86858
94001
106082
82394
87886
106143
89129
76245
76783
76418
101800
81756
94673
80131
92217
76530
103858
102640
77884
103688
97685
107095
94043
103213
102687
97620
90131
95615
106817
76583
78447
100453
94999
105865
101911
106112
94736
108609
95626
95966
85328
80114
93864
86897
99410
82231
103539
86976
108242
100081
95766
92125
84970
85728
91943
94103
99451
103793
107817
88560
85198
84439
95829
88274
82299
81757
107930
97533
105354
84219
98274
85572
79833
78631
79511
78841
77245
102381
84837
82342
80108
100674
92482
80893
96923
77206
85676
92690
87523
92840
77106
100040
93033
76446
107062
91785
96318
83797
77041
107835
105476
83958
83384
94319
84563
105674
96893
82395
93019
85327
79000
105994
94154
85131
101320
76626
89072
92064
84596
79111
101920
98977
100151
93934
83034
104356
96156
101620
107816
76824
90150
99104
85958
77913
83348
98759
79749
97666
82786
98815
85617
91523
76691
95829
82738
100723
86958
95171
87600
92711
78599
91868
100859
91907
79423
108874
78569
106256
93198
101242
109057
92239
94016
108182
108311
86349
78334
101044
99897
90360
101967
105805
97354
100529
81887
80880
98029
97442
76542
96055
91045
91730
103659
96763
96826
107894
78163
94404
108126
103179
108821
99715
81040
96929
97864
82820
108097
81402
94591
96158
102709
87763
85067
90285
77357
76546
79106
83010
82627
91841
94143
80792
103061
86346
77994
85194
91045
85924
91002
107588
107008
100796
101432
98935
91806
91575
107845
78290
91530
85383
106142
104685
100162
94908
90719
81159
78177
99485
98950
84146
98939
101496
95226
92877
99657
91190
96972
106931
106246
97074
76732
83634
81176
89420
108287
93631
99827
77881
94271
93543
102715
105245
100324
107273
92968
85083
108946
83779
91951
102827
87026
91818
99807
79470
97718
86718
94729
105535
105431
106269
88355
82379
89377
98038
107246
76770
81650
104129
85079
91342
89919
103981
92571
99811
77783
77402
103343
98135
93932
79945
83167
102996
100559
106385
92341
78156
83707
91475
107292
80525
94293
85871
103109
82197
81586
104440
103114
87975
85402
78054
81810
102942
91724
94219
82676
78082
85249
79689
76703
76633
95093
93441
86969
101055
79012
88270
105158
85433
97745
79988
95948
83015
100557
106771
106676
105144
101238
98465
90100
100034
98430
86934
80235
84690
93550
90857
99724
99233
84458
106044
78271
95240
93238
91732
78084
82709
106233
89035
90074
90206
83009
99849
89951
98965
109000
91760
76728
95325
94838
84951
94643
107356
80166
96826
92075
107922
86189
96943
77229
108777
83224
108444
96472
98573
98870
84264
101898
83837
82775
87535
85945
82403
77906
76794
90910
98977
84941
87534
77977
96172
104120
77955
82769
88989
101659
99384
85019
81157
90130
91974
84893
102401
102677
97234
108467
97807
86653
89702
77841
92192
86340
88226
87594
85743
85005
76847
105553
103824
105316
100853
98334
86604
102214
100750
91156
106924
83428
79098
81024
77780
90020
97428
99236
93202
78953
108356
80149
105143
93716
103159
94306
80166
76875
88396
78582
92202
103801
76944
80192
86157
96533
98541
81681
79334
91944
87518
96069
76722
90377
78822
90789
106662
100203
78466
101900
78916
92570
105052
97225
101037
88578
96193
80965
103094
93169
78165
96742
94781
97950
96006
97330
101566
96617
105790
91704
88097
105828
79965
78891
95190
102419
101478
80977
79396
99184
107768
79643
107454
106290
108929
103062
99736
102223
82350
103682
102648
89024
106022
103103
87504
93572
96631
80753
91979
91367
107856
82524
94886
107780
96242
91664
79937
80009
77281
105291
105206
95162
103391
89883
80297
96185
101658
95299
83744
97028
84389
102368
103445
97087
82213
80204
98186
80948
83405
90435
82269
79896
82828
95300
82716
91407
98180
93242
97050
95219
93119
107868
97731
93265
90909
96850
80172
84405
90513
93081
102127
97832
101517
87592
81973
97782
106427
97620
90132
80053
102894
93169
81948
107394
99928
94394
101164
80014
89597
80371
98954
102362
97639
87116
102707
95550
105116
102665
108912
106416
108365
104288
106666
93635
109392
107810
97663
84846
107345
82590
93206
107791
79812
93635
85167
101295
90141
98436
102526
93832
83524
87681
88249
101828
97859
95715
101360
101000
91714
81799
87453
79921
82614
92768
82940
103134
92885
85526
96284
98094
104781
82163
105526
79691
79157
101632
103487
100647
108356
82027
105657
84485
102209
89388
84942
107324
93626
109544
108703
105527
103929
79382
85210
99777
97332
109408
83082
109183
78852
79436
106548
92350
78616
99355
93471
104816
109611
99314
100339
92272
103987
106807
97670
98830
78812
97598
93682
80327
77620
93221
108011
101972
105896
80124
90703
77543
98351
95529
94719
91569
103365
87819
109038
101287
99867
93150
89975
92550
90765
106719
89332
109076
84820
92080
99468
82345
86781
96765
103756
93935
100889
98400
83577
80102
103735
106626
77093
101931
89871
79492
106497
92537
80640
81309
101746
106352
101309
109572
96231
80277
82499
83472
101481
98971
84238
109725
100212
108513
77708
109235
89093
103483
109010
99938
86260
92149
80014
88304
100484
78357
101692
78391
108089
85729
97949
101192
100073
102305
106853
85076
81686
102310
88372
92621
86907
88715
95688
89288
90085
83899
77937
96934
106564
77619
105925
94195
102402
88970
92052
90766
103315
89390
90911
98058
90190
107248
87940
95573
104059
97219
100477
108695
82349
91584
88394
104029
78674
85614
105452
80119
93064
108609
90260
92446
99378
96608
88411
99035
86603
83883
108083
86436
78203
99837
105758
100295
77288
91822
90782
83212
98383
79709
91756
94357
102483
109036
104556
92682
94485
77515
92641
87539
101380
83066
93918
100709
93687
90185
78845
88289
92793
87139
105554
85625
100707
87818
88994
101172
94897
102180
90321
87988
85134
84471
83098
108566
81841
81457
102531
104218
103916
98347
94735
105604
108290
101230
77365
99010
100282
99703
92433
90062
77617
105911
103898
103766
99956
77534
107284
105499
104014
99673
79622
106135
83807
93977
102511
108258
92270
96407
89973
91094
93953
97045
109278
84338
108074
90150
103810
102524
81827
81520
104448
88426
97053
78769
98993
95875
88022
106496
89050
106818
99434
108118
93734
106235
98539
104012
105299
104640
108339
107302
83755
109190
101753
101393
93878
93572
96035
104873
81838
98780
83931
103614
82995
88957
109797
105048
95936
87624
94384
94456
86622
87410
109739
82721
78615
94761
85337
90903
105134
97658
105640
97255
109965
88434
83583
86951
97279
93571
101270
99071
93087
80426
104074
83433
87313
85967
108337
84404
109039
109805
100395
105551
79622
83826
99001
106692
87747
83305
83154
109827
108520
108758
93556
79073
105603
94945
78649
108128
95521
98871
88362
88881
97343
77998
91607
82807
103937
95272
86184
77262
96295
100025
104814
86156
106044
88588
97853
96327
85520
88578
82814
98199
82025
82589
82496
95260
82422
101661
78031
101571
90244
79976
88456
87366
96372
94383
78827
78578
79469
88655
103410
108205
90446
99317
91041
94263
98407
82950
105183
95920
78312
99646
92548
105051
83353
83607
83891
86945
94156
86636
90218
82777
108689
94430
100951
104518
101160
104823
82670
93665
84412
92173
90040
100441
100686
88297
92654
102873
80367
102441
88134
81161
81714
77923
105229
94423
97505
99467
77430
90487
105455
98583
108338
80552
105390
90208
93504
81722
99138
89676
104711
98765
83798
87850
108194
105179
79885
85469
95099
98297
101179
105789
80411
90201
87766
88250
98368
109204
102311
106563
109360
106406
90181
93030
77390
104250
93252
102328
100331
88361
86954
99959
98398
77885
101026
79214
89943
105018
88437
81689
101232
80159
104629
105994
83973
92585
97724
102283
99654
107289
101205
102789
95882
99383
96952
96160
90855
78231
78012
89004
91135
92443
103240
93504
100124
93881
86794
91296
99456
79486
97644
105700
98550
94163
92868
104791
101805
87552
89291
96798
88646
92654
90449
107546
85292
96561
85295
106511
95780
104005
91004
95493
102181
91672
97540
98798
98153
91849
82933
105098
103620
103344
88028
93064
91957
101022
93648
92654
105147
104038
82157
86458
95081
82588
91909
96201
94141
89244
89489
94969
89390
99790
90862
90251
105220
80681
94150
83915
98156
95734
91340
90354
103116
84439
82092
82763
103764
107527
94785
81557
99030
102371
105225
91049
100567
107690
87511
98396
107238
98433
87496
103079
86316
95418
94584
96005
105797
83797
93814
87581
90446
110023
106741
103841
99647
91387
78788
86134
108155
101015
109696
104981
89510
105344
98312
102705
104119
80800
84785
99738
77646
109287
99259
79201
85831
101263
79236
91453
77711
89509
106492
88109
82742
86981
83929
92767
95942
91429
86284
86865
96724
82132
79091
86838
83668
99908
108752
85915
89394
91911
84090
107338
90526
103894
88402
107886
104615
108247
80249
109561
94091
83232
85824
101699
100173
90487
101600
91379
95753
81499
89196
106531
78469
97609
100355
103615
89608
102712
94794
108590
90223
80486
78617
84277
100989
94038
93301
82200
78451
87833
93119
106498
98016
80078
92970
84134
86971
99429
100211
89895
103855
88232
81356
106293
79798
109179
99865
89466
83689
94562
89438
79924
92311
97605
87160
80675
97940
88432
96012
96933
91603
90334
106174
92704
99127
92087
100003
94624
103079
106007
78584
100033
93281
102417
98580
85200
78992
91892
95131
98349
108832
85964
102133
78067
98769
109356
88574
102619
104074
92715
87807
88158
81905
81069
100574
100122
108088
95460
88209
99191
94777
82966
93912
89482
103622
79008
87596
80186
104506
99643
96498
107425
77908
84350
86005
87989
97350
95140
87315
79399
110344
109456
101943
95371
102898
104206
83079
83898
103818
96092
80862
101748
91291
81897
97916
80202
109959
100956
102652
100539
103901
101336
107143
82590
101422
94078
101704
99776
93213
80436
80671
92877
108726
105381
82586
97652
94465
86153
86049
86214
99030
96807
110448
78559
106482
102168
100683
82889
88395
84301
108908
95133
107681
79188
90305
109547
94294
83670
88020
108636
108927
104037
91531
82582
92219
109684
81425
79200
79428
97703
101908
105223
107459
97358
87601
109312
106089
90924
105132
96974
81595
105852
80741
83495
98221
94262
100359
98898
103539
84110
91267
82131
86164
86973
102845
107850
87616
82949
93828
94873
98019
91887
83144
95045
78330
94424
96007
82207
106022
106923
107017
77859
100478
108272
100045
90272
108074
89862
86211
81049
78894
90540
101436
91243
82307
94663
90398
85681
89964
80991
91612
106341
109575
100586
106149
96840
92962
81613
97500
87171
106833
91168
94921
100750
91453
96689
94094
79697
88895
88140
87900
107913
102190
95034
84966
81006
106613
107528
88342
85651
95336
91018
88575
80397
90840
103454
109076
107735
102628
82229
95895
88181
93715
96272
83028
98520
100256
105928
97678
86658
108053
91793
105530
89066
92443
86591
83051
99874
87441
86538
90894
100535
100827
97166
107735
87257
101501
93462
88443
80827
92392
83737
104224
87101
102035
89861
78353
91081
108110
102204
89271
85626
86484
84060
99269
86660
100767
83908
80562
103120
101632
104276
85100
79078
104558
80499
83019
103952
87583
109655
99139
89020
81109
103297
79199
90915
86267
85638
80746
87080
97264
81429
89327
88963
93603
94262
87653
86046
80992
102608
104355
83903
79593
82798
83610
89832
105673
84546
88642
79868
78053
106091
90581
95650
88660
89459
85052
78958
83824
110620
82886
83903
83757
101980
94752
81379
85162
99494
82050
94082
86278
89707
92198
106041
100213
88545
91902
91781
104339
84227
109734
100579
86520
82905
103320
85557
103180
86009
96927
101224
83996
106830
103054
100436
84654
88088
78897
85475
99858
90164
86660
106358
105274
87454
89379
107396
95948
102964
108290
98180
101748
84156
107870
92942
78463
86313
105203
97853
81062
100890
99184
81751
93479
95140
86824
78768
85275
91985
89866
96203
95491
102760
98515
107203
94884
102255
84866
96489
82197
88047
91148
78255
100118
85879
86610
87237
102307
110307
89680
94849
110793
106206
85399
80772
103609
109734
103677
80795
104731
97296
86675
80867
80036
88779
107479
102449
78571
104680
109611
86960
91768
84634
89990
88268
102686
87867
91498
86095
92812
96656
108566
93130
85278
103758
91132
98103
90361
99805
84853
91612
97622
84571
103092
110195
78878
78564
96248
86663
80824
94993
105478
97569
109342
81342
81623
107684
80951
85521
78990
97270
100449
98744
108205
98016
95052
92273
95623
105912
79887
93392
85497
85053
85109
96829
83797
96194
102040
83004
105887
108687
94386
103153
89084
86660
104239
80099
101223
104703
105735
103936
80294
100864
94794
84961
93308
103563
100605
100176
87329
81486
82980
99079
88047
89220
89376
108475
80990
87065
78651
93529
104754
107791
80258
90512
86259
83232
95955
96143
78494
101797
85046
99600
103066
82102
95600
102549
94189
92563
96214
87281
96688
105538
95072
105995
100544
88186
100862
90847
90551
103360
86319
82117
86811
110288
98767
80886
99285
88638
88624
92492
99812
110173
91757
91465
98642
96864
107259
80987
101223
102079
109953
108638
97822
100061
96234
83811
91093
87527
78264
110512
84808
105215
88987
99592
104384
98458
80194
95020
106888
109350
103793
78241
80545
97009
101460
95412
93110
107846
86035
94140
97618
92377
105382
85151
106833
90468
83947
81047
86165
81555
79605
99894
110842
90654
100775
79016
104331
108852
86914
85049
97014
91424
82108
108566
92733
83751
90770
91480
89007
82863
103903
98110
92183
110759
79852
98490
83507
107298
105866
94000
105063
86085
98398
86650
93875
95588
87677
97839
91875
101224
84025
98341
99589
84340
79930
88116
102944
80584
102864
89405
98083
93157
86407
95083
86556
94961
97276
96185
95146
87902
95984
99509
94389
105671
96411
95363
99420
95514
98626
82980
97839
89596
103180
80889
88223
109929
105490
98690
103346
86427
83637
95852
108540
84014
107572
100555
107978
102529
91518
88228
87200
105823
104004
87726
91878
100831
101971
82009
103902
103816
101665
105744
80345
109497
78757
106683
78507
96840
86124
104329
78940
88938
111082
81644
85024
104147
94990
110565
110985
81438
95769
81537
79868
108654
98735
94884
95330
86358
78894
97797
92959
106230
82240
86906
88648
86887
109996
82806
95248
109914
97650
82383
105860
97275
100374
80069
99705
109084
91964
101697
108482
99471
78709
79962
102566
81875
99161
104989
95377
98548
90326
92558
94217
93612
108743
91626
99300
100302
100552
109871
106936
88036
102217
89054
89236
109335
98786
88576
102893
92240
93670
96615
106203
82077
108347
84278
95622
81622
108905
82596
108250
96896
102128
78588
78979
94705
103135
100072
81685
85941
86178
88816
91274
106289
79388
95550
90866
78982
89078
101540
86886
84921
79926
98528
102718
107280
89875
92190
106884
103615
83463
103870
110248
95171
81191
97880
93300
110607
103088
105725
96323
99814
103650
81344
100718
81032
91665
86389
99848
79888
87801
110265
85963
90781
80722
91187
89425
110768
93348
98329
95112
83157
94045
94453
103264
95878
93729
91049
94150
81996
98145
82608
98262
88359
92463
80552
98636
97584
87888
92173
98108
108925
79763
102984
110852
85829
110690
104424
83326
82500
91543
94255
93818
91745
98193
91600
82027
90255
108678
93943
80480
85745
95258
83594
100918
85057
91441
109230
90380
82546
99842
91278
93176
86164
83566
97624
83192
83961
103567
83079
94252
99478
91027
101224
80194
107691
103627
80343
99633
91047
95999
106570
93226
105542
86021
109330
110539
79356
107665
88797
90519
98710
111183
108158
85411
84255
86063
109041
97681
104192
108801
83609
92098
96364
99393
104653
106184
81659
102708
91795
103706
99733
92212
93099
84236
97426
79431
108240
93438
82207
83703
101434
90067
82916
90206
82279
100773
99044
107905
83483
94390
105124
94943
110246
105130
94863
92489
86885
101876
100505
105203
104843
100239
106531
102092
80161
80110
88094
101899
107596
107061
93300
94218
95183
89257
108195
88152
97488
92517
82347
105226
95199
88144
83243
80721
82228
88907
105415
79954
92728
104879
92364
105521
78920
88054
90391
98671
91317
83896
109363
98935
82447
103386
101057
83827
80547
97538
88861
108132
87106
105037
105790
100722
84292
102981
105694
102272
95949
90125
94427
105220
98383
96479
88798
82710
85072
91577
84538
88775
81518
107858
99863
98995
86688
92755
82639
96474
97726
100804
108184
105131
96068
110020
98660
85346
86099
106622
80901
82068
97272
82776
82581
81672
109745
99949
93717
98761
109357
95294
110932
80249
100948
107940
101650
82408
89223
111114
102246
78822
85545
94168
90717
84309
84318
104754
110052
83842
100114
108771
86248
91061
110910
99220
79291
87558
96870
82242
83386
102003
85607
109295
81965
81968
98415
82071
96366
79678
105037
88933
81742
109631
110827
81959
97204
101001
90648
79360
79495
89209
89995
95580
105934
86537
109349
99113
82710
103845
92279
85061
104724
90939
92036
103730
95372
103826
85192
102929
103538
105948
96889
80590
95566
104846
106252
110488
95205
96879
101627
82324
99093
95471
81862
95186
96513
108731
111160
100480
79726
79758
92651
93789
111469
81482
89102
107121
106555
91207
102246
88572
82277
95467
106387
100524
108591
79739
99733
104210
90167
96560
84366
89431
85846
97678
98761
79403
85191
84209
82684
81407
111499
96617
91594
103028
95243
106951
83340
108051
92416
88824
89169
97342
95120
98194
90147
90470
107193
83373
83341
95103
92659
109300
84826
102065
109329
91900
95134
94801
104297
88020
101883
111119
109620
105693
79645
83825
85560
87003
94599
87936
84132
109645
80786
98497
111419
83194
83634
83302
99252
100301
111612
91590
85601
96226
96741
81675
96784
108001
87885
98858
92975
81547
96188
87833
92723
92050
109803
81980
84282
89774
90502
86560
101614
102125
108848
103275
105645
102475
102856
104723
81384
83330
104938
111311
89801
101411
94393
80843
95257
111334
90844
91040
93792
109118
104647
99203
100942
107313
100924
86972
98393
102503
84753
103771
87976
81281
103731
99366
90160
94380
111595
107733
104477
84597
111712
82818
98419
88031
98142
79451
107765
101042
82005
80026
88902
101399
81317
94647
97614
105826
99864
97499
107231
97071
104368
99481
106136
95920
91044
83673
82442
80197
86949
103700
109850
91725
111717
107719
109734
102205
108890
82977
93292
110063
101824
83711
98343
104764
91869
81947
100346
108492
84872
88704
95250
95533
91372
91970
109448
97571
93322
95083
105092
98623
84861
96824
93096
93363
81666
100230
94380
109157
108087
89735
97861
106818
89379
96441
81740
84693
84215
94489
82716
104472
96659
110484
84796
104586
99404
92350
105534
104321
97261
83398
87526
107458
109051
84138
104079
79183
93502
82087
93643
91520
90492
90868
90698
93525
111752
89007
102141
89611
85116
92952
105338
83949
107330
90877
103331
82797
97113
104565
90754
102515
86485
105937
95352
81909
111016
88272
83095
105416
85025
84242
88396
82102
96946
103119
95297
106192
101878
106953
96641
87045
101874
96383
86494
103668
85916
98212
85136
104447
99225
92623
82974
79521
107083
98164
100994
80129
88331
91923
90248
98247
89267
81327
97399
98350
83296
103298
91123
83546
87926
106735
105762
94701
89572
83896
97038
90325
96681
111729
100682
97383
101015
111669
88793
89266
103766
103063
81995
79373
84653
103387
108841
83187
103421
89959
111763
109585
84238
93812
111912
96412
94990
86793
109606
82152
82135
92970
98258
102711
102513
87117
94491
105167
111064
111373
103546
88399
83711
107298
86556
107074
91412
91025
110915
86773
88838
103200
94954
102534
82245
102669
81832
85566
79561
87551
93398
101920
94037
88381
105716
102338
95997
87582
81737
90460
85734
99777
111306
100127
83789
106749
102461
109768
80586
81563
90014
103796
102102
90563
81090
81334
105868
85173
110394
91111
93356
93114
80250
92861
87525
93273
90939
84511
99412
87245
82717
98872
93000
110519
84881
83147
105032
106513
89846
84166
102999
94563
93954
97305
98422
96313
109412
100296
98667
87764
99239
88639
86721
96800
98394
109543
103696
90854
79726
111094
99198
102211
90079
95115
83078
104537
84119
95482
79864
88132
79503
109924
91713
109647
93751
96908
95469
108392
93208
100069
83050
84178
102583
87536
105231
101146
82877
92868
98652
89932
86614
81134
111492
92262
101591
94076
85032
101133
92067
97877
101478
107903
107343
87500
91410
99273
81924
100468
107843
91194
81957
104245
94738
106519
97842
98207
93086
85136
104941
99455
107348
92147
82107
91312
83821
91936
87372
95284
108471
79677
80510
84867
96153
100267
83327
98595
94545
94264
105266
106873
81537
83862
97493
88287
84458
81420
83936
99319
89719
102507
109872
105022
79741
91972
90980
108260
91713
79448
88200
82907
110779
110672
108273
84782
85401
107182
86375
111252
106887
85508
101002
83269
90542
101987
101230
110604
81786
92183
81289
103325
98721
85137
80847
102698
110177
109477
93979
99633
109321
107766
84433
91288
95418
93614
91841
94203
87663
81522
102223
110917
81979
89493
93393
96125
107474
104843
92473
83171
96843
83873
99060
90940
87844
105196
104466
103018
109703
92031
93350
99647
107723
108001
94320
106643
111934
84671
100281
110740
85538
83677
88959
100446
84981
82770
95442
81868
101878
93685
108414
99213
87524
92691
102378
109434
87305
80227
108608
101158
100983
110907
80078
110775
87698
86019
108461
99829
92110
100075
93088
100257
91322
84953
108094
100104
96062
100261
108884
109016
105760
111753
93061
105521
90573
82131
110643
108799
91479
100829
91811
109704
87226
99135
99419
103745
79715
89667
89807
91878
112115
83354
84029
95177
81472
98637
95190
82027
108700
104182
91422
83273
82523
80431
93845
99064
90511
106827
99223
105588
91670
102980
90497
93110
84951
80885
87061
83076
111176
110473
104736
88461
97588
101940
108377
96181
94907
81697
89229
101294
96922
82347
87801
107976
90796
94159
97784
94218
85169
83169
97758
84609
108879
97407
80675
98776
91222
105924
98500
87081
108104
83645
93670
79891
85785
85025
91836
104973
101939
98620
101548
99321
80829
80941
98733
90877
87837
92753
97012
89998
85691
84223
91855
97229
95496
104054
109009
93207
83648
85779
79663
89559
91756
84680
100458
106655
94506
85705
79918
91512
102576
92040
83067
100470
93839
106212
80898
104591
93365
90781
88786
102828
83766
110348
88627
97537
99148
86545
96210
93082
85916
88652
96287
98103
80314
99984
108532
95578
89328
84372
106871
92318
93755
112108
88129
80970
84375
91704
110784
91686
91260
112028
108249
101006
84393
89200
83922
106180
98848
83256
99184
99723
102258
110038
104540
88561
88892
92414
106443
89196
81906
87019
97374
112168
102107
87120
110663
100000
79709
94866
89774
94060
95099
91188
97363
103001
105884
105107
95092
112063
103310
109011
81649
99087
84682
105497
82094
103340
96762
99578
87865
81916
97208
92468
95917
91326
85657
85660
84182
103070
87658
100440
104597
89094
82617
103246
101510
111928
81560
104156
95457
105114
85405
89546
110750
94544
96813
88957
93661
87568
80122
102765
84356
85554
107979
92377
102954
102151
97660
87225
111156
85868
96581
86004
99645
87967
94015
101331
105660
82769
89123
90805
79840
109052
80469
90885
94911
106870
84514
99946
94384
85703
110406
92477
99829
96568
100274
104000
107678
86956
89996
80525
102569
94259
108150
87500
106350
102877
100883
80553
99899
86220
88519
95110
97339
83085
87999
89964
111516
108713
105266
105288
93680
110454
92134
101204
110548
96051
106229
104659
88016
87380
109777
96257
105599
93211
104582
100938
112112
81512
104511
110778
112203
112082
85772
107189
87480
85750
104418
105704
111996
90127
98788
97407
89701
110024
90592
105112
97897
82510
105757
97272
108938
80552
102740
108797
107005
97867
81404
82388
93066
103657
103114
107244
110134
102027
100217
109995
109600
111071
90311
100703
85673
91347
83648
94327
102103
99170
102462
89587
81148
104622
92081
110361
93074
110160
109852
101738
98666
108012
80224
111828
112390
86280
91837
92713
99139
80670
98966
112080
80698
88559
101492
112315
92521
104475
91726
106904
106510
93679
88584
81996
84692
97406
104505
99741
82865
89843
103473
100654
110351
108069
90427
98225
90922
111212
95519
99160
89785
90036
95211
82060
103120
112591
92403
88802
99333
106256
102679
106059
100050
110357
105028
86155
105274
111588
97342
112364
109487
98106
85660
107571
111412
99871
81940
107219
102079
97470
103160
102241
97761
91252
82689
112456
104104
81959
79948
85950
110789
90841
109474
88310
101354
101500
106492
82327
111990
84232
103750
89710
94548
83404
88164
100959
109088
102657
103539
98978
109708
96165
100689
86828
111107
95623
101215
92010
97932
93086
110725
103221
103920
102558
85623
108547
85023
85965
110135
92762
111824
100883
104668
97163
112232
93521
106897
101276
82973
87540
86240
92038
99163
93898
103729
112545
90214
99092
105613
98908
87618
112348
97192
83761
93648
104841
83487
83416
112697
83632
97278
83387
84111
100653
94341
94635
94386
111731
101932
105425
83313
108576
105444
97767
110066
111061
92064
84392
98900
82244
96788
105860
97682
107146
112572
111001
100011
111296
103201
86239
103680
82636
111704
94882
111613
105597
80331
100406
92667
89560
95804
86758
99941
106156
86022
87597
105242
103533
107942
80425
107795
108606
88955
111180
108614
111440
95946
80981
82634
87403
92677
84862
97083
104906
95821
111607
85600
89644
83509
92820
81931
110632
107977
93379
95041
103617
97231
91328
101787
93754
92236
89612
92652
95276
109642
106011
89636
94677
81625
95564
104565
81587
111444
105503
87988
107857
87269
94371
99073
109666
105291
108589
91306
95756
89307
84303
101453
108934
90565
98824
105533
105189
81049
110137
99879
107827
101386
107096
97014
92866
100849
101992
102899
94143
101269
101673
92977
82698
87849
111500
86312
108869
94870
111721
105888
97836
85883
93300
91601
81956
96370
92782
111048
96790
107414
83864
82700
98173
85570
91245
110210
110270
83483
89488
85390
110009
82768
85252
84603
87197
96288
109467
85021
80640
80285
91825
99508
105263
107952
97817
108564
98242
92766
81496
101635
94068
102985
92945
97763
101170
96890
93633
97425
86642
87389
89261
97676
98758
89869
93720
89690
81841
108242
109496
105255
101305
102889
96875
100272
107453
97155
84519
102239
86921
103951
98863
82103
90792
94652
97677
108531
103545
85050
109500
81130
93830
101825
108965
92214
112912
104277
91853
91029
93679
83528
109260
96655
100761
86272
102145
92250
94848
90363
82052
93178
92833
101903
106076
111532
81753
106231
100338
83589
109435
111371
94150
105303
106401
112975
99937
92116
91327
88239
102795
92918
85246
109961
82877
112286
91847
98412
108505
81019
91677
88608
95513
107053
112689
104678
89925
106666
95536
92928
112426
94945
107616
86644
94023
104350
99947
103950
88265
92846
88571
82852
109754
88387
85638
108445
111989
112026
104812
89524
109661
93658
90431
89850
106446
109120
95073
110874
95572
104057
96213
105185
89115
88655
104271
98814
82855
99720
83853
87558
109253
94987
111082
109755
88770
91973
92209
95117
90842
93643
89007
88673
92147
80449
84620
88978
105612
102522
104283
99637
95472
96224
81647
92066
93103
81431
90224
85296
92750
101597
101295
106303
109118
104245
84407
105596
107019
106948
103333
83040
86742
92795
109497
105466
100869
111478
101548
110575
92985
95524
90948
96191
87680
97193
83495
97865
97997
95104
106477
95122
83109
108901
98168
101314
108826
98674
82568
85871
93437
92552
85642
82206
110672
84720
84913
97287
108026
81730
104008
110617
110526
101510
88647
106302
95854
109722
101668
98272
86620
91092
113131
92332
104466
109287
86929
108950
105795
94219
98694
112157
100865
95064
105097
99536
84527
82547
82368
100369
111418
104301
88584
107545
111108
106216
82826
83516
103713
92540
104335
98670
83782
101465
87701
87047
101886
111917
81057
96963
106655
111944
110552
95501
109437
83966
97609
106109
103261
104524
88078
98719
101677
84415
85651
83958
89586
100498
109109
92992
87809
91414
93455
101372
90738
97879
90640
102698
111570
81917
95057
95570
94488
112496
80550
91335
92122
83008
98420
102701
107201
108483
105666
89657
95035
112640
93842
84920
82799
113099
89457
82131
83062
108082
104781
105617
85192
89880
101511
110493
97012
104224
111689
99146
94357
94413
86810
102868
113025
104679
111023
87017
111427
90144
90628
83815
100556
104439
112812
86888
104037
112349
94310
109948
84456
100246
109552
107573
86832
92131
84512
94953
112846
88670
81968
98995
107773
94117
93786
81083
98009
84666
107172
86455
107467
83114
81406
105138
87368
95085
110474
96012
110267
104462
113211
84931
112575
112652
112801
100336
91794
91647
86787
86677
108230
97662
89007
83349
112698
87617
83342
88580
96841
111235
92411
92577
96065
93354
101077
92577
82967
108586
88531
82607
100441
100775
87576
92720
82531
113242
87816
106699
105430
113333
107353
96809
90694
84042
85869
102905
96307
88809
87519
102968
86587
97544
106076
93871
87181
99176
91828
96701
107681
92150
82480
112214
82727
84976
107303
101196
98877
91464
107212
80845
109540
88909
97098
84270
93365
87688
92179
106982
87760
83940
90228
82398
102678
109331
90222
108520
99992
84012
111553
83084
109134
112793
96073
83467
107277
111408
83085
91550
95155
91040
80790
104959
95141
86287
89853
86826
109435
104449
95816
107365
92665
97148
92791
96638
107841
102762
86233
86100
97352
101950
104484
96152
93319
95194
101317
88533
102387
108464
106869
91054
96046
111656
83213
94312
95231
112962
104091
90024
92160
86141
85685
112765
93078
92151
81165
97696
90406
88277
103750
104187
84102
81125
97798
95337
91826
83842
104013
85437
103873
107961
91397
107525
86295
108970
91866
92176
86491
83248
110155
92717
85932
104388
84481
96054
113039
103326
91488
83661
97068
97822
87901
106214
107067
85867
103311
86150
96313
111962
110984
94665
91231
81297
97893
96554
109012
92908
85156
105983
87586
113183
95798
107075
95207
88477
83157
92568
87501
104633
111768
98700
101819
86539
83141
98076
91213
87318
84710
87415
91266
103207
97311
100868
85941
103296
106686
92581
101839
94902
108052
107326
93626
94552
98948
93041
84505
87505
106457
101804
91702
107920
81884
101990
104251
96614
102183
82597
101798
94511
88628
98500
86775
101044
104633
85619
85931
90064
82744
110591
93550
102354
108241
97492
108941
88099
109404
89408
109482
106537
81844
87417
111795
97386
90197
98786
96789
93429
93226
92298
82220
88830
113568
99317
85758
104904
110079
92960
98346
93896
106746
113343
105755
91399
99973
107465
81537
94152
101606
82742
87554
106603
101647
108296
110380
95121
111403
107656
97455
96641
103799
91090
83401
89546
109907
83091
83969
102954
91801
98322
106776
106671
112941
109677
87357
92444
98517
99621
99712
85390
100171
105693
92809
103007
95377
89183
92042
95563
104837
94944
84338
81873
84149
105349
99940
88284
110964
89126
102759
104867
94510
106833
104031
92622
85752
88978
111164
91866
87403
98801
97137
105150
81587
105917
93863
99791
91875
82824
103347
98273
112779
105843
93894
111791
83853
92844
102884
81789
101932
104500
90776
109051
98406
87782
92133
86637
92548
86709
111743
97545
83951
94005
82236
103584
105285
109917
84933
89729
88236
106123
101777
107931
96615
100552
89876
106721
87975
106573
105267
104691
85411
96839
87804
102650
84714
105688
82324
95955
87032
86110
82032
106097
106504
103927
105416
101500
84266
91973
85833
87102
82581
107374
86795
101568
100670
85351
94402
106800
82602
98163
96568
98438
81408
112614
93691
94312
101218
90927
95058
100170
105853
83733
106102
102873
108895
111425
95231
92058
112777
105213
109213
94926
106822
97339
99848
94106
88379
112601
89658
108132
87614
81699
108251
107904
94572
113306
101117
81420
98421
101876
94473
83992
104763
89443
97017
94731
111516
96282
87752
106305
105867
85006
95015
104953
95590
83705
93298
105583
106115
84133
83426
95557
91149
100967
82692
84775
81422
106473
95594
82863
93388
95533
86688
102790
89689
93647
91745
110029
103014
100747
95499
82107
94296
111102
107089
97671
82846
103857
94256
95624
86593
111699
109092
108187
82364
98374
102555
84165
81423
112990
88234
106265
104207
91365
87039
85980
83968
100066
87319
100328
105829
98458
107441
93518
93463
112728
103810
107839
103573
93802
106282
94509
111003
90988
94567
108333
84214
111561
95880
100768
85910
101502
82981
82450
84453
105761
87310
99170
95575
92962
106369
104227
110658
92754
88992
88643
103409
97953
101921
93418
95476
84780
109384
104869
81337
94839
91666
112580
87905
109558
98228
101633
103628
86739
109379
94818
87030
86507
88501
82016
84359
102682
98824
83528
109221
83896
113089
86242
108813
88163
111000
99409
95586
104959
92786
101690
113604
111100
112271
93480
85669
91095
88837
91695
95192
96740
91501
84432
100331
109386
100828
110365
93111
107343
105749
87069
94261
101846
98044
110194
111764
85285
100686
94009
109192
113900
87696
97842
111844
108163
95557
110625
103531
84596
88932
113780
104163
107321
110089
112165
113772
83271
110955
101346
83728
98379
95502
86892
92315
107955
102458
91197
98989
104560
98987
99693
109837
100858
101770
111318
95808
100501
104604
81271
103003
82644
96186
84758
93205
107611
107649
96553
85024
110568
81994
108279
101050
113301
94812
109307
98175
93271
95841
96137
107393
109003
93975
94900
104858
84786
86344
99694
102657
83129
97020
108017
112156
107519
84717
90462
107925
100049
85051
108708
103856
94008
84577
91300
109020
104629
90472
103827
107656
111307
89691
98719
92983
107710
99322
112341
102615
81563
100274
91202
88654
97144
88781
85592
94551
112893
103399
90772
113036
100387
101537
110174
97219
97084
100249
113969
88990
103732
94873
107003
84830
81430
104718
110535
94712
90321
88764
107929
112491
103997
113329
86425
93008
98649
88695
94068
113075
82135
112014
83456
90657
104922
110873
83999
91394
81918
87000
113893
105258
89753
113238
111357
93098
83776
105316
82760
103404
92557
94405
91848
112127
96288
104491
91069
106799
89828
98403
103949
100569
93843
112332
104169
105853
90493
92429
100270
113685
105861
110343
99337
108453
87916
110857
98143
98580
97106
97859
102764
94522
97913
108414
95786
112954
97869
94730
83188
105746
86177
112375
107243
89200
92476
82568
95385
110024
112788
83940
86740
94115
92121
113935
83685
99386
103989
111385
102890
101187
97107
97941
99193
93707
103198
83021
107398
94661
112331
81460
111495
82977
83737
85148
84693
112161
84951
108457
102998
104745
109735
83206
90969
94805
91907
83414
85441
96270
91517
98542
84326
101856
89163
97601
104120
111238
85762
94363
103078
103495
107426
104083
98750
81798
91859
95163
104085
105364
107886
88345
112489
109000
98111
113627
83717
113362
87818
111942
95461
101964
82891
81648
88219
102546
108354
98095
89201
109268
101807
113105
113488
88425
113371
112909
103904
97382
100439
82618
90865
104048
96520
93631
81690
93646
108004
93131
90015
82882
92150
105286
109720
103962
91048
95623
83536
106242
88385
109895
96748
100124
89773
102741
92493
97747
91773
100236
92727
109548
112686
111619
90290
111709
114094
106627
104624
112483
84508
96318
90865
101327
114127
109501
96548
107168
109467
102683
93519
84183
90959
87153
108656
113543
99714
85137
113765
82476
99472
100343
101641
82749
112351
108028
103584
100101
89703
86093
83829
105646
84337
92316
88769
103839
94366
114325
94927
101128
112172
90644
97374
106938
109173
91541
111943
98365
96696
107756
108639
92956
91932
91190
106655
97156
96498
88847
87938
107533
113211
98309
90799
96216
111978
108621
107736
92122
101483
85941
83426
92791
86499
105690
95814
82259
100282
95643
98743
86373
91863
112589
95493
82253
87082
92720
88897
86503
108272
96674
87586
107808
107570
87699
103847
91912
86927
100025
94974
101673
102716
98053
111269
106520
98633
88533
111055
82761
84006
114027
99081
93991
109669
99998
114205
102756
99777
101327
100150
100238
105824
101407
102726
108516
90965
106207
106405
85095
105833
112457
84731
103476
95003
102509
101727
85776
96997
103789
88512
83781
109761
104941
82564
89517
89580
95942
95088
109580
109034
89850
99016
106914
93386
98541
89527
85505
111275
83922
87024
85533
82047
86371
99990
102306
104975
93141
114266
89738
108864
110603
93411
94446
92820
101386
89458
91420
82675
86445
88262
91627
90796
105881
81981
92491
88503
109172
91197
113952
82237
91218
104914
87633
106073
86128
86936
103963
90657
105765
82396
96684
109280
93717
114174
92141
109222
112808
99609
102815
87811
83131
99814
104361
83471
107925
83422
93104
89261
114460
106911
106217
111121
109384
93329
103211
85120
103385
111561
82505
105303
87109
108590
102302
86607
96245
95194
88041
100863
92336
97987
111452
84387
90456
91802
105967
89627
96468
110067
96762
107063
88397
91815
106755
105521
96157
88950
95956
103547
89860
97521
111313
100795
91421
103832
86921
108053
88593
100671
94347
104872
100619
107446
89723
97883
105708
113320
88421
108761
113983
108228
108880
101082
96111
88091
95511
101029
84023
100809
112500
95186
88411
88280
100958
91477
83862
82529
113813
90296
99539
85236
91515
89768
109216
90426
92965
101555
86239
103897
110258
104528
113854
94872
86747
109344
97258
93892
86220
97395
81920
110290
85810
105486
101957
83269
94102
88620
104342
96979
99817
94402
85154
90563
93792
86535
98902
112793
95618
81972
113305
90101
99967
103048
91450
92089
103363
84880
109862
96106
93643
91301
107999
103897
97335
94902
93481
103426
101665
100424
103687
106292
110254
96442
92645
114290
83682
90318
92439
114458
89529
104549
97154
87236
85363
94602
84121
94317
85295
92338
112012
103125
100795
109122
91323
106021
82091
102738
84337
92885
102824
99249
107471
107469
96779
85801
96518
110026
110251
93188
89034
105988
83954
84174
104707
99342
95287
99165
105669
101117
107591
111375
107394
112076
91717
108627
101246
113407
90805
83307
88708
82823
110547
87152
84952
102630
93993
97942
96876
85651
92512
84145
97110
103072
105559
112888
97410
86426
94066
100873
113572
84401
98869
102190
92529
108824
84241
110047
85263
95151
93309
102536
113610
93152
106057
95884
112904
99014
88367
83337
86655
103317
114348
114654
101541
93750
100110
99434
95080
95537
112589
113559
107296
86736
103454
103831
89538
100738
97222
97774
98390
91005
109612
108593
93355
99751
104371
88589
113481
108983
83782
104074
84391
82839
96821
102033
96414
103949
96319
96941
110366
96923
84464
82446
95520
90276
84781
103123
113371
83919
85005
85897
106555
113073
111594
95726
86159
100006
88760
90875
83586
84479
101526
104482
101452
96611
93091
91605
85033
99183
107539
106311
83210
82336
108162
113526
96139
82291
89223
100201
106278
108746
101261
85430
84902
113042
88542
104264
110302
112803
109057
92511
94874
113639
114758
107736
109270
107455
91807
92847
112686
82850
98993
108994
110230
97800
86571
113112
103499
87942
82263
108513
101642
83258
102383
104320
83327
113257
112689
89542
111360
112999
85045
112961
97147
93111
114047
84789
104877
99700
82641
112169
102805
96239
86082
99749
84265
112538
87444
82747
88391
104741
112323
89284
92910
100838
111322
114668
95406
108414
109834
85745
93277
96954
101373
103079
82188
88503
107368
85440
110905
111946
89056
87370
86343
87454
101614
86649
87595
84511
114021
86439
96359
102551
114163
82585
99132
112535
86519
85508
91163
98329
88722
107599
85598
82531
112641
108955
83765
105007
87338
107265
110051
105992
102772
84250
103466
108023
97500
91077
97027
91487
105030
86820
83859
89126
105488
109032
99419
90901
85741
113871
82607
87938
108273
84842
110697
109100
107240
108068
112094
87398
96748
95616
110609
97912
83767
100002
105255
83522
108597
114961
114971
101666
98525
108987
114867
110104
88642
104250
98483
95528
102245
97109
90960
87296
113742
91594
85479
106459
107355
107595
88303
83877
97495
107462
113709
92512
91342
95977
84774
108486
88864
108006
103898
104752
100821
109427
98735
85174
83376
82709
93868
109208
97543
93343
113895
111581
100562
84213
83521
91449
103425
111638
106576
114996
101651
114778
113309
83337
87524
95992
109840
85964
107974
98762
84648
111952
86484
107093
85103
102984
94083
104964
108718
103468
99706
92084
92765
82783
114340
97909
105693
102414
86915
88463
106474
108123
105927
102852
96203
85435
100895
88021
93643
87964
89167
96328
103661
90444
96643
85095
100060
93462
109794
113804
93473
104110
105063
112540
109208
91855
87020
82898
112933
100898
83080
101566
102307
94050
91675
103053
107549
102590
95527
89738
89665
93310
104162
90341
101905
94442
107913
89011
113372
89959
104182
98103
89709
92900
110965
105312
90242
103796
99028
101010
91776
102716
85433
113066
84836
108688
90424
94524
87037
94553
102053
82974
95065
85946
111015
83755
111485
101363
97934
95809
104024
98181
101095
92812
99066
105879
83021
83463
103170
88728
84354
96319
87125
112422
88510
114779
86806
94766
85574
102489
98258
108117
86593
112026
83450
87703
85191
92833
91799
110126
110908
112152
92985
96182
109020
113427
83248
102286
86166
89753
93439
87425
92702
91745
103950
90534
87870
95449
84639
98436
110701
99948
99331
113274
114594
87045
103182
92767
85098
114383
93384
108389
93753
108864
110437
99907
88317
90453
95096
95635
88057
98335
114019
113016
92881
90750
107282
84613
112865
106285
96745
105434
85715
105982
106746
101520
88689
111719
113532
100440
88247
92990
94072
105310
92717
86465
97478
97652
115060
98777
114744
88172
90142
113056
96021
85445
103875
110112
87753
98187
95568
97118
85210
106616
111779
87447
97054
85855
109141
90057
82988
115147
89559
84853
97296
98787
89537
107939
102723
82832
86118
95528
115162
103650
94892
101924
110845
93616
96539
114382
94363
90751
100147
113012
86876
97957
110851
90045
105175
100783
113399
86834
87558
113663
101362
93948
99318
108218
99740
102127
85699
86753
112382
83912
94916
89021
105804
95411
108035
100481
91905
114193
103408
108843
93489
97655
115030
113323
87835
107258
93325
104007
105471
98218
114162
110654
87855
104796
89236
108971
107111
93101
113456
113069
92769
113219
110944
111045
94629
88150
111887
106879
95647
100719
84016
89429
109043
89968
93871
93392
97813
113109
114856
107504
90388
84537
93400
93134
96182
115228
114513
97920
96458
101859
98417
105021
107450
114976
114708
94145
99680
104468
90377
86003
98074
111219
96451
89286
82977
93030
87889
115037
114966
94934
84881
111986
106974
101352
96160
86008
92592
103620
84372
93439
86380
113563
93294
109273
90159
99560
83274
115323
94756
100086
86233
114469
106909
97954
95505
88390
83554
106850
105251
96410
98120
86150
107950
106901
96774
102846
104242
86532
93509
94429
97479
102642
96502
110300
94479
112072
90344
90658
84841
109241
87450
93186
85863
110173
114510
92038
94339
88220
114526
95595
97805
91854
89043
100716
84840
103200
100660
105668
108662
97082
99996
92654
114257
88607
114703
103855
107580
104788
109326
92502
114905
97604
86377
98883
84892
94435
97877
105126
98943
111762
115134
85897
92151
95299
114143
100369
105767
100573
94991
90624
109652
92386
97758
83839
87962
101455
97120
102939
114653
83907
100297
89869
96258
90852
101178
96446
88158
93694
84187
96650
108142
105198
91178
101316
91337
105791
86163
92923
89940
87442
89920
100988
83893
85059
89906
99608
95754
114505
99217
113192
106970
83806
99392
113614
108363
88161
109749
94845
109718
106744
85256
104891
113593
101753
115017
96805
107628
94731
99095
99508
113237
106504
96622
111424
82815
92838
96961
86594
109321
89815
111945
104414
85019
111213
94620
109601
92446
110210
91009
99975
107309
104727
97539
83136
99782
90619
96196
89779
96966
104175
100500
89028
113300
90887
94530
93522
101532
105811
91314
103044
93183
109247
94512
108870
91272
112440
91396
102542
113635
100880
90439
114660
113417
96676
102133
96289
109567
115260
109123
94583
90048
82994
88114
109233
86136
93527
96868
114108
111602
86418
95534
89447
102996
112330
105456
90215
111882
104454
112545
97694
98816
91091
89006
105885
104212
96743
97541
91495
113099
109571
98156
89719
94018
83486
109848
90117
86120
90559
85115
105862
93803
100523
84061
97906
88944
92864
106030
107337
109447
109345
99995
113624
98782
100499
101471
103097
97845
91431
99676
94745
106129
94490
106986
83389
92469
97529
99951
106055
94926
112392
107312
96694
103662
88037
114278
95533
92347
98921
91285
84981
88553
88783
111385
83908
91621
104728
110849
99904
88915
105133
109089
112575
110011
112455
114787
113489
110975
89356
108382
113664
87057
112635
114218
111446
107618
92297
97138
95520
114590
101772
90058
108658
95766
107865
90691
86507
113790
100905
101181
86842
114008
101826
110973
99297
106160
96339
101760
83769
86026
93855
104206
115639
95385
99165
90386
106349
114097
96223
92072
91604
84351
94195
99448
96968
88568
105735
97603
114388
96271
107664
90299
84144
87851
83372
107928
88072
101592
98821
114664
91519
94396
85497
106662
95220
112846
101369
86927
100100
107970
87855
110385
90832
86983
90468
84805
96512
99189
92192
110910
108296
93953
99603
97058
108969
98228
89523
87193
92603
96155
95783
102980
99883
91007
109412
86863
114496
92439
104598
90442
108322
83325
93121
115252
113564
102367
93608
110809
85281
103543
114926
94047
87821
89021
105595
108571
109870
111067
99617
86185
107139
115297
84607
115515
101699
105530
84774
98865
85025
111071
115707
88554
110799
109002
110301
87258
95169
103214
95367
112093
103731
86757
95671
93387
85869
89257
110480
112973
97862
101512
98108
94191
106471
111762
84183
103798
86737
111317
99720
115827
95522
107403
97521
102680
84243
99217
110026
89931
115398
87835
109000
89849
90943
108711
92356
107181
115888
95279
87833
99425
113657
86691
107342
85140
111471
96662
102133
85916
107228
90936
83666
95550
84168
111236
99904
89724
100599
108474
100817
105902
103475
112912
103733
111828
113996
107428
102493
85547
106332
100534
98271
90878
96591
92948
89245
115903
90787
106709
102050
113750
114029
101706
102220
111545
100765
112434
95920
105917
97666
102189
96314
102444
100241
96884
103060
115735
105826
95686
95945
94317
97275
91302
92843
111309
114001
90307
109170
96921
91916
105912
101797
109132
87691
111861
95038
90893
110120
93693
112905
110212
108477
87763
115277
97004
94311
114862
86446
105833
94601
95476
113234
85660
109332
112230
109635
87413
99078
90776
106516
87113
110129
83877
107976
93221
103998
98848
105199
109153
90353
96078
101394
95352
97455
114578
83281
91671
87613
103720
87627
87411
105418
105238
101694
94688
110896
102496
109935
110752
113015
115580
91341
97272
88474
88581
115921
88201
104590
114868
115368
95454
98433
87947
98964
87874
91488
110163
94864
105940
95387
91465
96307
99549
94764
99861
112086
108384
83670
92411
109305
110067
115626
96853
111587
90062
114384
95297
109705
84514
93572
90263
113329
94636
106335
96030
99159
115337
114392
109567
85840
111180
113418
98937
90925
84046
114360
96215
101986
98373
88206
105119
112040
113432
96425
107021
89247
111090
91994
104895
94904
106390
104743
95666
91986
103410
99347
107117
84259
108022
88608
91516
95450
96166
85265
107040
104194
114798
114548
87621
99626
86454
100064
91060
111171
84407
107388
96650
115273
92301
102592
111081
98598
113549
103296
112621
114899
103128
108838
100834
90816
95536
97343
109492
102518
99851
98873
89510
92027
102886
108138
109383
105589
111836
108117
91811
88467
85879
99113
91062
89129
114118
109707
100390
103834
99504
84117
99121
86907
92551
113951
115171
111349
108513
89661
95117
90987
113059
91656
111220
97373
91486
104866
107718
92813
100063
114548
109010
112736
83457
84666
92023
112006
110534
90178
84957
115165
91558
104560
87908
114579
87847
107142
115418
94348
113070
109858
87537
115459
111253
112649
98800
86387
92029
111394
103592
104888
92390
102086
104362
110449
109309
106807
110519
93610
98484
99693
102520
93112
85272
87833
88175
112995
89824
94180
92462
108107
109121
100855
102343
104580
87306
93121
102787
112260
84204
98548
94423
92223
114713
99537
97939
95120
98322
106918
101213
112603
112313
108949
85342
85233
109998
85142
85563
100659
83928
94143
95559
111355
97602
100804
98807
90423
84265
108730
101014
85847
114259
99616
86841
108650
112034
116255
102646
101763
84712
88849
93521
88930
105469
101953
89591
95056
97807
111857
107695
101195
105786
106658
101261
84323
113240
112015
110952
110180
97051
84603
96911
103349
98393
112044
96696
114816
112294
109368
91449
88595
103720
86143
93307
111495
114343
108793
98731
114847
112868
114738
93106
110578
110124
111890
111720
94285
93484
100962
83716
107859
105223
90252
86744
85862
84902
97442
116283
109259
95312
114850
95686
100872
93306
96505
115651
110481
94432
107333
89058
92836
89300
103007
87854
97138
101846
103321
89152
98943
107878
96580
102322
98123
105750
110198
92375
107058
90339
112650
114345
95633
91077
83687
106755
107050
90757
114566
86545
86730
84175
88750
95236
97065
93320
115586
114442
99857
103265
87742
86909
110274
95917
91966
97370
100758
113008
109504
95734
98273
99512
113130
101612
115483
114224
111247
108890
97089
101618
99118
105037
111736
106653
90299
111993
86004
93863
90018
106286
97304
88565
85258
85639
96222
96425
109910
106981
107898
93244
99314
104347
110650
98252
84044
98027
84401
98487
109600
111922
115220
99688
104185
115551
98276
104049
97013
94121
105165
93658
91848
104322
105935
114873
96515
91590
111771
83715
104599
112953
84032
95650
104084
85808
85766
106184
105783
99982
86938
93314
102436
85746
96108
92560
115184
104495
95318
101492
107234
87549
90494
96457
85243
93166
114557
92886
102707
103843
102337
98659
92678
106303
97071
88523
96047
98844
85005
111187
91828
113085
114464
100026
93986
91396
94225
88850
114458
100261
91414
108750
99852
98267
97742
107035
96835
99418
84332
114548
98338
114308
100375
84848
87725
87263
88977
90335
93515
96711
92951
102166
116425
86624
97929
104583
101795
84431
87243
98197
114047
107690
113003
87462
99835
92332
105860
98425
84648
93358
112610
92602
91222
107730
94310
85203
100243
98050
105132
104198
95342
91033
115692
101816
86913
110175
104478
110352
91182
111547
107106
98497
90152
108068
93342
114980
112693
94169
115305
110218
101939
87250
105256
88272
102489
94454
94070
110900
104896
91790
97738
85094
113698
86266
115283
101091
104161
85922
108071
105342
106315
113968
108957
101439
114204
91901
101879
89457
91716
88264
115269
84727
100587
102574
104326
114655
101043
110422
98319
108602
106045
96365
89649
103722
108526
112466
108054
91964
102131
89106
87788
94968
106370
91286
102213
86967
90723
91675
114878
90293
101808
84707
116447
96359
94937
104490
91459
103951
101866
86108
94457
91533
104977
116101
108841
84344
85851
94217
99067
100205
110014
105877
93364
102055
96604
101461
85027
101584
84998
116328
113723
115991
90111
86417
85505
89475
96259
100143
86185
104071
100488
108655
91387
106710
99908
99008
90108
99704
97775
112775
114891
87070
88394
98836
114121
101299
95584
96981
109820
94515
93708
85706
84918
84160
115387
89145
108913
107763
112755
105891
113150
114800
105749
94198
86751
103869
85983
100612
104433
108884
111412
111156
105294
113142
93088
105336
111729
84803
102423
88703
86683
114312
110461
92715
85622
93656
85868
114245
98040
97630
84017
114544
103819
87793
107031
115547
99691
99305
88041
87355
96847
88369
107186
90745
107083
108958
111303
106407
85749
94847
96775
113081
111047
112246
93026
108402
112580
96902
86936
110364
84062
104812
110403
95356
93080
90419
107032
107269
105320
110339
95082
100428
115807
97594
111599
111292
113035
104381
94407
92299
106397
92817
104378
101100
103239
106149
94402
113031
102120
96498
86217
84518
86891
110534
92595
92337
88172
109149
88991
95068
100253
89778
93034
91935
116585
115092
98933
94311
104663
97532
89001
95243
85168
90270
98744
107649
103396
114878
98981
96082
93994
112453
97414
102091
115175
97044
92041
93173
101457
115096
114997
97480
102612
89759
97522
88732
92341
104042
89548
85216
84981
87555
105844
91150
102520
116177
99463
114910
107622
92777
88083
89019
100306
116647
114776
90227
100761
113150
101579
94770
84877
96780
96609
93105
86483
97905
88329
94123
106890
110562
84346
89489
111277
107385
87088
97918
112955
85839
106673
97901
100757
93517
105493
99754
105511
98367
113093
99974
95306
110378
110979
103247
93801
92896
89771
86143
112995
102865
107704
87860
98097
99876
97545
105440
98505
92679
102886
109890
108866
95811
101054
90005
89144
106259
93618
112647
99186
97078
113240
109676
106434
106819
106936
101172
90413
94013
98203
106394
100940
94311
96518
91679
107250
87385
91137
91447
114192
111188
89244
97858
87765
96211
109364
84669
100633
88418
90099
88506
108795
104115
116630
90509
97737
88815
105843
113097
107553
108106
106170
110955
88918
95706
90875
103764
115221
105897
105960
97021
116297
100617
110173
107366
85051
87335
106141
100943
86270
96739
96735
95659
101386
95455
105225
104786
87079
109270
88251
107254
84877
95024
111247
115288
104265
98771
91039
98747
108002
107323
97864
98969
84285
97997
95534
94870
108478
86888
112000
85170
116912
90686
112254
113346
114663
97250
107064
109345
113827
91041
97176
93859
98232
97558
91554
94922
97516
96249
94203
93245
109473
93752
101544
99701
84660
108617
103193
91578
105380
97214
95334
107598
88311
96282
99544
97256
93145
87523
97963
86627
107783
89080
107026
92344
97515
110373
104060
116522
106248
114677
94486
113088
115865
84679
99473
94456
107125
106020
89637
105146
93750
105296
103382
100235
114330
107807
116726
110595
84778
94474
99819
110209
85785
93826
89138
98589
103278
112773
87972
108510
91238
116078
115704
95022
95763
117009
87434
104074
97354
97543
106586
86910
96700
115527
98392
86225
100963
87798
87775
94717
109856
98177
115071
115425
86178
96744
110079
84922
108425
101469
94114
90448
100299
96269
113066
116077
88407
113982
107291
109459
88057
91546
104385
95726
109694
116938
88692
114312
106776
98119
97435
98492
95492
96109
93935
95981
103273
90322
102274
98424
110980
90581
88319
107494
104450
84858
104243
98663
105389
114549
115916
117116
100683
97412
95841
101363
100547
115970
95923
95000
113538
103354
96307
114474
104989
103161
98244
103948
87352
100839
93377
97085
114086
111638
115266
99338
96210
112476
103835
105474
97885
109534
116262
93611
112648
92782
90691
115571
107733
103703
89500
95465
91753
101877
97454
111661
108469
86090
104837
85925
108501
90063
107974
113650
93240
115272
101875
96803
89602
112475
90603
110120
87726
107170
91824
96649
90104
89087
95597
93784
109306
88624
84920
110180
98965
93091
110868
101039
113938
94603
103866
112418
94473
86323
102041
91776
94594
102290
86683
90777
87387
84769
105770
95424
101866
100329
104947
111230
86242
98784
114153
98952
88443
96629
110989
93679
115917
110186
110701
102807
101757
97506
98795
115690
92828
86203
94016
115405
103884
90909
88769
97747
113829
95827
89184
86193
106839
99290
100213
115187
110224
102584
114111
104941
98976
105487
111525
91635
112091
89074
100802
113613
90174
113783
106401
86373
107094
87310
99269
113859
111966
116753
107757
94267
116392
114844
108694
116453
107070
98974
101056
111950
94408
114992
92917
94829
101552
110374
109192
109785
111237
97764
114715
106553
102557
114292
91235
106235
96767
88277
97328
91209
114815
101781
91047
115256
96811
112034
98002
98371
112102
111709
111452
97785
90963
86000
110485
93682
94709
91105
107196
113927
93076
106984
84606
96706
101858
87294
96698
86036
108382
88759
97415
93510
113529
116433
97656
90162
111095
91405
86047
117171
103833
101693
115919
94554
108025
97695
92582
103011
114869
110441
89291
95463
91599
88485
103413
108371
88916
103999
113965
93208
111676
89437
105684
110500
114322
84718
101607
105106
105685
90758
98690
103453
102045
116073
112291
116955
109697
102118
92977
100776
105273
84710
85309
104159
96768
113348
97159
109521
102460
89183
114756
89711
97889
92014
92446
108362
95763
111892
90237
107966
114059
116149
93189
95337
98875
88327
111712
106978
114357
85100
96829
106920
112585
111487
105624
117081
87277
89836
87100
110117
88035
116102
116871
95873
112533
99219
90478
95264
107076
91242
96960
104991
92897
109121
89263
107392
91579
100416
105868
97753
96347
99034
86226
85069
90284
109148
108390
104124
96096
91078
91421
96567
94606
111579
85887
92087
91552
114804
96715
88590
104300
97305
102971
95261
85921
110546
103560
97864
115301
87867
99761
115239
117052
99031
105721
106366
95276
111782
97838
93552
112159
92922
92465
97263
110728
85382
98995
117111
90697
110776
105021
114940
114133
90953
102771
103457
92817
96786
116889
99754
112001
101921
111702
112692
95520
106764
98488
87331
91279
105349
91513
106461
113138
105007
102273
117046
97304
97456
115627
104234
88922
92936
106188
111826
102853
116001
104178
114321
102011
110758
106985
89743
94294
112921
107780
101736
103375
112160
102937
117541
112670
93216
87502
91243
98211
105229
97043
104434
85893
94081
108528
110649
86681
100875
87937
91512
107397
102601
95551
105431
90661
98105
114048
86493
112685
108620
100162
86827
102672
106172
88868
99178
100641
96160
97205
87426
88056
105278
115441
115468
113176
104480
96521
88075
105935
109674
100451
108246
104285
96618
111330
112729
90200
103793
109671
85117
91726
94177
114328
98021
109741
113544
88544
107483
99808
86828
112566
94602
92091
85095
94755
117101
89881
109750
111742
112135
91843
95436
92539
94421
107924
95788
100964
99457
88027
108278
95141
89944
92161
92161
90766
92670
96876
94507
98389
95840
94370
88045
106074
105195
108466
91187
100271
85500
95696
108394
101336
87447
109375
100826
108239
89947
105076
115254
92748
87221
93048
93041
101442
114517
114318
109780
114349
86494
90646
108622
111755
92386
106417
107275
96296
104461
91302
105543
95903
104352
117124
116325
91294
108065
113929
103995
90217
111185
87619
89265
95522
90463
102901
106122
90951
116059
98108
106113
86652
88045
106354
85400
86155
101703
97619
103853
115113
103256
114526
111182
108027
102723
113022
101326
88152
97039
115178
116888
109137
85408
85322
100548
98670
116454
103963
98280
88507
93780
86868
90417
86403
98708
115274
86450
107100
104825
100305
87291
109411
105269
109732
92142
94409
117196
112903
114126
111759
101320
111530
86937
101517
112943
100305
85400
104889
99762
104114
86836
115878
88871
96286
89355
107339
112697
110180
108867
93190
91998
86387
117278
104929
107018
95550
99023
108051
95267
85861
91789
96970
95156
90129
93669
99111
106725
107039
95828
97418
98859
99970
90133
93457
86204
114402
114232
90971
117062
105353
85236
91026
95456
98432
107070
107944
97857
112117
85146
100576
91951
104416
87090
90257
111163
92391
86565
97831
87212
85118
102945
105578
99513
109650
94772
102403
112635
101608
95455
90427
91681
103809
113005
111367
91110
85826
85634
105282
92736
90001
103159
86073
105946
115138
104677
85868
109253
115699
114432
90515
116843
117556
95271
106464
113092
107244
88377
89732
105932
88952
111913
106612
107572
97300
94037
96365
96855
101375
99347
97077
99441
112346
108429
108325
112395
102481
101072
91364
107706
113406
96031
99701
103433
95882
111501
90484
111028
88342
92363
97692
111383
112601
96062
88205
97509
99082
95060
116172
107037
104704
113689
96780
85818
87192
90117
109740
95659
88791
115736
94848
117634
93136
114986
112084
95088
113352
109436
94126
90353
102809
96402
99924
117956
115540
96069
95502
85406
111146
85524
106797
92447
93325
111547
98380
110853
107922
103943
95190
114848
101530
107240
97737
110214
116785
92104
111289
116359
104502
97051
101655
106467
90941
91191
99763
91067
111409
111974
103808
88006
91454
101434
99479
98629
102637
93217
109183
95289
92817
108345
99244
107219
107747
117094
114757
114988
103913
113057
110635
102710
107292
99731
110646
109299
112841
101218
97474
103652
86200
95691
101738
114885
117772
114289
89619
114807
107626
109172
117037
116542
112733
95558
87861
117548
112377
105914
108414
88797
93887
100702
87602
97125
99265
94731
99219
107143
86279
86458
90247
106792
96560
114841
91220
102914
92764
96607
102312
106653
88394
96220
90332
113787
96190
91604
89465
101523
92710
117261
87292
112386
114812
109991
114902
86268
95854
109484
91575
101128
114365
106216
104972
93549
105955
90619
87495
112871
104440
87468
94046
114591
95702
106880
109078
117338
91516
90764
96641
89585
96688
113799
106053
95489
117993
98595
98336
98787
117611
90525
92457
117983
92340
89747
99929
98972
115735
92695
86345
100059
98471
94209
116541
89957
87126
112777
102754
117570
103006
88341
98900
88620
111840
108367
101603
104516
109003
90747
104471
107011
91904
100104
87154
111730
100788
98404
95860
101790
99605
109845
96869
110918
107568
92422
87374
91608
90898
102942
112457
97692
90925
113431
115450
114734
98046
98446
89694
100401
114925
111702
98499
92482
115061
86802
107032
94763
110724
96259
110439
89945
101925
115486
108704
86417
87644
91490
117656
89310
107601
116584
94289
99278
102577
97852
96892
94941
85842
98923
99388
102450
86038
89437
108077
111497
91921
114917
98469
105073
114670
113943
92730
93367
106638
100442
92036
91426
114419
101822
86052
94816
110173
112015
115972
91201
108466
105514
89057
96547
110883
109327
107527
90030
92429
116792
92252
98497
96285
102313
86688
107947
93880
117577
87027
85663
102810
105712
95896
118114
88509
102081
97528
96327
109436
97722
94698
100701
100600
103049
101937
97767
115643
113825
104262
100876
94619
91022
105305
95440
108769
115333
110226
94275
116651
107072
101788
115192
117391
91401
117092
85945
95873
104724
90142
91257
88567
99601
92042
115082
92491
90882
109685
86033
113248
113994
93058
100022
107400
107015
100138
87968
115109
106658
89858
113312
108943
116133
109628
108460
116918
100556
100209
103824
112905
90462
97182
86240
101398
95421
117356
114481
86386
103228
116148
90760
89179
96050
90690
110867
101532
96845
92121
103703
106161
111912
90744
108842
116524
113951
112860
99490
105815
95330
101446
109645
104731
106568
116094
97123
108576
113126
95000
104632
106038
109793
89334
117814
99572
96384
94478
116875
102046
91909
93549
113951
110668
85822
93052
115785
108361
103511
110723
98754
93626
88050
92011
99674
90752
103033
108488
116201
108639
99763
93719
116873
98399
114070
92483
116738
107378
103261
115055
94342
89944
91866
113647
99231
96960
98828
90263
96357
107696
88820
99385
93172
95014
108453
89193
95773
111872
96411
98435
112220
105241
118093
97264
109834
97461
87813
87460
111828
113439
89584
110827
110700
100496
97393
93030
114814
104019
107707
89168
103910
93735
107679
104710
111648
96997
105378
90823
112640
99426
104275
106936
95907
107159
117212
102699
100517
93183
102102
98592
103828
90945
111202
86284
95141
92175
110197
100314
94118
110414
86643
109872
86324
99959
100608
116723
93998
91709
110611
108045
92266
104560
112459
86382
87206
95521
96391
87632
98753
97031
97969
114368
102699
116513
110298
91994
100762
110493
100236
102740
110846
99833
92763
87486
115384
115816
107454
89607
87558
109175
107805
99780
100546
101616
107819
117165
115277
89342
105078
108520
107206
109203
115773
87435
94847
108039
112001
93532
107953
91394
104030
97243
116846
93851
102300
101506
91864
86721
103554
105547
116113
86234
98026
103795
97906
86443
111003
112765
87424
112760
111826
104059
88603
85868
98594
98441
108665
86843
93310
102554
89939
90629
93589
110455
105950
86398
108894
113668
105981
110668
98035
112581
114357
95920
99746
105634
103137
109161
110913
114663
116775
96725
102595
91791
96810
103002
88841
93890
116225
112132
114170
111260
111081
87151
107478
100400
113974
109288
90823
99021
109712
110543
101050
88448
91739
118079
116076
104153
95095
110322
97480
95730
96298
108382
113520
102574
112986
94244
97178
115519
98816
117163
88093
92395
97497
114184
86987
87567
87647
101154
109314
111460
113399
96275
91006
106113
99692
104913
102001
111521
111004
117517
94422
91303
92017
88923
99842
115039
111123
113044
102524
103687
112476
105848
109838
97550
99213
95384
105500
89371
113983
104052
111925
87121
87452
99296
112872
104402
100558
112044
95449
87681
115384
114307
93716
100877
113636
115732
99744
88363
90813
103280
117592
93986
91391
87219
94966
93325
93547
106983
106353
87388
92607
99621
96393
106525
93413
107005
114335
117370
98667
101913
86219
104194
98355
105756
88361
88108
114540
107472
103283
93336
110016
95873
90581
86169
110031
108196
107516
92401
116189
115645
99441
92891
96199
107391
110629
99663
87356
95540
109645
110465
107561
107615
114287
114859
108405
118432
105149
111884
90095
86233
117923
115760
88453
110479
101788
109683
88246
89747
97865
88001
97354
109537
95684
114079
108352
86472
88882
108143
116488
95307
114071
111599
117234
101832
105967
86788
88551
102103
106362
96950
110423
111989
102999
89211
102514
89954
101460
92600
86171
89031
99333
86661
91161
98332
107027
90545
89104
99401
113879
88581
89776
92683
111143
112845
94125
95130
103280
98709
105711
93577
88069
96049
91018
118765
100791
91648
90352
96961
106406
90993
107622
102793
97111
108229
111796
113206
113670
89879
106017
115530
89149
109210
105630
95548
118181
103203
112194
103198
100125
111591
88566
118397
112905
93317
87666
111241
105452
116039
114024
117365
101690
92324
100094
100129
93799
87562
100738
108535
96836
111067
104793
109331
99467
87734
91449
100518
87992
101367
90777
114076
107803
99713
89701
92540
113452
102587
99829
99216
95774
103128
97344
92999
106167
113756
118605
88023
109406
103899
90603
92966
104310
117252
105890
93163
115946
86239
98537
92944
105481
90195
89497
88156
89493
116203
88994
117326
88854
101850
103421
97612
100724
105276
88034
118269
106949
103838
96314
111347
115812
118721
106839
96653
86595
101275
106211
117275
94338
114591
105494
112452
92736
115006
111660
89253
91313
96430
91927
86203
104816
98794
116337
93699
101143
89850
93876
112479
92174
106356
106669
89020
102304
106819
102190
105714
93524
118439
111876
105963
106106
97661
116520
89096
103940
86977
104250
88000
111255
87377
96810
110731
96994
98035
100153
112638
95279
103066
115488
114743
116535
96485
101262
108923
108347
89065
87768
95006
110416
89904
105452
86947
109051
104705
95880
105509
95997
110818
89001
92918
99184
116572
94789
94597
100371
101118
91196
86405
98787
106149
113549
87371
104683
111866
106437
100216
92508
99643
100286
93657
90848
97599
111493
93067
111148
87220
98972
101987
92372
91564
96866
117644
87908
93784
102607
94066
118188
106514
102244
115935
111963
106401
107106
112484
113360
88761
92219
95483
96300
87746
103750
86762
87724
89306
98230
96747
105014
108317
108493
105865
117553
95012
102477
115405
94874
105931
97072
88602
89172
109624
89752
110678
86976
91673
108041
97098
102030
91436
103382
99660
113107
114181
87769
113691
89435
108044
108647
108298
100672
113349
99971
100449
98747
118356
89682
110080
89403
89408
113360
111941
116916
102775
117696
116272
91706
95890
88297
100805
96718
115547
95615
90034
88184
89228
100320
104242
118166
95450
96641
110385
92787
93746
107303
90545
95259
90179
117082
97900
90990
92220
113942
88251
109428
107991
95429
117942
113136
100758
110954
106397
91704
88140
99359
114551
115267
100320
116673
108024
98820
88398
90858
90792
93430
87022
91679
102466
101881
99833
88651
112986
103772
110153
86892
94275
106811
111456
105357
106032
90123
101292
100852
118169
115059
97034
88732
95201
108893
117128
104934
97845
88398
87919
96395
107959
99314
111233
105429
118492
114428
102527
114191
96274
116525
86766
111418
97191
117425
96283
108033
108774
110002
105821
106735
96387
97576
95898
112608
90169
99310
89868
91573
100785
112155
91973
94796
94374
91791
99441
95408
109639
96972
115932
116108
92124
102664
110004
95718
118445
117888
108047
105993
93983
113678
103215
104643
88353
102142
100869
98001
97222
101406
113141
95896
99891
98068
95449
109590
118716
102388
96328
99607
101194
112914
89112
91564
117248
118549
117281
104665
102686
118605
90948
110990
100133
92231
95661
96216
97340
94366
92244
112217
119250
114707
98250
97270
99717
106208
90162
107983
90946
114506
94349
116084
107182
95606
99132
112470
95173
106877
92095
97659
114369
98242
117187
111222
105278
86916
98652
108695
115355
106415
112783
100703
98723
90616
100883
100662
93549
99368
97624
99168
89984
96184
99273
102958
97595
110495
88911
96113
118389
93288
96790
92468
108384
102023
92051
104107
92595
90861
108230
96614
90376
105946
103868
116426
114306
96243
91737
103874
96180
106900
103508
101554
101566
98407
97411
109485
96697
92982
96601
100071
87894
88061
108717
99693
93889
110660
114364
96275
115916
114603
100978
105646
90185
94407
102117
90500
118711
117804
87587
97537
111138
93643
90413
109996
116548
91263
88387
112217
117488
110562
91746
92831
106417
118885
118540
89996
101550
105888
116039
103576
103120
87782
99560
108760
105767
107037
108305
94324
102538
93388
118521
97883
97918
90998
103403
95797
98138
95015
117906
113306
96168
100684
106355
117633
117965
99783
97467
92411
117997
103235
91451
118305
118281
88517
107185
104522
116842
114564
87369
110210
94275
109563
96867
113976
103058
98620
118935
105015
112967
114567
113910
107736
88744
100123
103827
95861
104436
93260
95555
96032
118598
119254
97440
109205
99517
114033
107604
117102
91866
88742
99476
96918
94761
106464
112106
114944
96292
117190
110392
94617
101716
106696
115962
116091
107193
113912
110027
89187
118380
113692
110635
115557
100227
105985
89471
87006
88373
113426
97881
97963
119103
100648
103418
87960
109957
107172
103189
95515
101629
115644
113622
96323
108489
111122
111395
119019
119459
115339
114978
102963
119166
94558
88315
92977
114026
114795
118239
104419
98745
118735
88393
89704
111712
91317
87683
93296
118176
119406
87917
108786
99045
96709
95866
118301
116974
119436
100859
90000
114990
111483
105632
118989
104050
117819
118587
94187
101573
99773
100296
92300
116880
113872
102827
94991
102662
101107
103224
99335
102847
102759
97400
102379
90019
96905
86826
112399
115978
107871
98313
93650
104738
110449
98637
95513
108176
119002
108148
112381
91482
114334
112962
89025
101380
100158
112647
109319
113657
105866
99616
101699
118061
99767
110528
115055
97537
88241
113137
105217
99431
102834
98261
89114
88390
88596
107570
98304
106272
116580
108077
100814
101106
114615
99414
109418
114267
96321
102629
88248
89601
115235
88899
105229
91953
104837
119501
112871
100549
109285
100052
99803
99147
115374
108520
93902
87139
88845
110166
104040
110953
113664
117231
103878
103764
90544
98059
111983
91614
105728
103630
111242
95206
107110
112810
91214
88850
97018
97061
87481
99512
101324
100829
108421
119295
108411
117449
118360
110913
89603
113857
98619
107188
98007
115009
93261
94282
98608
111466
97208
105685
116388
94281
119525
118383
93178
111708
115692
112665
105533
94802
88911
116386
104975
100115
87015
103627
95040
93952
100126
92840
103071
90236
109919
117833
107536
94123
99019
88986
98015
106361
107566
102792
100948
99295
112689
103013
118920
88418
112849
106894
111478
112092
94479
96331
96341
112254
99049
99318
105766
118550
100746
118624
109705
106126
109502
105328
99284
93365
111272
92941
114534
111939
96439
99902
115001
91159
115926
112784
99767
108226
91619
118457
113359
96073
107107
104314
118087
115751
118900
93130
90196
88466
109058
98864
90984
94207
110910
102769
113227
99304
112972
99947
109421
88781
91964
119105
100475
88441
114492
101816
116016
102278
102924
101089
94318
105507
89778
95737
115597
118805
97390
109709
113651
110844
106736
96737
94948
115160
104137
115603
108444
111819
112672
92540
110491
92705
98726
89303
115009
90253
119244
111269
117914
96949
108595
111952
87675
114161
96611
113038
100814
93776
92865
113288
95018
109533
101051
98620
105127
95520
88390
88863
94192
111335
111754
107527
113817
110918
97755
108361
102579
109020
101100
105502
89502
115544
112447
115020
111391
109116
109024
89090
119474
108257
107347
105987
101666
87227
92107
112390
106070
89823
104861
103773
97134
91586
104435
104918
116495
94788
112069
115423
90106
104941
89349
103149
114148
112758
94746
112158
102530
90763
101264
109341
87267
95695
119310
95046
87298
92705
105608
101898
116124
116766
105653
115605
95807
92390
110532
98991
116644
90915
108363
87520
89150
117064
106112
111576
112403
105751
110507
110349
113867
105574
105947
116902
117510
117538
116440
92824
88563
89748
94554
118031
89119
93667
117624
117519
118922
101339
109923
92763
113408
110060
95316
105110
95910
99446
100803
94120
104148
108612
92890
88931
117282
115030
115753
109159
95174
101091
95643
116802
93981
88222
103081
102108
110983
98617
111309
107795
114296
119335
108090
110754
106956
94375
90826
89927
91227
117758
113976
101157
110286
99587
115343
97895
102065
93921
116194
104998
102857
101657
95806
91276
109479
111302
102621
115258
104829
108325
99228
89832
112689
95060
103343
100683
98480
114010
89236
99900
106117
119912
113477
106262
119978
119391
96690
94048
107677
95889
118382
112044
93111
105932
99497
109502
92858
97173
90206
109041
93097
96433
103117
104919
96732
88810
119596
97312
90195
104975
94106
99773
90699
99901
92756
104517
90639
107357
96043
104855
92689
89582
93494
93889
117817
97541
98500
106016
117629
95633
88468
89289
99250
99044
88393
101160
99233
108655
108056
91367
118110
98509
118212
92177
110805
97796
103628
112504
111782
98055
116195
97364
98611
89727
103840
101164
98806
89802
93815
118778
110873
104260
112872
116106
115008
116422
95222
97315
104874
110445
111067
95081
88184
90013
118010
117634
118604
101445
92437
102776
110102
90212
103616
109278
118827
91596
106261
107703
90008
92966
95658
92563
115381
101174
106176
107259
100349
112992
107453
117263
115740
96107
98269
109422
104010
104582
91940
90710
116440
112008
96663
102157
111624
112252
112299
117887
98594
103773
115966
108840
113604
114206
90693
108340
93050
110573
102277
100325
114574
115641
118151
91702
118562
113650
97670
91326
106363
98704
113194
94934
91296
111190
113850
93438
110628
91224
107149
105597
98880
115387
108225
88648
94501
92092
107568
88357
88719
104435
95136
88848
119710
115417
96826
87518
117474
93321
97342
117536
102580
91331
100340
87882
113101
94006
101606
113685
102417
114943
95052
92705
99756
96109
116680
118239
89696
93191
118611
91054
99101
100816
104311
87876
111571
100297
87744
111184
101252
109752
110957
89693
101021
98344
112234
97786
105350
101553
108675
90392
116088
104313
92114
104627
98703
94459
102265
93621
91680
115463
105367
114455
105548
98314
109428
101193
119765
87952
111615
108756
108849
119815
112251
94782
111069
99782
118645
92461
107252
89934
111097
103632
116224
108239
90885
106363
110608
106734
117054
96145
93963
88261
91362
96167
106819
108843
115710
88550
109389
92982
100065
96945
98321
93695
100560
110216
110365
105381
98555
110381
109887
94101
110512
91141
101202
107016
93135
100800
102232
109773
107646
97597
91081
101704
109341
109991
119083
92091
88445
96741
112099
94148
92236
97585
110667
113191
100820
102150
110340
89038
105702
96832
88974
96782
101392
110463
103189
110636
109846
95948
90510
93728
111776
91263
111363
111768
102961
103775
110379
119360
116824
95756
95038
99905
103722
104858
105991
109575
98031
91007
90683
119880
104732
100527
103177
94018
103810
109573
89842
93252
95684
104933
109787
94831
94478
91936
118625
104126
90628
96023
98924
111428
119033
109860
91911
115637
93794
118069
94575
92968
102794
118714
97641
100123
102279
109762
97497
95160
97900
90720
95377
91479
112832
113236
113511
97091
111919
103143
110474
94145
99968
110359
120342
100686
104391
119284
104677
110889
96476
108874
104105
119569
118539
117632
112951
92752
114189
117952
99878
90104
89399
110425
89497
106093
101618
111457
105305
97827
114795
117150
118311
94121
102284
109991
96592
100071
107818
92998
103553
117668
89472
119585
114141
95051
108764
107161
119373
92142
99992
90867
90135
114827
109644
115637
108467
102030
109890
95315
106202
107672
112170
114955
109023
113279
110863
96014
98114
103062
91530
119776
92547
99374
92470
99329
88884
102236
95331
95437
100690
89597
93967
97697
98261
120312
117266
107583
91270
106691
96408
98420
89105
117801
105940
99064
116059
92234
115443
107413
114453
116451
108879
113291
109458
114639
101606
100660
108245
106190
92938
112100
107247
106118
106842
114451
106120
103623
96496
108990
108987
111635
94684
93962
109863
99934
90833
93483
108354
99602
114975
89988
119793
94806
107745
107023
94806
87952
89464
115712
105705
118056
109112
109989
92107
94096
93024
89489
112983
107905
89936
98553
102649
105351
114678
93022
110659
104639
119946
110956
88637
102623
117627
92963
105725
104312
94377
90420
88440
104568
103380
108974
97688
96755
111444
96217
107663
101155
114443
107362
102762
91309
100249
109241
112617
106021
110030
111800
116622
97493
108133
120197
93428
98234
108015
105145
114018
93392
100621
107202
98464
115600
101602
115590
118025
112822
93128
99400
109026
106311
111170
93904
109546
90835
90163
97222
114738
95991
109133
106080
104751
90151
94155
111421
94734
113066
112739
120464
105543
89318
118390
91520
101237
101854
117131
110287
119653
119033
105723
104122
117869
118277
98029
111137
119295
91259
113541
105704
118653
120069
116825
102301
102223
107581
109605
96347
98356
105144
102079
105198
91349
99907
99661
97335
106912
106604
93877
105682
105683
114245
95317
116471
91351
109924
99061
95134
102608
90670
118777
101095
102258
88918
114395
99256
88086
89760
113369
108200
111117
94955
88299
96284
99892
113518
120312
101807
93896
104514
116041
119512
96636
110624
99134
98503
118729
116589
114752
118159
113030
100467
112630
104074
110008
106738
92348
100857
91563
88279
89937
103404
108098
99915
92879
103010
111499
99055
117985
103600
107158
99942
113200
109095
97672
100885
114462
99313
93675
104998
89271
93756
90440
112595
94692
91291
89080
110817
115938
116136
93751
102506
114931
92655
98170
101600
113748
107015
91139
104271
88686
90114
94386
94178
89680
102408
98590
91049
98653
91198
107492
104345
107074
104428
90431
99541
90156
93664
118745
100908
95799
93709
93153
112354
92969
108152
91230
111283
92512
95061
119491
91925
119561
103020
102595
118206
91795
99778
106598
100454
100195
100726
88669
107982
97994
106729
120467
112641
117044
98081
115460
106457
115618
118384
105682
111046
118106
105296
98197
104395
111068
91794
98035
103625
93977
107192
114290
101632
109536
106655
113545
96211
94873
110433
97789
106187
99381
95097
107115
118239
120677
112936
95008
88307
104458
116248
99121
105118
113389
93760
98249
118832
96689
94215
109501
95988
117510
89004
112998
102066
109343
100837
95919
91512
116837
91590
98157
118938
92269
101861
92655
95992
104743
102588
106966
102527
98905
116814
91431
114419
93004
104718
104351
91115
116934
104444
90183
104477
91959
89105
116040
108507
99639
98013
113151
112862
94768
102511
119636
97603
99672
98933
104008
104403
98531
118436
103630
103815
111990
89178
117980
106571
96734
92546
97729
118531
117506
96953
92089
112332
108566
104110
108991
106884
98066
118991
111010
101772
114019
91938
94811
88780
88288
96112
119966
116984
91391
102313
103855
109330
100425
105860
100471
95281
91659
98662
93399
98688
118863
116869
119100
116105
120330
119373
111220
112820
98711
91395
118208
111370
88932
95656
88362
103231
99564
108320
103960
120560
98277
115859
94754
100393
95674
113428
109089
107562
103227
120448
107400
89963
117908
116137
94200
92893
105851
108980
110350
106099
104878
111808
115328
109793
90525
105417
100456
115876
118627
90059
102367
115266
94203
111146
97230
120787
105649
96337
100353
118208
116950
111257
91261
114891
120760
117357
88852
98639
102098
101293
95030
96201
96319
118095
100362
111256
117109
101708
99517
98561
107055
99258
113435
114550
112555
94517
100444
112920
114710
109700
113728
115322
111173
111482
95838
94632
109989
115481
93624
104296
106101
113406
120468
89535
94770
118777
88711
110519
94291
119291
120531
118368
101175
100661
120051
112405
114012
93822
94579
114432
116433
115445
107781
100321
89838
117480
107474
111114
110146
110581
116494
94126
107725
118383
111823
89436
98415
94724
113183
115655
104353
116124
101199
108232
113763
96899
89743
116134
117621
92875
103612
94356
113610
113388
91257
120699
115258
114350
113537
112122
89463
107849
117308
98476
89666
110794
93584
96169
114655
97464
92921
115279
91334
104440
111324
96322
101275
95726
105752
113585
102496
96997
119775
116955
118250
108465
90308
106194
111505
108690
102420
107903
90924
117596
106090
95463
92989
106709
91262
106924
94568
118111
95550
111319
90410
117975
90656
107732
94919
110012
104886
105918
106116
100244
103555
112350
118807
110731
115725
98158
93788
95838
96307
105634
101193
89719
110273
109289
118820
110938
98626
115824
96755
120127
107797
119015
96821
113664
111043
98953
102351
92214
106896
107606
93257
118175
114768
105891
112954
102596
97404
118485
102913
92632
118405
109418
116150
110306
109160
111929
95585
117023
110467
113914
90729
104865
101031
101384
98639
102717
114286
88934
107675
98212
116175
113664
119831
89552
115951
119860
107580
104354
113722
104081
106986
104649
94643
120287
108124
106725
99464
88671
108378
107244
89834
89172
120752
111565
96795
100289
109536
117844
108745
93557
104212
90702
88986
99653
103510
105709
103432
107929
118787
108654
96623
103466
99709
93432
115812
103433
91425
109768
95305
103652
104057
118155
99102
92037
109234
119051
101274
105371
103248
114958
103803
92861
94496
103035
97306
119980
118638
115647
107330
119000
106361
113263
93762
112934
100388
107567
109889
119281
89582
89810
95442
103247
120612
109507
103369
104341
118870
111267
105292
119581
111879
104243
109869
96582
90280
108149
99447
111293
101320
89870
93254
100603
104837
121071
104668
109327
121158
118836
104178
94110
102572
120652
116044
112680
90565
95323
101520
104844
90499
110044
117080
93647
94829
117387
105606
111385
112533
116866
103896
89088
111562
118690
93372
95497
92430
107316
113509
115564
101451
120528
94238
114968
106817
117374
92382
104951
103107
111132
93469
102003
105251
109568
96743
89913
102635
109278
103471
108093
93133
112363
103781
114942
103901
117314
108107
110603
89342
117895
89092
102342
104602
94667
109421
101992
120727
98480
108209
99141
109190
115662
112920
101202
89629
109141
120096
118500
113127
89075
116943
119994
104250
115704
109639
99902
91242
120760
106139
117000
92220
105520
115937
119204
121245
110317
114569
103317
106388
120362
100845
94873
118134
89145
96296
104751
110425
113188
116524
104535
96970
120211
94991
111769
96195
120304
116646
99400
112087
120010
89941
115464
106928
93559
99365
97934
102075
94206
108311
98471
100642
113460
90553
105084
99323
98852
112118
111892
112575
98484
98354
117530
115965
91014
118679
110561
94031
91933
104617
116645
99470
94785
95777
103700
115778
110500
93176
114700
88924
92869
90306
96679
116776
111637
115005
90485
113277
102489
98858
118792
115767
112463
95323
109238
93670
107924
106254
107674
99272
99781
103545
102620
110325
111844
95398
109106
110298
91646
103041
95143
116456
108811
94000
104092
111757
121110
98210
90636
115044
112030
94315
118548
116137
109371
89039
110258
110319
102277
108060
91341
89877
119857
95294
119925
96118
95613
94349
90477
91232
108495
119273
109286
113864
100504
121097
91022
117307
120447
112656
92873
118040
95420
104545
101182
119037
114113
111285
98966
107903
92448
109931
112256
118558
100521
111903
113401
99447
90322
99197
101834
101308
106589
116823
109394
101474
113460
108790
90245
108825
93336
117166
97845
95745
107642
103861
119185
106267
91177
112950
99819
119550
118318
98720
119742
116171
93556
104516
106735
90210
96173
117535
95827
94166
102128
120820
93810
92447
116391
93599
98698
103695
94120
120741
119511
112776
94114
100367
90898
101611
108475
95097
117816
105683
110199
95078
92812
121092
90332
107222
104159
96670
102100
92443
120335
98199
116434
108264
106958
92775
99512
113067
110244
95749
116729
117020
119607
95507
120058
103190
95435
105301
107967
108967
105733
117864
118211
120675
105716
115377
120103
105981
90450
107155
118543
99096
89094
118245
110410
106330
108270
101283
107313
107458
115676
120803
94673
117052
105950
94219
108364
89715
110531
94018
102268
92135
95194
102180
115674
99903
98557
90298
118942
104160
96462
102825
111912
115390
109377
102825
115615
94066
103259
109625
107480
116366
102713
92818
97657
116525
99667
119257
101726
103886
110850
119192
109115
97890
98368
95855
97411
89251
106671
111879
93577
89768
100830
90440
102886
120246
121543
107980
103194
100698
110748
102291
89206
114868
121539
98808
102201
95766
102431
108259
98809
92366
100753
110401
118596
98623
107966
96177
112520
113463
96787
91520
121392
100988
95495
102360
100880
93608
95648
100660
114947
107319
97337
89367
95954
111839
120962
103934
89944
118048
96456
90003
119780
101147
114295
104739
93151
116903
97245
93266
100527
100002
98096
113678
121050
95109
118483
98241
104047
114747
96981
89803
99490
112436
108475
106543
94390
117173
112255
115340
113184
100210
110040
118864
108009
111710
116924
115752
98644
94402
118307
102843
120769
108428
103951
108183
114641
112362
90057
96107
99275
100120
89453
93560
108862
99191
104616
116802
105448
109022
103617
116619
98263
107572
119254
110977
93902
106559
103785
100663
107754
121271
105499
100690
90245
101023
104630
112389
96603
112085
107633
106815
94955
98279
99440
106530
101921
100904
92299
108728
106033
99331
100176
100577
107718
91792
113483
106384
96604
101989
99717
91447
98282
108463
104778
120960
111301
106625
120111
107326
99265
103787
118100
101283
120985
93263
117479
99763
108177
102768
91369
96504
94553
101068
103989
102008
110901
120236
95422
105188
91227
115321
93720
96530
118684
115409
109882
92333
111175
89562
101762
116012
94539
114390
114425
108800
97691
102904
98265
119058
96727
107382
102220
119916
90920
95456
114039
99382
115052
113840
113847
100325
107155
99362
104490
100783
91464
120646
95090
100162
104148
113491
96181
105141
92224
89918
102888
118719
97978
113291
91726
121127
107323
101988
105787
113275
103782
97512
93470
113157
99762
109253
99774
110331
96971
106249
114884
98294
108086
120117
113530
91557
93236
112019
114130
116163
107242
92106
103082
113222
117950
111536
111950
104666
119300
91231
96319
102029
97754
90507
100659
107468
115280
94995
95836
113806
100301
90837
104685
92367
101294
94407
100571
104768
102959
118084
97760
101437
94095
101795
115142
100095
109679
118542
104418
110355
117116
97169
114143
104458
91725
91506
92605
121203
118670
109761
92440
114950
112735
107311
116142
95522
107255
107044
103196
105338
113805
100107
117224
120843
110712
117233
119748
112721
112277
90702
109841
89786
90345
93730
114595
98907
93319
118596
121540
104161
104884
111351
93307
110795
118602
112575
90126
96727
101722
107891
116165
117178
94997
93074
108529
112404
121837
121306
110893
111779
120823
116503
100324
102071
99220
105018
99091
89318
98896
92586
105552
113664
106762
107743
115468
91206
90966
97324
95509
94166
98335
96988
114782
91498
102801
100225
102915
121666
97333
114313
95880
116319
119134
121618
110434
117234
110789
107008
115128
105236
93552
99148
90730
117943
96728
91550
90963
104413
89930
118815
99787
95240
115854
91784
120432
103409
116679
93056
95783
105084
110490
113956
95325
105452
112530
98279
106131
114515
97219
93084
92441
103501
116654
93905
120089
94446
117861
105567
96216
93177
98800
104255
100153
116563
112622
94367
102275
89783
104831
109621
112227
93866
108642
89812
110389
116658
95067
105277
115839
115139
101336
106807
105150
99322
98003
99042
102502
95374
120058
111688
89892
91395
89614
112949
90726
118432
117641
91465
108317
111396
89731
90699
108737
95669
109782
94400
90006
114713
115073
104124
99375
116776
105546
110841
109616
100737
119976
104998
107608
116605
91103
121985
109502
93025
121453
106920
95322
103128
99493
119980
101576
90784
115354
109160
104265
94595
104254
99345
94731
89993
111307
90126
111786
93548
97378
118025
108278
108620
89842
103238
103671
97700
122204
100403
107566
117629
111061
114753
101918
114913
97419
103155
91147
107155
116107
107828
114690
116733
120290
93678
100121
91242
109570
92376
106744
94325
102248
93072
116888
116673
100220
119017
121419
118507
113081
93830
115453
112061
94989
100520
95417
108965
90243
112708
99439
101477
113439
96089
120052
99083
92937
116608
95050
94500
91631
108229
100386
111661
117924
116405
98975
111434
101389
113080
90205
104251
99645
101025
112306
114315
98527
94852
90419
115210
94676
106695
96634
105854
117534
117116
97319
118934
93437
93678
114469
101407
93527
103290
105775
114554
114525
122017
96914
105038
97900
112731
100148
120442
90161
105389
90581
89678
102929
96637
98453
107258
99784
93350
98998
112454
94544
116808
118692
98948
99844
98913
108338
106435
107269
109730
100135
113990
100061
94075
100857
102453
115810
113529
107224
110737
98013
107729
121582
94573
110956
105789
95206
100700
99749
98310
103339
106278
97660
107618
122226
102079
95335
92673
105466
96889
113600
95203
90386
97400
120426
99692
114269
101478
104375
112058
97106
93545
108937
93494
93318
112722
114104
90473
118830
120344
93876
99090
119775
97924
103276
103029
108441
102189
100974
118261
115204
118439
114767
93925
113145
94200
95565
92316
121156
92747
99891
105927
117929
96489
113789
98308
103717
120676
92605
118188
106101
101909
119357
90607
106205
90825
109286
117543
107554
115128
110176
105318
94680
111287
101755
108369
103652
110254
114382
108338
118841
92491
94622
93768
116453
90872
108545
109666
100177
120587
113730
93612
121796
121405
120200
117960
99370
114014
102323
101152
113940
100423
121479
99195
112639
106767
119820
109263
92377
95106
107060
103254
117953
109774
102335
108004
101903
89984
94300
99704
108948
107439
102417
119057
96547
100215
111068
112579
116559
91050
90523
103177
118903
92353
105769
97117
120064
96281
104650
101126
106722
105820
107209
115506
109670
113724
92767
116548
113198
116328
110039
90735
104053
101816
103408
101252
121752
100011
111747
121608
90069
102164
103525
108426
110675
101648
104591
113715
114019
96827
111740
122271
105478
110372
120787
102635
98479
99070
89926
121104
120650
103320
101562
122479
105596
117135
117416
111789
121901
93378
114371
111296
96580
122118
94171
102730
107185
115483
99073
115494
104881
118239
119788
113729
109901
118722
93339
105132
102180
118906
106556
91631
91499
91896
118093
120991
114226
94106
101121
92211
116713
94882
116197
98067
95010
118503
102339
105714
90521
97482
108230
119134
116337
97644
96224
115861
105408
117278
106601
115355
119118
120857
111369
97417
120986
99440
115671
95272
111134
97346
98242
116158
90068
95540
119601
115752
90361
117278
91110
105257
105233
118789
90664
93186
119851
96074
95521
104515
107110
101664
116357
110304
95412
110915
94580
110471
104670
119784
120994
104497
90825
118767
108469
94456
121079
95584
99310
117288
100944
104469
110604
90264
94499
95924
108397
121915
100200
101857
95351
122098
94280
109489
116278
117156
121567
120673
100678
103825
98880
90440
100340
94179
93881
110346
120224
102790
121945
104463
100710
105786
92848
91699
101373
116199
96726
118463
97502
110384
121007
96153
94889
113738
108652
122039
105157
114959
104789
109017
97351
117070
91334
121976
90646
92774
108664
115193
110668
119571
100098
108071
108767
101767
111008
116192
91008
108477
114482
121358
97475
112138
95368
118490
114817
91125
90588
97052
119675
100168
96672
93205
106559
92519
99451
104800
101200
113377
104078
103718
111233
91461
92667
101522
113570
110391
115368
109700
95838
91842
114496
114314
120164
99824
113531
102924
99013
99736
108448
99782
103325
119416
96584
116091
106230
104579
104804
102376
113641
120956
95105
104696
109318
97220
100939
121910
110327
121457
111952
95111
120927
92063
93191
116249
117000
96267
115217
107415
111166
120542
96446
106399
103030
105670
117203
115061
95796
97611
118667
121849
114731
97889
110043
106966
113829
118329
90362
117245
99365
109405
120097
120914
94539
103164
109456
122532
110073
108930
118993
117219
105396
102764
116800
102285
105293
107611
118987
118634
96192
115303
116471
114041
96348
109493
92195
92202
122404
104524
121617
110285
118902
98852
106914
97355
97514
120192
120801
104980
93821
97150
91203
110424
122863
94957
97582
114810
101737
93022
108471
115394
117091
104062
103344
104530
121029
107427
96482
100443
121420
104868
121239
100240
113968
99054
118364
91355
101124
106452
114436
110159
100573
103207
109808
90719
95158
113927
94862
115021
121875
112632
105504
119525
91365
109625
114111
95338
92590
93521
92831
99025
118757
103914
110996
95533
100252
103906
115413
97131
98144
91808
107265
95551
102241
121252
102239
120158
106451
111970
96106
115950
102035
103505
110477
105274
104462
113215
114987
97707
116575
119783
97250
113652
111031
120005
109585
113804
98562
91945
105111
101729
102855
107147
113118
93387
108624
97310
107545
122558
98572
107943
118473
107077
114737
118416
104326
105259
99493
97080
101884
99323
107039
91790
106292
97324
116362
106974
99861
116373
102058
91883
107818
117799
118273
118845
109989
112346
101876
93116
112548
112872
100394
121726
110516
119866
106549
96478
114067
112159
106612
110030
100411
97092
114231
96366
97051
94177
108837
117981
94376
106544
109019
117070
91668
118051
103382
94303
105565
104790
102035
122279
117386
98883
96756
108686
116018
96693
94694
92514
114493
111487
111937
103591
100334
97133
95216
106670
92706
108411
116817
108905
102610
96837
122846
99965
103647
100799
104206
100249
104463
97830
101494
117510
102738
113974
94004
90752
110155
120222
101517
113221
93707
114353
90325
95851
121120
114782
110479
113270
96974
104290
91862
102186
98204
108988
119292
121502
105747
122721
122736
106130
108226
95026
97765
94466
95365
118827
119984
90876
97799
118493
121714
117166
118662
91934
103672
105923
113622
109055
94559
91376
94121
104446
105340
121289
117261
108413
111995
116186
106038
102259
116933
115187
115326
109154
93480
118979
102570
99721
92978
100264
113519
94298
122333
113094
105781
106542
104306
121175
91162
113720
118183
99137
114490
91575
119050
92398
94510
102512
119715
101464
93138
114524
99029
98915
121163
96670
96390
110448
112201
101303
116608
111151
90506
92413
108310
94388
115872
115018
98826
97230
96755
106225
93358
113812
103433
106742
116298
106560
92677
107902
100798
112193
101742
96388
102760
95371
118066
121550
119368
103986
92651
95519
119394
116791
122720
101295
122468
104610
91983
99800
115337
121808
104810
106002
101053
97295
117919
118305
101890
92008
105884
117645
117010
102332
114323
108627
117830
110867
95290
93146
114870
119344
91159
112680
116898
111465
104442
118614
114449
106421
121547
101697
105143
119815
119429
108931
96284
94426
97155
120226
102139
109069
92411
101254
104168
108786
93896
106545
122678
119970
104556
93866
106008
95379
102741
110394
113414
123244
90719
118491
104547
112663
108699
121582
106588
115480
108879
120108
104723
101918
91965
99295
99325
120792
105768
102994
101512
120330
115093
103814
117250
98272
96207
117030
121014
119426
102957
104637
101976
115688
100759
117031
118179
120816
101959
120390
113984
101294
103885
121078
91626
101123
100950
100674
97232
91249
98093
110808
120634
110381
102018
106938
122992
120694
115819
99639
94936
99622
113448
104218
97118
118919
117931
106785
120344
112999
97624
117424
110378
103535
99337
102599
92904
90800
103253
96818
121147
116607
116754
121855
112710
102531
123160
115253
117321
99340
107592
118979
99013
92582
103629
110775
102113
98543
122530
122288
113932
121509
105300
92054
100324
116739
119818
97416
116822
119886
91330
118550
119559
97451
107741
109745
99571
105011
96478
120927
99157
111177
110959
97716
111302
106795
121765
118781
108968
119496
91780
108990
106949
97746
115142
114783
109876
103699
121304
114722
111229
90884
103718
91224
95228
99228
112280
122837
108171
110694
117084
108961
121691
103126
96743
98800
114979
102621
98358
115540
98429
116667
98138
119858
112524
108821
97843
117875
121059
93767
122236
107387
94626
120315
93959
96863
105186
122875
102986
120402
105044
97091
96795
122721
95780
121435
98232
96097
98340
123363
108298
113957
105510
91503
112683
118772
116137
108182
102949
91961
104633
117318
105213
103037
123408
112730
94448
112019
96897
104815
114940
103698
94615
91891
91810
100105
117625
115070
112875
105453
120336
98662
108713
119766
121196
112014
103423
111595
108388
99454
95011
118811
118397
107449
115299
105743
95246
121162
118118
106076
104865
113569
114613
115964
119195
107421
106105
102911
108320
99562
102279
119166
113969
106637
102809
98769
92439
116157
100830
113409
117765
103669
117430
109184
110585
96583
96182
96024
109539
117747
92915
106786
119561
120376
98173
111352
95146
107882
91433
120237
108769
91461
123284
105979
115661
111745
107108
107900
118767
108454
99537
115741
112339
93730
95845
97745
116467
118169
119551
96386
106968
92028
91166
101965
120194
97501
91484
118766
107786
107650
111161
101241
115846
108344
98586
109388
101421
95849
118674
98625
91836
94449
91103
119336
98072
92718
100280
111988
94516
108374
122950
105780
98869
116494
100208
105029
107476
116536
117339
110790
116484
105740
110897
118989
115157
103274
111650
116568
117913
90990
115113
113543
121413
113478
96785
101384
118810
108352
115767
106706
123012
102695
106385
99606
101698
117200
120687
122226
103623
119024
97153
101993
118496
118576
115098
108304
113816
95876
111795
91145
118617
113848
120115
122549
109395
107596
101998
113830
92449
100225
107883
95059
105130
104884
99562
95248
104262
103147
101029
119869
119587
113070
113111
116157
116198
114456
95995
95146
107669
106797
110806
104262
94900
100206
105143
121141
110254
118187
121854
119530
105847
110873
121051
115808
96624
119716
96344
119306
100491
100742
101274
122636
122287
107801
113251
120747
117086
111849
104668
98306
114069
92174
117394
105207
108787
101561
120510
97646
101662
122124
102857
123325
119907
101935
114703
102239
109212
120224
120292
109292
122199
121034
96468
115272
100148
113370
108079
92443
101007
113870
107206
96642
106335
107470
104431
118021
96350
121280
98767
98760
115563
97303
119512
106501
100652
117995
94352
111545
110583
113231
93588
110238
108019
94175
107741
108122
95866
108184
105027
115446
118466
108269
115775
94609
112061
110870
107253
110422
97085
114604
116850
98475
107100
120947
112178
92331
117531
122743
111589
95447
122697
106586
99186
110856
100007
98796
103997
104361
108105
104444
108454
119330
94015
100206
123090
122263
114805
94350
92589
92115
122840
119716
101167
96383
118458
107465
116447
113304
114040
97272
100246
96800
123482
109160
118662
109075
112570
99865
100218
99996
91497
115373
119647
108425
121166
112250
102404
104189
119632
116445
122398
114788
92279
93905
122511
117676
115021
103360
99304
112819
104331
105625
105772
118523
112369
98082
97751
112037
99702
112528
91934
116637
120481
122453
104057
96274
101943
118841
105823
121641
120342
105644
91728
108274
93025
110170
101145
114843
116445
123393
122964
109027
107675
98175
121390
123602
110296
117040
110189
103335
118817
103798
120753
103187
94395
108185
122361
105636
107329
111826
100458
117636
99471
122530
121932
109923
119519
95080
101718
98738
98354
117811
115499
96530
115698
108245
120868
100620
94165
112441
95568
108546
101380
123638
110521
99685
97917
121635
101097
102953
115125
100462
99501
93558
93826
97640
101913
100769
105785
123683
103884
105818
123411
103423
100214
111911
92374
121025
91287
96529
95153
97253
121481
96924
115047
108342
96704
106237
106160
114587
94801
96648
108252
111412
96689
109160
96185
93605
114111
103826
122039
91826
100613
99836
111946
98061
97339
102665
105104
106347
98573
118344
100404
118237
121375
112479
101522
109918
95309
115778
115739
105384
122167
104361
107515
123213
99069
118720
120826
108546
106823
118560
112544
109374
98185
102910
104093
120580
91269
123810
95336
116988
123665
100379
118565
92105
123930
110130
105932
99479
102889
114076
112008
113395
100517
120180
106077
99040
94233
102120
105230
108839
123576
120882
92222
106990
116190
97226
95957
92556
96089
108505
107941
92060
95272
100849
114254
100432
121986
119548
112990
98313
96539
112499
101821
93476
107938
114641
102217
117782
115854
97606
106685
94651
106522
95919
113879
98283
121998
123334
105146
100431
122817
97430
94609
119154
119260
105267
106357
94747
105312
114087
112529
112347
99435
115247
113539
99810
121143
100264
99334
111894
112611
103492
105678
99943
93046
103553
104372
114268
96289
116316
105235
100594
113860
107713
110450
106663
118196
91975
102499
93138
93372
109082
99498
99381
115297
119352
98722
122069
113770
98785
105949
96778
112032
110920
104203
94162
117459
114575
93981
105066
98589
102386
124074
116000
106859
100163
117393
111459
93496
97686
99040
114716
102556
96317
106740
100161
95622
114679
95970
118182
121925
108388
102934
105239
122190
103868
92986
113317
112697
108993
118106
103741
103436
100594
112709
105087
103612
110338
115254
109516
92657
119176
113843
114081
113418
109560
106678
107300
103521
116690
99851
112637
113104
103705
109049
121959
98932
91911
117028
96135
106928
108799
118962
95228
98677
122819
109229
92855
102849
117479
108968
94221
110950
113286
120742
112394
103437
93491
109623
98057
117114
100914
93668
98177
117266
101353
115405
116258
109722
110225
111761
113441
92481
112433
109422
114640
118241
108237
107690
105329
100226
110042
108593
109132
124192
95222
115071
99071
112558
100310
98240
99862
95066
101248
114998
101339
95763
94394
118236
107631
104264
121282
99657
106010
124147
94783
107478
116192
111063
119928
123651
104021
121093
118468
96535
116914
121509
105793
113671
97319
112115
93129
93081
92019
107656
111650
91849
116915
105179
117877
118892
100215
111111
113154
91923
113947
122575
105489
103474
104277
104927
115500
95874
117002
122196
116875
93091
97638
105343
113104
122118
98603
103142
109813
119818
104009
107404
118914
104805
107952
100723
117763
123846
115554
106590
99513
121273
112844
103643
105104
92874
100694
108161
110929
115693
107833
122743
121369
123677
114320
124214
110858
101956
95411
116367
99136
110939
117184
92911
102662
92114
104058
100066
114762
111922
94295
113110
119631
110849
112084
112930
96162
109030
111884
109638
115023
99341
106633
106100
91732
120525
116314
108880
118358
101768
114021
113909
117395
102355
97535
108856
100888
111831
103098
117808
106036
99831
92798
100854
107308
103604
122076
94633
123184
92109
96158
111541
96654
115626
111779
118101
95270
119290
103146
101719
114974
93340
116204
120352
99031
102331
93999
114927
111647
112446
103960
99942
97960
109407
119297
118854
120248
98457
121483
120954
108835
118472
94773
96599
115831
123788
122670
103202
110198
95214
91752
92882
105673
102726
97518
91672
118770
124252
107383
116893
93059
96717
106555
120459
106125
102064
101125
98382
110684
115834
122762
97180
116065
105759
100857
93618
94320
104570
106963
101089
123948
94191
116477
118602
121023
111951
120084
111846
96718
121083
123136
101065
94379
121677
111820
119207
122573
109875
114100
115095
121982
99357
106624
122135
118740
107802
92177
111952
110562
92989
98874
115612
100399
101702
98001
97350
118888
91774
115973
97937
93265
116451
111345
99835
92161
102021
121714
98498
115791
104496
120374
94120
92040
112459
120342
94963
99939
118016
96678
108729
104758
112798
100874
114778
110953
108347
105483
91982
115499
99997
116586
95009
112485
106331
92275
93371
121324
105023
106454
123109
96251
95471
99507
104969
115424
109004
113908
108345
117493
102171
94175
119923
108242
110947
116459
96292
105153
109845
94419
113130
119923
117618
121578
112286
102129
91818
103598
107922
111316
121153
102815
123671
116409
97463
114002
99395
115696
97128
103873
120817
107380
96689
114661
96520
112416
121428
117383
120321
107295
107038
103251
119203
101285
114375
98862
123153
117468
111897
102089
117511
115490
96852
115830
93281
106865
97490
112699
107997
107550
106471
107813
120609
113095
110347
107231
101120
101511
101435
109187
112889
118123
105884
122288
114688
119850
114274
115677
97922
91920
112368
94701
109475
114492
98368
118787
120266
105739
120454
94615
109151
98516
122640
111562
92883
121814
124273
103926
111329
118126
95198
98442
95252
114830
117464
93717
117386
97642
97292
109216
102135
99188
109687
105793
117228
114571
115149
118765
93274
94831
98076
108942
94546
121721
119980
101973
118030
97161
91947
121426
118069
99391
102918
92738
118363
116590
92442
108200
92871
113357
97676
115999
99962
123888
92661
111598
121965
114807
92611
123869
94489
97926
98268
123975
101948
104821
94340
99697
109531
110280
103040
95514
92803
106337
113531
100691
99029
119028
117674
109969
118338
107452
105644
108033
118034
94316
120756
105755
118187
107113
95977
110458
104720
115254
95757
92651
116904
99375
95837
93636
108865
110459
121273
110455
118612
94524
104709
99174
114826
94216
121295
93433
120448
111517
100146
123886
114375
111824
94714
99313
113712
108999
113672
121453
101702
123496
103161
116385
105499
117009
97794
106486
121672
121738
115486
104080
95279
110648
108396
98851
109187
121747
102098
103176
104715
117210
114407
104848
109474
123141
117008
120728
96899
98043
122857
102493
92867
108549
105446
117394
112671
96642
95034
96432
117752
111837
92407
97166
99740
95933
112503
111409
120775
93819
96764
102885
122730
109017
104851
124300
120746
116977
98622
117559
102188
110187
122193
98547
115344
98291
92701
100838
98363
101098
103884
120986
96602
123228
96652
95128
123939
115507
93680
116793
119646
108458
114322
106425
108325
97028
114942
92813
97000
124029
119499
120310
111796
108673
99083
122839
104884
97052
92902
122052
101368
120498
96641
107611
120181
109296
112421
120791
107597
96258
115613
95970
105553
109062
103391
112299
106948
116929
111343
118585
115042
118673
100865
111359
121249
115107
95198
124080
92471
118374
106376
122708
108252
105024
99873
115868
116305
98175
96265
116082
102049
121746
99655
96469
107943
113785
116010
103652
111824
98938
114991
114232
117539
117270
100134
123255
106622
111163
108177
117542
106018
119483
105805
94655
118897
95997
96116
108036
108023
94451
108161
105874
106408
104523
119733
101305
120424
117226
111034
113803
96721
97174
102791
124467
109616
112626
114307
107657
122832
104112
124397
119523
104828
99586
101755
112685
113727
94801
122177
112956
115310
111922
114901
99679
100328
113814
107441
94519
100765
123200
117976
95177
114253
93053
105917
96722
93330
106767
112736
99162
107041
94058
118970
114572
110669
99875
109915
105157
119245
95653
105298
94955
122302
108070
121165
124416
109548
113369
114177
93943
101965
111973
105932
115910
99278
93591
111513
110524
100434
110931
102661
117013
108024
106705
121280
121036
109469
105222
118325
116144
109731
118367
92525
117690
110064
115125
103984
93342
107577
92542
114542
118432
108416
105792
114654
97705
98267
98636
95461
115354
94072
112808
96441
99552
122334
95053
116678
92745
116853
109714
120145
108821
105545
110057
119643
114769
122123
109001
111048
100960
114009
99051
104640
122331
101438
103353
123478
110747
105469
100868
120679
94483
99850
109301
111557
100835
94298
103238
112021
115627
112604
116657
113654
96541
107592
108969
112868
119127
100631
107593
96859
95343
96210
107914
102079
93775
124816
112568
116859
111555
95675
118567
107753
97744
107538
106530
105074
94024
112628
102692
102902
112795
106203
105803
102253
110064
97319
113417
118223
99188
115741
105245
119346
107506
100399
119745
113202
120229
120957
117797
117142
106826
122525
97309
97073
110456
103831
119830
104709
102452
115508
123215
106415
106689
104057
98886
94463
99253
102254
114544
104934
122706
103460
105516
110485
120338
120565
95226
100323
93572
94734
112616
119023
120663
121899
106574
117767
118964
105122
108219
110537
101330
119971
121903
95624
120772
109502
94091
103922
96917
97701
96325
96495
94614
95028
121184
105676
101367
98478
118940
112792
103317
113482
99818
122318
96275
108526
110370
122165
110636
124730
105464
94981
116039
123592
114221
97867
113996
122802
98818
116622
120503
105045
101106
105139
117483
118613
108704
112670
101064
120290
104463
123162
108927
110393
124177
99195
92581
110445
98306
116866
106631
107367
121781
101120
123838
104491
108463
96446
111875
108382
96915
123677
106564
93445
98526
99066
98295
101008
99284
111572
121774
121623
122043
92721
103659
113891
108614
92477
120374
103472
118356
97205
96366
92977
111067
111619
119389
119637
105758
96171
108174
93129
114215
121317
107363
110910
116593
100747
108898
97004
100581
120374
117712
116951
103687
102565
114561
116561
116338
117342
109550
109504
113026
112791
103048
118433
101968
114262
114764
108237
100067
123352
97688
100859
120228
110896
94269
120455
110611
121392
123861
92786
96697
96652
93271
101289
105309
124221
104168
107914
121467
95780
105716
98212
115954
103664
118142
119230
99581
101953
106676
121115
110948
94733
108999
119549
93684
98884
121593
98408
94252
95407
118776
104232
113721
101406
103018
115734
110117
117954
101577
107158
107339
118744
106353
118116
120846
96903
101367
93329
118218
105484
109245
124104
118027
112404
106179
101334
120829
96873
97216
99945
106788
109777
103026
111384
121421
102452
120626
116388
94149
98300
104139
97662
99272
118465
93580
99977
114236
108326
111772
101152
115872
95230
121230
96347
93759
103348
119861
93582
100521
121577
110266
95251
114787
109150
119787
123978
98782
105493
104406
105437
124582
101299
110231
125257
99036
97833
99694
118938
108262
109715
111125
101749
125285
112224
93264
95836
101735
114356
116165
107822
104671
96522
103438
100589
110418
125214
114957
115908
99538
121354
95615
98377
97584
118959
119252
101631
117614
97622
108863
99615
107891
94359
94985
116632
122882
104315
124458
95572
100077
115421
95002
119741
116102
114198
102373
112768
111447
112857
100990
123536
121107
100443
120149
124015
98764
99255
98859
99241
109669
98194
122661
111009
110923
109818
92704
98703
94304
122772
101957
114634
105272
98039
122845
101955
94088
108371
117350
109138
95707
114006
124134
114614
104583
96592
123007
93399
108256
109973
116036
121933
104619
117795
94539
104358
107990
94084
101891
96100
99942
92918
94152
119878
93872
107978
103349
122313
105420
116234
110522
113133
99399
93790
100590
119356
98584
103216
99366
94729
99029
109327
107718
104950
108327
114257
93655
109753
115324
104957
121178
121119
111099
109032
121308
124240
100797
114205
105035
114518
95034
114562
94216
95961
118785
104377
111421
99372
95405
118853
94577
98446
102420
109806
110170
111529
103105
116070
108274
105055
109221
123436
117453
117446
108297
106673
122793
121201
121031
107194
99143
107506
115386
118021
98169
107676
110195
121135
107645
111502
96557
114389
105865
121069
109827
112634
95143
103536
113249
124072
111299
114210
124345
119258
124162
124003
114039
124826
120918
117552
109622
98919
123472
94373
97076
113625
103989
113344
121091
108168
106835
111208
112770
98601
115093
94126
105484
107770
100950
105298
106735
111457
93043
108937
122656
116431
110244
111101
94509
109291
122636
100630
112754
122861
118542
97912
110992
93511
110691
124109
93467
116619
94825
116420
98451
118153
121534
93529
99222
106679
101390
105304
93523
122071
93993
107036
124482
94931
111193
111517
123411
109292
119538
103850
103908
102931
124202
105074
106166
120471
101931
98889
93218
120833
124007
109225
115528
93757
109100
110199
93705
109562
104056
121736
125558
106578
106510
106852
110215
121774
97993
122186
119825
113636
120625
108404
114930
115619
115788
99739
106382
98577
111543
108222
113536
116658
116724
101408
104073
115084
111878
115600
117196
105353
117563
104172
100158
119068
107594
120040
118616
121639
108189
104204
110351
116253
119536
108796
104965
95076
102427
95484
111873
100861
125228
104883
107677
121446
94649
101679
111678
113087
115829
94506
125257
104493
118784
97420
120468
120444
124420
106033
115739
106248
114813
113899
98037
116189
94552
112843
124294
95261
94272
102812
99317
107170
113333
120497
120032
108517
113246
115681
96847
122142
124320
110543
99047
106157
118383
110447
102241
109497
103268
103109
93242
108823
124688
106224
95147
117613
106897
108904
117723
93335
102498
96388
120148
102473
96376
101695
122291
105462
97930
113211
125604
116209
125360
109574
110862
98259
95279
116381
101515
122908
106131
97326
101147
118557
112895
98594
123161
97045
104130
98651
121198
120730
106538
113338
103940
109626
112285
106725
111742
95843
106213
93767
109350
107136
124364
116312
94758
122981
94953
118046
118012
104173
114105
120820
116776
113377
121074
105354
114471
101660
116755
97069
97957
99309
119616
122184
120559
123837
118093
108843
111271
117490
98329
119308
99771
111891
111389
103243
108695
112940
98372
115195
95130
100212
125693
120733
110279
125485
93583
105006
108990
118220
94382
99685
102378
103514
123211
121142
118011
112666
121008
94618
103831
98668
101067
117650
125004
119793
93898
121705
105162
120560
120297
104506
116559
97528
124040
123059
110178
110279
106881
105752
123076
105835
102328
115339
116132
98215
99828
105354
119058
114328
112877
96697
97974
120216
109478
111842
124098
125283
96764
105274
95013
121465
110975
112358
111362
120515
109698
101565
105056
110200
107374
112720
116771
94274
125020
100647
113723
102557
98530
99662
122907
106624
102956
95505
95084
120640
119631
121859
110851
95153
96731
99141
114705
112782
119983
96516
116122
100379
100626
108868
109097
123656
108031
95196
124865
118425
98751
123842
95254
124420
103870
125833
105213
105243
117911
117544
122146
125482
95857
99069
108281
99619
120718
96274
95223
113144
99617
109982
111105
104521
99424
112591
96549
105023
122843
117702
125832
119992
108300
102628
119199
94884
101423
104260
116386
98222
103508
104328
100670
116256
101810
122841
115851
115712
114750
102953
124221
97151
101500
104379
118558
107157
93333
93670
100028
95717
101291
110614
107358
111334
124777
99091
105789
97604
110558
116102
117745
111492
121227
108985
108842
95976
103866
105630
109472
125586
107794
106003
118349
93675
112745
93796
104409
120390
119769
111889
112214
125889
124950
99538
99117
109932
103934
123097
99160
106670
118898
108375
112594
110564
118885
99649
119372
121930
102194
120660
107042
116511
113459
105559
118157
120324
121487
122016
109338
95910
102483
109273
118619
116124
112581
107012
107228
105619
117237
99517
103512
117672
115092
123327
113453
98837
94473
123306
97806
109072
97986
107012
102904
113648
97224
115069
124263
117906
116887
98679
117705
121595
113708
106693
97587
106814
115039
119731
114259
126112
122483
97607
115878
114939
121580
101831
109290
117600
96160
109179
100823
124928
93457
98996
100618
114509
107514
95758
97346
114268
121896
94193
123086
93838
112011
105566
118598
94319
118669
121320
111994
105950
94882
101632
126120
104303
96289
112758
98290
114957
123986
98109
112398
94692
124616
95087
112960
121726
111857
120464
121989
125995
94955
110359
95505
110759
106137
120618
112892
96503
110839
125098
101433
115860
125354
109167
116935
113099
96476
123605
120619
109668
97094
111479
109341
96130
97422
123450
96386
110282
95188
111502
111770
125639
93832
113136
112507
111757
122238
114355
102846
119965
112708
108545
125560
100617
125619
98333
96620
124633
114884
98794
94590
125612
115877
118449
94059
97443
115468
110879
114872
125818
125388
102797
104168
107256
111782
98181
97010
106890
105569
95361
103666
94507
113692
111605
105503
108422
123108
126096
99069
110943
112514
97983
111572
126255
101526
101492
94560
121102
119530
112165
110538
120790
123904
108823
96727
119174
110317
123612
112224
111332
117098
118299
123394
102503
104233
105615
102678
94291
97125
98898
118243
98342
116925
112220
108307
112947
123714
121926
98916
112781
116943
113492
100256
118310
95129
124595
112591
100152
117510
113407
99499
112612
104131
120073
97364
116762
108561
124374
122181
116664
109919
100331
108167
101878
123934
96711
96292
124929
105681
123314
120799
105190
116067
97973
110114
113842
93630
125674
102200
108759
96921
119542
107708
103378
96913
116435
117586
98827
119164
100307
112789
108029
110074
96225
114000
125334
97612
101898
96240
108257
119146
95293
101177
119778
126287
111183
109881
107970
125848
100930
107130
93996
111437
125383
96636
114166
110335
103681
105058
97284
96787
93836
98028
104297
96349
98494
108197
95696
101361
109613
105310
112411
122165
106353
104922
101193
125243
97323
111307
106397
117326
118086
96253
124668
93899
111228
100818
115096
111155
124188
104686
116683
101501
96779
110643
113733
117681
99593
121584
125290
101298
98614
97109
93686
122971
107221
124203
113891
124366
95823
102594
119948
109321
94331
96810
94482
109243
119836
98469
114175
116309
102572
121437
117545
96099
97880
94291
116954
109341
105291
112280
118573
97337
110127
119999
111803
114436
94705
111250
112759
103345
110277
113924
99031
94961
124011
96103
115253
125124
125360
109791
124532
94606
107831
120343
114662
109933
115577
100146
99693
122314
101899
96773
99809
123182
116768
100483
100530
106839
111694
109432
106959
108428
108437
119163
97478
117549
118173
107037
123692
110222
98879
98663
98879
97797
123975
124804
111562
107842
99704
123066
118345
93919
121809
117151
114766
115256
120847
105353
97059
95101
116083
122182
94385
121350
120517
101389
108704
106726
99481
102581
110784
99778
106705
103717
126120
96740
115555
118284
100509
121227
95325
101586
103349
109957
112422
110030
99643
109312
121606
112313
110934
124318
111848
112994
94438
124871
108127
118436
98479
107843
103912
114069
121785
97288
113775
107265
103670
112464
125972
109847
95270
116975
111662
114529
121336
109796
99984
103162
110450
109358
115212
108283
124050
125921
116278
103734
115254
102776
95338
106279
103225
118125
115217
100135
125151
107271
114719
100835
97907
117876
113632
101389
98350
95767
122101
118865
112987
115747
124058
117131
126393
120425
94762
122167
123425
114286
94436
109096
120936
105409
103151
108414
98951
119435
97692
110546
110841
102504
101100
117939
114789
103285
115794
120406
100989
124843
96953
113545
122406
101995
106441
99817
115417
115801
115814
126549
101193
121198
123002
103842
97094
118601
116725
112016
99553
111046
94482
122365
123089
122322
94171
103001
99861
109182
117487
121690
115931
108626
101763
106737
100513
125667
113319
123004
99738
102567
99786
103229
120147
97545
95361
121099
116374
96441
118148
113479
124047
109638
96505
105490
96557
108782
112118
107965
102091
95157
117057
118401
111888
116404
100698
115825
101651
97460
125883
120236
123075
121595
96094
108759
117127
109926
114816
121291
109089
125112
119205
118410
98264
116530
107996
120952
118486
103268
104516
95688
110031
103746
126159
116532
111843
120186
120390
101873
119750
109317
105869
116194
119582
116476
118313
110604
99628
111278
101375
123210
125359
95215
95838
108865
116997
117683
113728
124311
101012
115419
116173
103776
117352
96590
104225
114905
94749
125772
118863
100697
121088
106751
126630
95620
110449
97363
111411
118210
113036
104712
119430
105712
105736
94982
119225
108885
116318
116464
111791
96727
108846
123131
123290
113518
122847
118273
122304
105178
126599
107217
116606
124561
109834
118218
110989
101628
105605
108200
115588
117474
109549
110749
115614
106021
110579
115364
126398
118956
102955
100882
113584
110496
97134
105325
98994
115419
97661
99714
100915
104605
98278
105138
98266
96641
95276
124045
126154
104624
103714
95650
102437
103509
112024
101780
115406
121425
123449
115569
116852
116015
121524
109120
111052
99674
108058
107481
111645
109197
116359
120314
104962
123276
118789
95638
110956
113170
124589
121968
121574
100618
124944
105705
106013
113409
115669
100374
124831
109276
116643
121366
119779
118982
123457
98467
109450
122221
107003
110566
95460
103790
94792
113040
114358
98573
122027
121382
100410
115754
118999
94364
125544
111217
112662
119846
124532
95184
120811
113739
97688
118062
116726
126779
95763
123226
98073
109154
94578
97857
113625
96573
112654
117349
117767
126573
122326
124554
96159
94986
107598
120754
103152
106553
114136
118092
97277
120577
120371
104361
100132
100954
99393
123567
106237
126855
100621
100561
105349
100518
98316
102975
103548
114054
124067
111705
111371
95928
102634
124266
116394
126697
104880
120979
106817
110191
109503
95749
97933
124193
118368
107379
96966
104044
110370
94408
121983
117667
121560
97557
112077
114839
100321
108493
106667
114280
120236
123444
105117
104602
107898
111893
115604
98411
94310
118451
99346
107108
114339
109827
122510
115247
107526
112664
127002
116904
124356
123103
123971
96310
109948
104460
122937
113500
126328
110932
108848
115083
121392
100061
100869
122427
105743
94451
113701
122426
107642
124412
120747
116547
111887
120494
102088
112082
106538
105087
112744
118071
115630
98397
126482
126441
112386
120736
114960
108062
117081
99645
117457
102552
111927
96572
105611
103874
109873
104556
119332
115451
108020
126549
117843
109618
98696
113518
120323
101299
98262
111504
112888
103488
104552
98475
99764
108900
106865
122296
103068
94724
124941
122350
95831
96567
105929
111673
98679
119128
114534
102120
97115
126297
121050
121765
108115
107609
117400
100267
118534
103289
95249
102451
125713
119276
124795
96047
101105
109390
101073
127035
107299
119863
117275
121297
127113
118031
114415
120508
97296
124708
94520
105423
98704
106489
103734
116182
114164
116450
125638
117709
125082
106701
106980
123216
121853
97891
125038
122195
110993
96336
99626
96531
120046
116190
107531
97100
119345
123337
112560
107437
123807
94543
103470
125577
98956
106886
108303
125135
98172
126706
127131
97340
124295
101207
107094
97231
109826
120268
100041
102526
98651
104721
104069
99879
106053
99362
122470
108745
100373
102668
105237
98804
107372
118272
110032
100990
126999
113830
118382
107640
125747
113587
106141
94560
122005
110270
98927
120984
103273
120912
123413
119319
120344
105018
112874
117087
100720
102443
103859
109743
119551
112769
127012
97401
113343
106336
96167
126742
102393
114689
114522
97465
103779
102477
125782
124834
112779
125611
115511
103572
120953
117270
118233
116616
122768
101490
121439
104611
111798
110368
105082
111974
116661
113104
111080
115237
113888
117654
122682
126906
97273
97857
106971
104826
108114
103400
98638
98152
112691
107205
121271
127145
121212
111430
119197
96824
106891
99426
122094
126427
119392
125482
94531
120150
118527
96928
118630
107998
119062
97483
99858
116688
106976
118283
102905
116387
121417
111019
114443
113948
126547
114357
110326
119232
100280
122890
108777
120719
95185
105137
104094
124655
108726
102000
119447
99047
107943
124057
109480
106125
111275
106791
115125
104130
115574
100873
106429
95260
98704
104638
112407
100644
115124
109090
106492
114882
125047
123016
115526
110837
98858
125960
119159
116167
102912
109851
109309
104577
121972
124261
105909
116507
110821
125649
105389
122870
95875
102627
118574
112078
98415
113738
110586
110570
126238
119989
97746
125589
103679
100584
115771
113618
117853
104719
117634
127052
97414
105298
105214
119948
120877
126633
127125
122478
110349
118770
119169
101078
107727
116033
104532
115615
118574
119671
107578
123348
98137
111126
101759
106531
113304
127315
99153
102798
108083
116333
112326
127076
125584
94782
96033
121200
119195
95760
123729
116592
107626
101041
119994
123593
101410
101834
124728
96632
96788
121196
115297
111436
121644
113132
100363
120402
105100
95729
101391
110481
112500
105675
112972
95224
94821
102150
116718
109973
120198
95551
108784
100616
105542
104759
117471
104246
114243
120102
105441
120642
106859
101714
126199
105657
112480
124895
105087
108044
100897
112361
105981
96068
97256
116944
126234
118001
114254
103123
117229
113507
115893
125409
125050
118301
112103
114091
101752
113543
106747
100862
100952
98531
96633
94800
113282
96898
106174
113561
124386
117816
94881
104548
109731
110093
115542
97061
122938
127285
101523
123597
126375
119107
119794
120220
113911
124313
107671
97846
109070
116515
126482
106234
96931
114245
117382
118671
95628
101649
126987
112831
98108
108990
119122
115337
122762
97621
110984
125041
103604
96942
110460
108571
120739
106907
101379
114200
111984
115299
110492
107776
123432
103794
111440
101057
108748
97102
127196
110646
105628
96461
122386
124668
126869
115590
112509
106881
102969
94853
114244
117085
98446
108355
101712
118758
122985
115413
117169
109822
120044
97123
111166
114736
109390
124380
119420
116732
115930
116712
122050
123758
123451
116254
126874
119286
111606
115320
117353
124275
119864
98051
111955
121489
101842
121051
106585
101205
103554
110423
114116
110582
103028
117633
105415
106991
110344
121801
98656
120146
94934
120826
103039
97375
109808
123244
98154
100693
114022
95100
115552
98952
125200
96313
112252
122036
105095
103776
95965
118673
111733
116107
126212
120999
121103
102821
126845
122980
117471
97953
117186
111980
117447
99179
109148
119344
104259
105247
113739
106690
127214
116602
126888
110824
116808
104334
112009
103535
96438
100025
111397
120257
111818
116695
110649
113850
100293
118967
115882
120248
102490
113100
100715
126705
121013
116261
118945
98314
126908
108447
108805
110565
108437
119642
110730
126138
105832
96873
96833
117353
126566
96974
101241
105230
114186
122021
111658
95702
127390
110495
116372
106514
115970
122034
127523
101514
105641
114703
116118
124180
112868
106325
105568
119397
110179
118788
97102
95782
116728
107060
106603
117579
112031
123783
117281
123040
109756
101980
96672
106916
122275
96581
111748
106907
123485
105148
100785
105695
101034
111889
122242
107639
108866
97959
114980
108522
116320
105056
121148
119125
121729
95318
104400
124860
97385
120524
118116
109470
102760
117604
120163
123340
100059
105618
123329
98427
103925
101200
109023
111255
101056
101651
98479
107866
109406
108030
103960
119838
107669
111446
124828
116335
106379
113207
107576
95333
124109
102021
100235
116016
110742
124452
127035
121845
105551
109676
112021
108249
115026
109015
98419
123995
96499
119805
109411
103142
122305
121283
126469
97958
127497
114639
120757
123292
102300
106815
122218
117229
99538
125082
98014
113280
99023
103686
116464
113095
114949
122812
109382
115421
96762
120250
102198
117970
107852
113079
126439
121923
103154
115292
126899
119597
117700
100529
126672
127746
121662
113366
110384
115965
124545
124659
118181
122035
111770
127601
109129
108780
101383
102763
119325
116400
100727
119391
109552
101029
119762
102954
126083
111768
119161
126003
103914
98649
115407
96998
99893
102092
124408
97380
121168
116285
100321
110456
107048
114932
108160
97486
114447
121609
100445
114783
118114
125050
126289
116528
98409
114811
113805
120124
122750
103181
119775
116654
110450
113874
121905
108372
101164
101664
116563
114513
126867
111188
121594
101394
114351
114793
126216
104067
97802
99785
111885
102274
119901
107106
120590
114580
100968
103677
101254
106198
103202
111307
100523
108855
122642
113985
102642
115429
98045
100902
117461
114949
121281
127467
116180
125607
96641
96314
118970
99833
111618
123601
99617
116154
111189
111249
109624
109298
105399
111314
123076
110305
124853
103162
103013
117045
105364
114254
118299
108160
95983
124424
126984
107240
119714
127401
107128
122145
113895
117136
118302
95640
98751
110540
122784
118257
116372
105263
99927
122036
121372
116899
118864
125251
119168
95937
116630
115728
110526
98208
95411
118540
105548
115947
125556
125539
126206
107063
114413
104806
100137
121235
103869
127944
121865
110176
106387
112398
99424
107107
111345
101441
114528
100632
123440
120294
121035
124233
111301
105008
113241
115936
121282
122227
109658
102138
106912
98524
100764
96316
122171
96608
125583
102762
101406
127730
101287
107573
103425
111609
127746
119381
111504
120065
104779
109272
103022
106672
104926
108986
103034
110588
110124
120245
116305
104092
96353
127066
110868
111548
123205
126049
111467
97013
101728
106046
117193
117116
109922
121589
98290
105370
110018
96558
114107
112220
100772
125068
119057
104843
115968
119611
121149
118238
119297
97736
96102
123759
124331
121142
125016
111724
98241
97102
125828
114703
109030
127286
105287
111056
111106
106565
105071
125145
123879
108822
113403
103354
99893
98523
98850
111710
106106
111860
109975
106557
114846
101569
105996
118996
126335
97716
117493
104530
115928
107946
107406
102037
101991
114555
98591
117332
122447
116175
102014
113310
121019
112692
116950
111747
121028
112238
97704
100625
97941
124430
125455
112514
125132
120391
122696
102323
105764
120316
102513
121048
123985
127005
126353
118895
105772
98868
110553
103794
117520
106811
97066
119761
123780
114865
112855
115743
106266
118765
102315
119691
119191
115121
105774
100371
101715
111106
119844
95476
103907
106039
107607
119653
124406
123729
118678
103300
117885
95882
102398
96657
124175
101425
127864
105306
126859
106676
102531
119286
117503
104447
96308
127926
104392
124676
100730
125529
115963
97179
100775
96639
101636
120461
108076
117089
107917
101355
115620
100798
108194
105893
114197
114969
126226
123991
97906
105505
97304
96870
100708
119153
107066
122188
125769
126329
124274
112944
107902
105148
96908
103098
98521
113213
117711
115493
125306
122931
119519
96918
112580
100612
117218
113836
101030
105073
96226
101208
104223
99598
105586
111599
102657
104950
114325
127613
102645
125116
123611
122717
105407
113061
126157
121606
110275
96276
110475
125992
95688
106821
127412
115704
101885
101182
125062
122055
96825
104451
126535
124634
109703
108810
96227
96118
116962
124654
101846
110138
99645
110951
117836
115890
117447
117626
110215
113704
97388
104429
108930
105917
99999
96766
121300
98489
105559
110165
116950
117536
116055
110646
101640
123014
106931
98043
117169
111395
99984
120770
119238
125738
120875
112483
127501
104535
115997
112805
108162
106951
116445
107185
114426
124941
101254
113606
112390
118146
109786
111663
115994
104668
120967
114034
124143
124419
118186
106955
123173
104736
119698
126936
106541
100342
101830
102038
112742
118133
119113
118156
102278
97164
122652
116038
100668
106304
108549
105477
100628
117499
97679
98997
117658
105254
119890
97823
121538
125177
97140
118880
106887
106386
126320
104090
123603
124741
106006
126697
104351
105268
125396
113305
96347
113951
100915
118934
112016
121725
111524
111651
107460
105931
114813
107471
122526
125732
101695
103589
108362
122642
125466
126372
98847
98468
116147
104303
120703
126912
128292
111685
105471
97467
113988
103474
115656
122407
98602
113031
99646
96492
113132
98697
110303
126619
105388
116070
103533
124414
101334
100205
120655
115188
117923
98429
101941
113275
98786
106942
102395
101391
127735
122512
124368
110899
110116
119489
108695
121421
127239
104707
118157
104374
96868
124317
108076
125458
108837
112992
104272
109789
101535
114909
117657
102215
117271
111573
124176
102210
97157
116977
127501
109273
125847
102835
108888
113603
119545
119469
110990
110904
96980
109553
96198
105475
125077
107976
121205
114905
95983
128423
107919
107753
98339
102238
112879
116916
97663
120467
113145
99615
114724
99439
112510
114374
108301
103831
110303
123796
95821
119902
114038
124561
111512
119609
98609
110074
109573
125811
126080
108439
100114
103457
102770
96073
101097
107865
108571
127971
128482
121759
119864
124474
102728
110496
126486
114304
123232
120355
119471
111565
104103
97340
98070
98815
107612
103362
97046
113092
106558
115716
120598
120565
118679
119480
115008
102694
99705
104756
128483
105083
112200
121313
102165
114877
124024
100844
96156
107692
117400
123710
99599
97175
124560
119471
97592
102187
117287
104054
101053
126857
120008
106724
124159
101275
113285
103251
110403
107431
97372
124249
119568
117284
112057
101441
121303
124621
123709
112315
100826
126965
100030
127186
117318
118298
117903
115743
103074
105916
103937
108604
125293
115567
101673
120700
112131
99888
108004
121817
125377
107509
110617
124974
115817
103560
122686
119207
112584
126612
125726
114037
110230
107264
110041
120518
113309
98941
123692
106740
126494
115035
126194
113148
124016
126369
114923
106803
114154
101212
123837
120372
103171
117559
103736
123933
107192
102220
102878
109819
114734
111162
101795
100738
115609
115832
117745
102658
98908
111593
96495
105878
103026
102832
108547
123039
122124
125509
105366
105328
115835
123848
113175
118859
123217
104086
119874
98189
105155
119835
106658
116005
106066
118759
102484
125514
96939
122627
123151
114542
123339
115077
102497
119405
120422
109154
103483
120075
116874
96644
97456
116637
124288
121884
123642
113670
106227
116538
117182
115941
109907
98459
119441
124173
102780
108993
126138
103222
121235
98633
123193
108018
109873
118394
122889
113634
124100
109338
127651
128041
110642
106373
96195
101153
102591
115968
101486
110413
109104
123466
99892
107151
110384
112244
123571
97179
126196
124403
118876
105388
113179
114164
111738
109686
117976
115183
119407
113243
113746
112511
96321
114401
110923
107633
119894
110436
100864
127770
120956
123912
128337
110830
118317
125682
117026
105295
98320
105400
104449
126627
105666
98069
117257
109481
112343
122594
113926
116493
99868
102977
110554
128826
118303
121372
97567
103535
101874
123342
125197
114453
122155
112671
99998
114768
105007
119926
96241
121044
118193
97354
101868
127482
124789
105690
101158
124178
112730
126238
101892
118011
118167
125949
124450
103922
102725
102080
121076
114600
119838
111559
104877
99735
107652
109946
96351
123285
104133
96643
101476
105642
123549
96315
122366
123423
96764
112737
119610
100567
97546
109330
123930
100067
110440
119797
121330
115536
119481
117175
106003
113219
100962
105143
121767
108361
109709
125442
96476
109032
107636
120961
109381
104570
117212
102001
109437
128315
119263
96532
117773
113056
113903
102566
128911
125930
124440
113299
121364
111356
104325
105447
113092
121961
116806
126982
115396
100562
124753
112541
117341
127599
120774
119768
118106
98795
98935
123350
110001
107893
106663
125530
127846
106004
107538
113091
103597
112442
122926
128062
100687
105629
121009
113210
109902
115266
121171
127260
112332
103130
113365
99380
115497
120914
96578
111088
114540
103078
98165
112976
110564
110838
117723
97178
105231
123099
119418
124495
105402
124923
114738
112989
122474
113627
99139
97686
101883
117749
113936
114529
127879
111115
98595
123312
118153
113850
99696
105778
107074
100434
108510
98249
102748
104933
126211
98366
125134
110750
121903
96820
98559
115028
122029
108122
107566
118879
96325
123621
99601
105899
108293
122942
100540
120587
100418
99831
124869
115919
109785
107524
125606
107672
120506
115752
116066
108139
119208
110509
120428
114693
117050
97624
117956
117358
114726
113564
96611
105937
101566
101134
118745
106379
97979
113945
121397
128642
102970
117491
107557
121272
119812
112847
123230
109856
121618
112981
119614
123056
97105
107855
111024
116151
103842
105381
105297
118385
108837
122251
118993
125912
100791
113401
114587
97726
122809
107355
106424
100633
120084
110219
108784
108702
103289
111100
107315
125841
129006
112184
120376
104155
106374
123020
105572
97373
110959
107777
105709
121988
100914
119951
127295
99869
109623
121742
113055
108651
104840
115821
124174
101239
96982
119462
110704
107176
112577
117233
106733
109971
123988
112057
97688
121620
108495
115916
101454
107166
98474
101718
103905
116687
100822
118032
128374
113736
107846
96693
112428
119739
110510
112054
100863
97861
106891
97582
100587
97535
115043
106264
106324
115920
117582
120512
101541
99205
111029
104823
117560
97059
121690
126091
122486
108411
98968
120694
117823
123392
104941
116310
116108
128982
121269
127133
115282
124459
121656
104458
103594
110794
124135
111576
112432
100077
117731
121909
121512
109139
102079
100853
128744
117907
101767
97928
123634
120496
99073
124969
112736
118509
107314
104025
99845
119011
99108
119436
103889
117712
110055
110882
117237
97074
101078
126616
120136
118165
96539
109824
119529
109993
115830
107950
98598
123287
120634
107317
107421
128149
118168
120722
118945
122553
118303
123558
110048
122634
117636
105706
122946
113629
103327
96862
111380
122207
118711
104898
113253
128622
121343
119817
128176
110509
101472
122891
110524
100567
126073
122490
111809
123987
121061
123415
98252
127241
105404
116773
99940
124533
99932
128286
119150
116473
96873
117158
126542
105592
99346
123837
97103
123680
125334
98360
119621
104071
119815
102514
105585
103674
128335
120895
114340
118034
118640
108577
99495
125319
98576
100287
126171
126793
113460
124050
126237
98765
115788
104674
110060
115109
109680
122609
98510
96596
104169
99446
103919
101472
113907
127564
111884
122025
101825
121964
97679
104952
102338
110105
127484
110555
124707
99930
119435
116145
107925
121005
101143
99585
116560
99834
112694
104976
98647
98758
100266
107186
115966
120745
129016
98144
105642
107778
113494
113291
116185
121577
115146
96816
109666
121957
110225
110509
109309
117983
113854
96723
111877
107223
120611
126268
118141
119510
124788
112350
126802
108196
106666
117985
117471
103610
116902
106926
97462
109562
115991
101705
106910
124830
126877
123104
125912
98159
128303
120996
105895
100407
115898
122839
101647
129144
119050
121638
103644
124254
109038
126266
104166
101363
110743
125322
127892
96914
125762
125299
105119
126622
113687
112522
104728
113267
98128
99633
116909
116637
119965
106088
99368
100681
104391
102374
99640
127736
117908
127849
118644
116603
98796
120394
117917
119835
127033
126548
97827
125976
120596
102614
124907
112725
122397
106487
104528
110417
97578
123466
127336
117081
110501
129186
104328
115964
128815
124456
108810
102336
127369
122538
107341
108307
99765
118582
104702
99716
126040
120040
105878
127027
104291
103936
100900
112774
113906
110903
98125
116254
100725
112468
116881
97546
113933
123642
99536
119866
112697
99012
112652
110646
113585
117140
109168
120336
122770
129319
112785
101014
99772
105197
129269
111053
117624
113432
121554
98971
114271
121331
107031
107204
120951
100214
124080
114456
100254
122135
126214
127978
115756
117218
107974
104899
96980
124108
127716
117336
118219
112965
105439
111034
127276
115212
109382
98253
108188
99911
124795
101883
105514
101587
116919
101673
111224
104921
102478
118762
126496
125602
124213
99571
104529
123820
104897
128464
119481
124157
97969
105941
107176
112823
124783
109910
112498
118765
115603
118043
126997
115125
127401
112142
123931
114814
110388
127287
127938
129444
117235
119786
107355
103234
128610
101439
116208
113736
126852
119235
113449
99021
115680
101997
115824
124070
127945
103380
111956
118327
115939
110750
99115
97161
126691
113212
129020
126877
99734
122581
101532
128512
115749
119679
110102
123552
105879
111285
127568
99294
112279
106246
98284
96996
109688
97802
109933
126521
118134
122778
105371
117394
108095
124224
118568
99820
100530
114157
101779
104663
126950
100842
98637
107029
124270
113425
125211
125027
117723
116029
120507
110231
111235
111359
114890
101867
104065
127635
125925
117401
111869
126738
126735
120488
119470
117224
120658
128773
105628
116873
110249
114389
99883
117344
125470
120074
116821
121608
99120
112692
124471
111807
114807
128154
121551
116504
127371
98442
119812
103920
107041
111341
106214
99490
100471
100382
108856
123263
111347
108797
113708
116088
112903
124991
119917
105502
127831
109064
113506
124877
98078
125371
116146
103971
102605
119313
121603
129207
121334
105320
109320
112136
99945
107614
111546
116404
103581
129183
97509
119531
101713
113147
109799
99362
122482
106428
121524
106252
122176
98358
114974
129478
111533
104607
112468
107090
113925
100129
103080
117062
103892
109358
120213
115909
123653
122900
118784
114607
103495
116177
103614
125205
107957
101416
125015
112624
107701
127988
101641
104210
97312
129725
102416
101724
117668
124041
97317
112178
118375
104436
103749
106028
103661
98435
98739
120846
103996
125750
99392
122363
121918
102748
109514
103141
118630
116139
105475
129096
124310
128912
119667
125976
112705
98500
103105
99064
116173
127264
117038
119468
123451
117938
109154
114897
105225
126992
119147
109003
102999
102124
103683
128000
103754
98537
127249
123716
127406
118957
108915
114835
118495
115000
100859
109062
101865
114036
124855
106240
128238
124429
116598
105640
109000
110978
118151
122525
114672
119421
121540
104421
122270
120928
129744
112678
113714
114208
100252
102680
100307
121686
108080
127034
123478
125843
98472
98500
101729
106484
123260
100829
98256
126711
103429
122127
125527
104077
110141
100600
126825
99441
108487
107586
103001
104631
123439
115925
106944
128680
99954
128842
106782
120781
121793
117411
128452
103754
97154
115770
121585
121710
99992
118776
123195
113543
114660
98503
97584
102395
110603
111946
125246
124564
112250
128203
122576
124188
109480
104565
125626
121898
129179
103619
123095
97339
116654
128824
111344
123140
111249
126033
110304
124679
102801
123320
124918
98149
118810
104634
118683
128499
125562
113915
114997
122255
129255
119656
99659
104117
125892
103790
102377
107597
122144
101481
97862
115399
105344
98656
104356
128362
119262
103663
120184
97769
127217
103300
112331
127544
114095
121295
123616
124061
108817
122227
122647
119306
120086
110082
121873
117418
125706
98856
122389
100538
108296
107814
115890
125338
113854
120962
128422
97572
129392
97789
110335
106300
116543
105926
115840
118696
128428
105709
117830
113699
125784
112666
97964
110764
107789
104063
118123
123428
108034
100619
128518
116504
114011
117217
103269
127708
115952
118792
127679
108249
113999
101220
110526
101927
125700
105701
121822
120671
121112
122622
111895
106666
124119
119385
110523
125470
112342
115401
120737
98891
118069
112768
117891
106768
129826
100738
122277
107700
98718
106329
100535
107825
107908
115978
122877
119251
124615
102729
105389
118018
113915
114921
121497
129628
97559
103830
120333
127752
117881
101574
101627
103494
116010
99053
109141
121930
110436
104176
109243
100682
128081
123357
99670
110294
110102
120537
121860
111976
129296
122714
128693
129084
125533
100246
101909
128353
118687
118587
108907
115729
105468
127584
103360
116030
108138
114363
109637
115309
105769
117013
103919
126663
119440
104188
100964
97901
116493
102584
119834
116749
103528
118656
111549
107699
106055
105453
111826
98785
109559
110766
112027
121313
118633
103806
108090
99930
114043
108115
115480
106786
129913
105176
118408
124755
99812
107038
101800
119457
119922
124558
101512
122090
122709
101923
126351
107023
100800
101078
116762
119811
103848
118617
121445
111905
99528
113671
103087
101571
101095
120860
111513
117264
128349
109345
104400
117013
109524
117419
121067
126488
110156
127045
122263
101160
111714
109483
103153
115705
119249
99641
120115
123887
115769
107682
117651
121465
118303
118757
113512
119200
115509
120445
104079
103136
109020
113880
117005
110134
103912
113675
100853
104314
106659
125380
111501
110063
107028
105600
124588
123417
102273
122878
97638
126414
107314
101875
102635
119440
110968
122623
104109
102938
118510
100320
121025
120121
109567
112358
118152
128221
117160
99750
103054
104816
125823
111347
102066
124006
125685
112906
98184
120854
118744
103437
128507
127432
119324
117939
99895
109071
108762
105277
110278
118617
117401
112300
113400
126660
99021
107569
107657
114483
98461
105189
112766
115362
115433
118714
99152
102838
99724
114097
116812
99736
103390
114254
100410
111620
107645
99914
121661
127389
107086
121479
107002
118404
100030
102729
119292
114984
108878
111522
123223
127840
108622
119598
103820
124343
118504
124929
113069
122118
105569
117470
98242
118345
118940
106409
102762
113835
106976
115743
103366
114147
98266
104133
107154
104643
100326
109086
99989
111118
102026
112673
109372
113547
123459
125418
104322
121175
109445
116656
126482
110975
101885
124151
112816
104910
126745
105735
99029
120804
99786
127900
100249
108424
104329
126431
128726
129856
99992
128917
103819
109342
103818
108695
114046
99804
99333
97922
98342
129068
125127
122543
127175
114249
126183
128102
121311
119762
117853
114510
123329
103896
114629
124456
123520
117558
111456
106941
129294
100128
126812
119829
102309
104959
103765
106474
124774
99452
104219
103516
124225
106715
101046
114919
108052
128651
98215
116113
106007
125947
113009
111464
116599
117423
127832
119083
107585
117138
102761
104520
104322
102798
123578
97798
121261
127066
121075
122116
101436
109971
121101
103138
110746
112143
100698
108094
99905
102766
114886
100578
103455
120305
129884
117307
123199
102032
129036
118286
106661
116550
123819
121702
119930
111536
111931
104401
109673
107478
106349
115403
107336
113481
113508
116091
106491
106094
118972
125597
105877
100889
122571
119488
106177
100701
117542
129201
127073
114083
121191
121399
98164
126202
118830
104704
116285
117422
126822
108508
103586
110108
105418
120873
112594
109508
123815
121742
116010
115872
114915
101869
101466
106421
113726
105362
128195
98791
120280
120753
117284
129041
120564
120591
113782
124757
127227
107263
104212
128945
118212
104592
127775
101587
128274
116741
125217
114991
109406
125061
99824
104270
110039
111636
100054
120169
126888
114626
106734
114486
113785
107554
120785
107010
123960
100862
108402
124672
119833
126793
99655
106465
114907
112725
130218
115108
116302
123207
125566
98736
106514
123847
105493
100640
122785
107772
120145
127582
115599
98231
98826
115955
103441
114414
104112
123805
108733
105581
123954
106658
129936
104392
123678
126053
126261
113044
113161
119351
106116
104150
99121
112495
99146
108732
103777
102589
102984
117899
119829
98747
112254
98265
117471
105157
124329
109820
104457
108811
98314
105410
125564
117988
122217
121443
104160
117350
109402
111283
100357
116787
98495
98204
102018
127125
117390
128716
119708
108750
128468
113323
127849
119465
129786
116880
98869
117845
110151
104244
98596
107123
129447
129383
99865
108654
123819
104705
105175
125707
100304
106012
104294
110913
123908
120448
129977
98122
106342
127327
101517
118778
110158
107331
112532
129104
128909
116292
99027
125259
122614
117374
101192
115710
121117
101058
120529
127975
126046
121228
130377
115581
115489
121397
126196
106248
111453
129642
118301
129461
122715
106461
117245
100586
119741
122426
112863
117207
116414
117085
129922
99662
122043
112578
99263
116180
103923
100669
118891
127992
117131
116203
123007
101603
119253
108904
123254
108337
118225
126530
105719
113151
105460
126382
125364
121413
127529
124794
107410
123495
112406
99907
126730
112646
98464
127976
117711
107548
121777
102974
113329
127304
115000
109574
129729
115814
121970
111132
106934
123747
99945
121073
103311
122447
105146
109114
105850
118452
100762
122602
112629
106791
117531
103774
111667
105756
104364
112600
121025
106239
100831
108335
110953
112768
101744
130501
104023
109358
114562
130744
110202
127303
107563
99677
127277
116942
120115
100586
125719
128223
101913
100466
117327
108864
112983
127767
128452
119864
123623
123003
111581
113316
111622
109943
107612
105031
121912
119056
102792
116322
101260
130470
121995
127620
123425
123503
100633
106404
129257
106788
109650
122733
124845
117754
115434
123353
126034
98260
111239
98561
104282
126647
129642
114484
106926
126590
120658
125766
118682
122831
122525
122666
99609
98637
119985
101571
126803
99087
115354
118008
124772
126546
102132
107783
127583
111978
105996
128539
98962
98303
113986
117536
122380
100213
122290
112854
118365
104364
123411
99364
130461
100330
99294
98992
107696
114709
103347
125356
126663
106022
104698
130803
112170
118746
103622
122964
130614
128170
125950
120109
118433
105470
113854
122428
119814
127902
107259
128947
125341
113257
110694
115082
127049
117577
105363
98841
104153
119910
125531
112358
128903
102042
105343
108476
110277
100646
103309
110589
118586
122275
119048
111160
120583
122939
109507
125438
100942
106520
107406
102386
120565
117789
98836
99360
107943
118740
119812
127632
113692
113832
130415
108058
103579
119637
126322
130427
118461
115100
111892
112297
105843
124987
99697
99428
120394
113948
121113
107022
99822
105933
117939
121276
110061
108080
125670
110733
102334
122740
126841
109883
108802
121667
116152
126191
115977
102205
116250
129626
116632
99494
128802
105217
103658
110683
120195
100056
113396
100107
124807
114195
114670
106915
106417
127289
113166
99850
119458
110458
103575
124943
115769
118594
108050
128672
102398
115982
130011
100668
127169
121983
130784
115114
109438
100268
120230
128492
106884
112829
108429
128623
118230
129462
107860
99460
111058
112272
129759
101652
128272
126350
101944
129934
113805
113102
110549
112933
130313
125983
106521
109625
117933
108050
101916
117778
129009
109396
127919
105684
122301
122170
127643
108463
120526
103582
104234
115543
109660
118250
107497
114868
123386
121714
117419
118746
120509
102919
128721
110907
98720
107464
101577
100123
118055
105788
115413
121669
120387
112798
128782
109821
103030
129912
108200
105269
106807
119412
125559
130820
117912
106350
105650
100947
130342
126413
101368
114394
107793
114964
122768
119115
124557
111028
102645
117964
129399
117797
106130
101035
103484
124468
121802
119373
121847
122527
98875
111976
106457
129759
124996
130162
123854
120645
98500
112474
130653
105800
100389
116341
118224
128030
98970
126907
116886
122761
126884
119859
126181
98548
120539
121260
119716
126654
102891
122030
125575
103894
128989
114352
104828
121224
118168
107659
120646
124310
106407
129327
127335
124555
125244
100501
101188
105548
109685
116469
104580
129776
122847
104504
120505
118225
120121
109488
100930
102627
130426
114695
98928
128069
110101
123765
108775
114198
117627
99382
106567
130698
130273
124220
112140
117309
118084
117537
109491
126663
122283
128351
105247
120208
101549
112579
129594
100582
112434
116767
98783
102220
128638
103488
130040
102677
130923
111647
113891
130098
100085
117851
117787
105033
118780
128231
131092
118023
116294
129024
102758
124086
117444
130403
125230
115986
103702
128444
110257
117848
118352
121441
120899
110753
116991
103744
115560
116590
129639
107799
104504
125828
104719
119267
130056
128250
99456
99738
120646
128912
121417
105756
111269
113474
121926
116071
126842
107293
101410
112907
122726
128594
106523
127455
130870
114569
111877
107249
121095
112247
123282
102083
119214
124851
102096
101812
124247
102085
113139
121020
104299
120448
99157
126044
104888
127891
110267
104405
126668
118106
129242
101529
101281
108794
124442
98815
113792
101036
126617
115002
119071
115033
109427
109964
119821
118888
125249
105655
119119
109524
115679
103349
127052
129665
110451
113576
124134
119504
103082
107284
130026
107889
120389
106316
116394
117368
101845
123434
109032
124083
105922
104451
119798
102203
98962
106970
122396
100682
105832
114644
105786
119884
109003
114668
124334
129081
114857
99560
116344
123425
101532
129420
130972
102665
103275
115725
112584
99573
112852
118217
111927
107590
122505
127796
105941
101190
116088
126998
98980
129538
103503
121844
113246
119896
108352
117451
118620
125008
101634
124421
99510
126640
120088
102821
112300
129482
103253
127429
105029
116377
113824
123970
106549
107532
114933
115382
130820
124066
100012
131238
108653
101943
109310
129533
110085
113694
109509
99769
121117
124783
122499
106725
129512
100770
120998
116167
111073
118109
109834
115546
114023
115083
107200
108799
131242
115374
117006
105071
121803
102006
101558
106484
100927
112018
111227
116441
102773
122822
121570
108062
99000
103998
127798
105329
103510
100386
112590
119898
120322
130410
109459
128950
99447
125940
108732
99174
114782
123603
126684
111176
109682
114667
119327
130662
112354
123835
126928
103278
102902
120697
101407
116067
106486
104804
130338
122769
120392
99158
116505
122822
121816
130968
118262
127423
124605
131067
114717
114401
105753
125732
106088
124458
130368
128040
99694
110694
102685
102489
105477
119974
127186
130911
117509
123118
120991
104842
107087
105262
120325
120934
102158
126579
118827
118160
116541
112735
126848
129993
101994
101079
108706
116297
112569
112123
126591
125525
100651
110171
118714
112404
123936
107367
99152
128927
120603
121384
108667
115543
130246
106542
114134
108667
117814
125642
103362
124154
114287
128637
114185
106885
126251
129711
116930
123625
102103
116132
111733
107932
127967
119981
130431
120725
125227
113819
111287
107617
107498
128633
122705
116596
105102
124027
117763
121021
126743
107313
121703
116605
118421
129792
99745
128856
125416
99795
112449
111533
125899
122126
104299
126243
102417
123844
129333
128388
114733
131369
130128
110031
121080
122698
106731
121480
130479
131579
119508
102995
105531
117265
110560
129729
100022
112850
101774
116586
116266
100266
131559
110396
101020
124960
127912
117778
121929
131079
128419
104584
127535
128505
127331
131086
119247
107009
124175
111932
105522
112280
112784
115302
109610
128467
126454
100463
125402
116442
110872
106466
128888
114588
100987
118846
105298
128705
113014
102802
101135
111072
129427
117834
130104
115699
112439
117577
105975
110600
128902
103480
122910
123961
128897
104989
109418
106717
116337
130607
126730
122880
122761
119529
108379
119057
100039
103773
115190
113883
126235
118987
99052
124343
122827
106610
118608
112639
100118
99238
131318
122565
129048
112675
108411
102597
105965
102049
121477
108953
114201
126376
131404
123692
105511
128678
111450
115569
131217
131391
104079
102997
108256
123108
122471
125938
120596
108711
118912
115461
110150
123213
127574
124834
121484
124325
115793
124454
118301
121113
110083
119406
110006
126083
130986
119622
130620
124226
109821
131620
120226
105100
107813
127767
103181
122117
125961
129274
123446
130193
121038
129517
101904
122983
105886
124934
124588
124264
130217
111171
114265
128686
118378
115139
115215
103527
113964
120630
110862
113892
121292
122003
112578
125933
126400
130825
127466
107608
110168
107831
120825
112602
111940
103839
105404
114972
123479
123224
112702
99345
101003
124676
112873
108680
104516
131586
130029
99069
131289
113125
127974
122805
111440
99876
109753
99338
124009
129554
104382
121347
121823
126225
123685
129575
108266
127747
123026
100243
119816
112898
114443
102987
105469
105041
105492
127950
105496
131474
110616
121325
99769
125497
104971
127964
124688
104000
101966
128394
127271
117789
126163
124206
122659
110833
131713
124706
123591
103170
129498
130037
113209
112747
114395
124092
119561
99858
121379
106920
106095
103131
100184
114398
129748
129819
101063
123778
120468
100432
100938
120597
126979
131343
126319
127234
120494
111933
100566
108147
102883
105090
104667
109161
102515
101627
118645
119820
116150
100399
129374
114496
104400
126021
130677
121720
131891
107380
115040
122063
104293
113594
107125
115541
110852
116945
109019
126118
103687
107103
105708
123842
119110
119405
131806
123672
99901
116762
122019
113892
130572
107152
103437
105915
111811
108600
124470
122212
112093
114218
118047
119274
127754
127976
109719
121071
129074
128843
116319
101187
106678
99517
113035
118454
111097
108457
102699
113194
130847
122672
108075
131052
129556
129822
120952
119364
120272
115996
123748
128586
105946
117287
119116
129276
124683
120896
119416
113294
130453
99429
129858
115713
111684
117953
109947
105207
112899
109344
110858
100294
103073
109477
114646
131531
109525
121791
100583
112129
102272
107865
126664
121809
113203
125521
99631
117804
107761
128044
102879
102104
126262
101384
103630
119303
114231
118481
105347
131118
122732
102840
123843
124948
101452
125665
102764
109354
129368
111196
129953
124442
109146
102231
120103
116642
130543
124306
111631
100771
102979
112403
113814
131189
124700
118298
127817
111742
123162
115543
129645
113155
102973
111707
114333
113469
125863
114253
120501
125104
113827
102622
105199
115640
107239
109950
112460
128869
118806
108241
113974
111496
116873
128092
129123
114190
130895
110213
101116
110221
127858
116410
103679
100381
111228
102384
125666
107881
123962
109391
106361
109318
115648
109867
124185
128003
108973
101943
100862
109761
101297
113909
103402
102404
103756
123761
114447
129611
114136
111919
123951
116573
131017
121186
100866
110117
103732
116062
107992
102079
122254
105296
118655
124627
118967
123181
126055
122914
107318
107496
103940
109918
131015
121576
114548
108863
129555
106425
122466
125907
106174
101890
105258
117270
115878
122807
117821
127938
131946
104847
114888
107368
127786
121785
106128
103616
104846
109259
120608
111934
108554
115963
129063
115429
126816
120721
121628
118112
109670
108700
129059
118095
102921
100580
122932
116191
111762
107041
107130
107677
113192
128362
106745
119692
128150
105968
104564
110964
116815
109548
122766
124030
99503
109526
106799
113406
102788
110040
103977
102032
103885
123266
131612
122214
129986
104895
128919
101856
128532
118024
108415
102493
125557
124375
114613
119634
124251
128863
105715
114073
129793
109178
119799
107275
113071
128739
120292
124752
102716
130213
111589
115446
119761
102867
116243
122561
111599
120954
113049
112962
123828
127188
117269
101035
112986
105406
109122
105186
130304
123244
122837
114132
115629
102492
104100
125452
129938
108680
110349
105860
101775
100064
101270
132283
112633
124151
123345
104455
99995
131325
103043
107309
101370
131565
118020
125743
114654
125959
131561
124517
108301
113025
125153
113359
108634
125818
105949
128682
111326
108335
104820
112449
104838
111473
100485
111110
116686
125527
116510
119777
111563
127792
131740
125640
110959
121019
116500
101776
101129
118683
130034
112131
131851
114949
103392
114994
107280
126396
127978
117261
130077
113983
120287
102960
113703
101696
109050
126208
113878
103769
113601
123127
126857
111355
106030
127804
117402
111015
107277
119159
105443
123744
123301
118243
124033
105824
102554
123301
106967
126218
112402
108892
108502
104736
129303
102393
127100
115510
131901
105425
132251
114022
121220
102896
123356
124998
101759
123824
131587
109847
106422
105099
124789
124991
102474
112174
119543
120826
123607
110798
100024
123724
104862
105919
113298
118074
125924
104003
107917
108601
113557
125088
114853
105959
101933
114037
108237
122617
101592
108365
112179
118644
118744
118901
120518
115489
129320
113419
100854
122426
123487
116568
108474
126570
123350
128096
126168
118773
125709
102070
114273
111410
101963
115093
116346
120386
105349
114221
118370
100092
126081
126267
129457
131367
105020
122588
116446
130284
106888
126115
129284
131466
113401
115177
118502
118860
125442
114276
109360
129977
100188
124668
102912
130826
117415
121049
106404
125409
104276
127681
122022
128055
102594
108705
103173
102038
113063
111977
100550
115337
107186
106269
115627
128850
126063
114985
113219
126682
106602
119030
103971
102126
107927
102586
125810
117415
119793
107668
100779
114730
125794
114136
117150
122514
127459
102568
130232
108587
113892
116676
123269
124129
109038
125602
115059
121080
117383
125378
105433
119805
100182
116028
131639
109564
130695
131483
100800
129267
106865
122605
128533
107655
120182
99867
131412
106998
105515
106615
124241
123469
100025
101780
100899
121051
129156
109402
130531
107493
130314
123993
104880
109979
111885
129118
129014
121163
106228
111428
106480
102613
114287
99853
100972
116319
124762
112178
123855
114249
110564
104246
110424
111971
118256
131713
110505
112478
123835
131436
112771
113025
131007
122265
118225
118173
119768
101253
111592
131395
124838
107360
120077
113972
117298
121884
106551
112921
100052
113860
115991
120693
123220
129039
127318
130519
105807
108085
127774
114004
120028
119041
124123
122676
107120
99879
116291
109036
107007
123865
108180
127565
101732
119701
115740
118010
129027
124737
115967
128031
126381
101497
126261
111968
129220
100904
128466
130064
119711
130133
125322
117668
117039
115264
109172
114279
100579
103086
132366
121967
127434
109185
128130
122575
104696
117131
130087
111374
102186
127396
113227
119512
108973
105466
104496
115700
119419
121001
113492
119926
107432
101516
105461
124726
119292
115026
124117
124032
109282
113620
131131
107277
108928
117925
128570
122162
124712
102123
131125
132696
125679
100718
128419
103596
105627
124399
128528
103192
122563
111291
128100
102257
103473
123520
100200
112882
103563
130654
107398
115433
119859
114241
106961
122800
115563
129903
112709
124895
108733
110941
116559
131520
129690
131271
106640
122115
130113
125183
109278
120499
106978
109446
100235
104809
131075
101849
105706
101824
117284
126349
109072
110344
107678
121502
116696
104511
118225
109573
129834
122173
123518
115336
113788
132142
115058
126422
104600
111429
119397
